fr,dje
Ta voiture est derrière la maison,Ni mota go windo banda
Il a suivi le voleur,A na zayo gana
Les enfants sont nus,Zankey go koonu
force le,ni ma a taanu
"Bonjour, comment allez-vous aujourd'hui?","Fofo, mate no go hõ?"
Je m'appelle Ahmed et je suis enseignant.,Ay maa ti Ahmed ay go cawandi.
Le soleil se lève à l'est et se couche à l'ouest.,Wayna ga tun dandi nda ga kaŋ banandi.
J'ai mangé du riz avec de la sauce hier soir.,Ay na cerow nda ham ŋwa bi wicira.
Le Niger est un pays d'Afrique de l'Ouest.,Niger ti laabo fo Afrik waynakaŋay ra.
Il pleut beaucoup pendant la saison des pluies.,Hari ga kaŋ boobo hari jiiri waate.
Je vais au marché pour acheter des légumes.,Ay ga koy habu ra ka dumi-dumiyaŋ day.
Ma mère prépare un délicieux repas pour la famille.,Ay nya ga ŋwaari kaano hina iri windi se.
Les enfants jouent au football dans la cour de l'école.,Zankey ga bal cebe lakol batama ra.
La rivière coule du nord au sud.,Isa ga zuru ka fun hawsa ka koy gurma.
Ce livre est très intéressant et instructif.,Tira woo ga boori gumo nda ga cawandi.
Nous cultivons du mil et du sorgho dans notre champ.,Iri ga haabu nda baseyna beeri ir fari ra.
Mon frère est médecin à l'hôpital central.,Ay nya-izo ti loktor lopital beero ra.
La température est très élevée pendant la saison sèche.,Konno ga bisa jiiri koga waate.
Les femmes vont chercher de l'eau au puits.,Wayborey ga koy hari zaa day-hari guusu do.
Le vieux sage raconte des histoires aux enfants.,Aru doonko ga fillayaŋ deede zankey se.
Les étoiles brillent dans le ciel nocturne.,Handariyayzey ga nyariy beene ra cin ra.
Nous célébrons la fête de Tabaski chaque année.,Iri ga Tabaski batu jiiri kul.
L'arbre à karité donne des fruits délicieux.,Bulanga tuuri ga ize kaano hay.
Les chèvres et les moutons paissent dans la savane.,Hincin nda feejiyaŋ ga subu ŋwa saaji ra.
Je vais à l'école pour apprendre à lire et à écrire.,Ay ga koy lakol ka caw nda hantum dondon.
Le chef du village a convoqué une réunion importante.,Koyo na marga beeri ce.
Ma grand-mère connaît beaucoup de remèdes traditionnels.,Ay kaaya wande ga laakal safaari boobo bay.
Nous préparons le champ avant la saison des pluies.,Iri ga fari soolu za hari jiiri mana kaa.
Le miel est récolté dans la forêt par les apiculteurs.,Yuu-goykey ga yuu zaa saaji ra.
Le tailleur a cousu une belle tenue pour la fête.,Zaarkey na darbay hanno teji batu se.
Les nuages sombres annoncent l'arrivée de la pluie.,Buru bibi yaŋ ga cebe kaŋ hari ga timbi ka kaŋ.
Je vais au dispensaire pour consulter l'infirmier.,Ay ga koy lokotorhongu ra ka loktor kayna kubay.
Les pêcheurs lancent leurs filets dans le fleuve.,Ham-di-key ga ngi moley catu isa ra.
Nous mangeons du tô avec de la sauce baobab.,Iri ga koyra ŋwa nda ko ham.
Le chameau peut voyager longtemps sans boire d'eau.,Yo ga hin ka dira waati kuuku bila nda a ma hari haŋ.
La lune éclaire le village pendant la nuit.,Handu ga koyra kulu kaarandi cin ra.
Les oiseaux construisent leurs nids dans les arbres.,Curayzey ga ngi fitilawey cin tuurey boŋ.
Le forgeron fabrique des outils en fer pour les agriculteurs.,Guuru-goy-koy ga guuru jinay tee beeri-key se.
Nous dansons et chantons pour célébrer la récolte.,Iri ga gan nda doon ka hegay batu.
Les femmes pilent le mil pour préparer la farine.,Wayborey ga haabu yobu ka hamni soolu.
Le griot raconte l'histoire de nos ancêtres.,Gesere ga iri kaay-izey taariki deede.
Je traverse le pont pour aller au village voisin.,Ay ga bisa daba boŋ ka koy koyraa jere fa.
L'instituteur enseigne la lecture aux élèves.,Cawandi-koy ga caw dondonandi caw-jinakey se.
Le tisserand fabrique de beaux pagnes traditionnels.,Sanaa-tajikoyni ga darbay hano tajey laala alaada boŋ.
Les termites construisent de grandes termitières.,Kontom yaŋ ga kontom fu beerey cin.
La calebasse sert à puiser et à conserver l'eau.,Gaasu ga goy hari zaa nda jisi do.
Le boucher vend de la viande au marché central.,Ham neereikoy ga ham neerandi habu beero ra.
Nous utilisons des lampes à pétrole quand il n'y a pas d'électricité.,Iri ga fitilay goy waati kaŋ harikarifi si no.
Les éleveurs conduisent leurs troupeaux vers les pâturages.,Alman-kuru-juwey ga ngi almaney gurandi subu do.
Je vais au puits pour puiser de l'eau fraîche.,Ay ga koy day-hari guusu do ka hari yayna zaa.
Le guérisseur prépare des médicaments avec des plantes.,Safaari-teekoy ga safaari soolu nda tuuri-izey.
Les jeunes filles tressent leurs cheveux pour la fête.,Wandiya yaŋ ga ngi boŋhamney muktu batu se.
La saison sèche dure de novembre à mai.,Jiiri koga ga tee hando way cindi fo ka koy hando gu.
Nous plantons des arbres pour lutter contre la désertification.,Iri ga tuurey tilam ka gaa saajo gana.
Les commerçants viennent de loin pour vendre leurs marchandises.,Neereikoyey ga fun nangu mooruyaŋ ka kaa ka ngi hayey neerandi.
La radio diffuse les nouvelles en plusieurs langues.,Radio ga alhabaryaŋ salaŋ deene boobo ra.
Je fabrique des briques en terre pour construire ma maison.,Ay ga tuba kar laabo ra ka ay windi cin.
Les abeilles produisent du miel dans leurs ruches.,Yuu ga yuu tee ngi fitila ra.
La fumée s'élève au-dessus des cases du village.,Dullu ga tun fuuyaŋ boŋ koyraa ra.
Nous célébrons le mariage avec des chants et des danses.,Iri ga hiijay batu nda dooni nda gan.
Le potier façonne de belles jarres en argile.,Kosu-jinay-teekoy ga kosu kusu hanno yaŋ tee.
Les caravanes de sel traversent le désert du Ténéré.,Ciiri neereikoyey ga Tenere saajo deesi.
Le marabout enseigne le Coran aux enfants.,Alfaga ga Alkarama cawandi zankey se.
Nous récoltons le coton à la fin de la saison des pluies.,Iri ga kotone hegay hari jiiri benante ga.
Le toit de ma case est fait de paille et de bois.,Ay fuwo boŋo teendi nda subu nda bundu.
Les pintades sauvages courent dans la brousse.,Saaji kamsa yaŋ ga zuru saajey ra.
Je tresse des nattes avec des feuilles de palmier.,Ay ga taafe muku nda teenay tuuri fitey.
Les femmes vendent des galettes de mil au bord de la route.,Wayborey ga habu taasay neerandi fonda jarga.
Le conteur réunit les enfants sous le grand baobab.,Fillakoy ga zankey marga ko beeri cire.
Nous pêchons dans la mare pendant la saison sèche.,Iri ga ham di gooraa ra jiiri koga waate.
La calebasse est décorée avec de beaux motifs gravés.,Gaasu ga taalam nda hannu bii teera.
Le berger surveille son troupeau de moutons.,Almankom ga nga feejey batu.
Les termites mangent le bois de ma chaise.,Kontomey ga ay korgaa bundoo ŋwa.
Je vais à la mosquée pour la prière du vendredi.,Ay ga koy aljaama fu ra alzuma juuma se.
Les écoliers portent des uniformes bleus.,Caw-jinakey ga darbay bula bindam.
Le manioc est cultivé dans les régions plus humides.,Bankuti ga beeri nango kaŋ ganda yayna.
Nous préparons le thé en trois services.,Iri ga attaay hina sorro hinza.
Le mil est pilé dans un mortier avec un pilon.,Haabu ga yobu humbur ra nda humbur bundoo.
Les hommes construisent des greniers pour stocker les récoltes.,Arey ga nagi cinandi ka hegay jisi.
Je cherche des racines médicinales dans la brousse.,Ay ga safaari kandey ceeci saaji ra.
Le teinturier colore les tissus avec des teintures naturelles.,Sooso birji-koyo ga darbay birji nda saaji birji hari.
Nous écoutons les griots chanter les louanges des anciens.,Iri ga hangan geseserey doooney kaŋ ga don daabu ceecikey ra.
La lune est pleine pendant les nuits de Ramadan.,Handu ga too Ramadan cindi ra.
Le miel sauvage est plus foncé que le miel d'élevage.,Saaji yuu ga bi ka bisa farmi yuu.
Je plante des oignons dans mon jardin.,Ay ga albasaley dumbu ay lamba ra.
Les femmes portent des pagnes colorés lors des fêtes.,Wayborey ga taafe birjante yaŋ didim batuyaŋ waate.
Le canari garde l'eau fraîche même par temps chaud.,Kusu ga hari yaynandi baa waati konnaante ra.
Nous fabriquons des bracelets avec de l'argent.,Iri ga kabe-korbay tee nzarfu ra.
Le vétérinaire soigne les animaux malades du village.,Alman-loktor ga alman wircikooney bana koyraa ra.
Je cueille des feuilles de baobab pour la sauce.,Ay ga ko fitey zaa ham se.
Les feuilles de neem sont utilisées contre la fièvre.,Tibi fitey ga goy ga gaaham kangayan wii.
Nous préparons la bouillie de mil pour le petit-déjeuner.,Iri ga habu buusa hina susubay ŋwaari se.
Le maçon construit les murs de ma nouvelle maison.,Cinakoy ga ay windi taago cetey cin.
La petite fille aide sa mère à piler le mil.,Zanka wayo kayna ga nga nyaa gaa ka haabu yobu.
Les calebasses flottent sur l'eau de la rivière.,Gaasuyaŋ ga yulu isa hari boŋ.
Je vends des mangues fraîches au bord de la route.,Ay ga mangoo kesoo neerandi fonda jarga.
Le tailleur coud des boubous pour la fête de Tabaski.,Zaarkoy ga bagiyaŋ teji Tabaski batu se.
Nous fabriquons du savon avec de l'huile de karité.,Iri ga safuna tee bulanga ji ra.
La hyène rôde autour du village pendant la nuit.,Kooro ga yaaru koyraa windanta cin ra.
Je tresse des cordes avec des fibres de baobab.,Ay ga karfe muku nda ko fita.
Les chasseurs partent à l'aube pour traquer le gibier.,Ganjiyaŋ ga dira susubay za alaafir tun se.
Nous réparons le toit de la case avant la saison des pluies.,Iri ga fuwo boŋo hanandi za hari jiiri mana kaa.
Le vannier tresse des paniers avec des tiges de mil.,Condo teekoy ga condo muku nda haabi bundoyaŋ.
Les moutons sont sacrifiés pour la fête de Tabaski.,Feejiyaŋ ga koosandi Tabaski batu se.
Je construis une clôture autour de mon champ.,Ay ga ay faro windanta nda saaji.
Les femmes préparent le couscous de mil pour le dîner.,Wayborey ga habu cere tiini hawray ŋwaari se.
Le boucher abat le bœuf pour la grande fête.,Ham-wi-koy ga haw wi batu beero se.
Nous attendons la nouvelle lune pour commencer le Ramadan.,Iri ga handu taaga batu ka Ramadan sintina.
La sécheresse a détruit beaucoup de récoltes cette année.,Heray na hegay boobo halaci jiiri woo.
Je répare la charrette avec des outils de forgeron.,Ay ga torko nooru nda guuru-goyji jinay.
Les femmes décorent leurs mains de henné pour les fêtes.,Wayborey ga ngi kanbey taalam nda haanadaara batuyaŋ se.
Le scorpion se cache sous les pierres pendant la journée.,Dinger ga tugu tondey cire zaari ra.
Nous achetons des médicaments à la pharmacie du village.,Iri ga safaariyaŋ day koyraa safaari neera fu ra.
Le crieur public annonce les nouvelles importantes.,Baatu teekoy ga alhabari hinney feesu.
Les jeunes garçons gardent les chèvres aux pâturages.,Arwasu yaŋ ga hinciney kuru ka koy subu do.
Je prépare une infusion de feuilles de goyave contre la diarrhée.,Ay ga gooyav fitey safaari hina gundekuuru se.
La caravane de chameaux traverse le désert.,Yoyaŋ kaaroo ga saajo deesi.
Les femmes font sécher le poisson au soleil.,Wayborey ga hamey kogu wayna ra.
Le menuisier fabrique des tables et des chaises en bois.,Bundu goykoyo ga taabal nda korga yaŋ te bundu ra.
Nous célébrons la naissance d'un enfant avec une fête.,Iri ga zanka hay batu nda batu.
La houe est utilisée pour cultiver le champ.,Kuumu ga goy fari beeri se.
Je garde les moutons pendant que mon frère est à l'école.,Ay ga feejiyaŋ kuru waati kaŋ ay nya-izo go lakol.
Le miel est conservé dans des calebasses fermées.,Yuu ga jisandi gaasu daabunte yaŋ ra.
Les ânes transportent l'eau du puits au village.,Farkayaŋ ga hari zaa ka fun guusu do ka kaa koyraa ra.
Nous tressons les cheveux des filles pour la rentrée scolaire.,Iri ga wandiyayaŋ boŋhamney muktu lakol sintina waate.
Le guérisseur connaît les plantes qui guérissent la toux.,Safaari-teekoy ga tuurey bay kaŋ ga taarukumay yena.
Je répare le filet de pêche avant d'aller à la rivière.,Ay ga ham-di mole hanandi jina ya koy isa do.
Les vieux se réunissent sous l'arbre à palabres.,Aruyaŋ ga margu yaamar tuuri cire.
La sauce d'arachide accompagne bien le riz.,Dembi ham ga cerow hanse.
Nous tissons des couvertures pour les nuits fraîches.,Iri ga daabey taji fatta cin yaynayaŋ se.
Le piroguier traverse les voyageurs d'une rive à l'autre.,Hi-zurandikoy ga dirikom yaŋ zurandii ka benteŋa fa to.
Je vends des piments séchés au marché hebdomadaire.,Ay ga citta koganteyaŋ neerandi jirbiyo habu ra.
Les hommes réparent la route après les fortes pluies.,Arey ga fonda hanandi hari beero kaŋyaŋo banda ga.
La tortue se cache dans sa carapace quand elle a peur.,Kunkuni ga tugu nga kufo ra waati kaŋ a ga humbur.
Nous récoltons le miel sans tuer les abeilles.,Iri ga yuu zaa bila ka yuuyey wi.
Le nomade déplace sa tente selon les saisons.,Yaarukon ga nga huwo samba waatey bande.
Je soigne les plaies avec du beurre de karité.,Ay ga marayaŋ safaarey nda bulanga jimaandi.
Les villageois creusent un puits pour avoir de l'eau potable.,Koyra borey ga hari guusu fansi ka duu hari kaŋ ga haŋandi.
Le lion est le roi de la savane africaine.,Muusu ti saaji Afiriki koyo.
Nous fabriquons des jouets avec des matériaux de récupération.,Iri ga foola jinay tee nda jinay zeeney.
Le pêcheur jette son filet dans la rivière.,Ham-di-koy ga nga moley catu isa ra.
La sorcière est crainte par les habitants du village.,Koyraa borey ga tafa cerkow se.
Je cueille des herbes médicinales au lever du soleil.,Ay ga safaari subey kosu wayna funyaŋ waate.
Les mangues mûrissent au début de la saison des pluies.,Mangooyaŋ ga nin hari jiiri sintinayanoo ga.
Le tamarinier donne une pulpe acide utilisée en cuisine.,Tombi ga ize mormorante hay kaŋ ga goy jirbiri ra.
Nous semons les graines après les premières pluies.,Iri ga dumiyey say hari jina kaŋyaney banda ga.
Le chacal rôde près des poulaillers la nuit.,Hayla ga yaaru gorko windanta cin ra.
Je fabrique des balais avec des tiges de mil.,Ay ga fitiila tee nda haabi bundoyaŋ.
Les mauvaises herbes envahissent le champ après la pluie.,Subu lalayaŋ ga fari too hari kaŋyaŋo banda ga.
Le chameau peut porter de lourdes charges.,Yo ga hin ka jeebu tiŋayaŋ jare.
Nous préparons la pâte d'arachide pour faire la sauce.,Iri ga dembi buusa soolu ham teeyan se.
Le batteur joue du tam-tam pour la cérémonie.,Gaŋgani karko ga gaŋgaa kar batuyaŋ se.
La saison des mangues est la préférée des enfants.,Mangoo jiiri ga kan zankey se ka bisa jiiri kulu.
Je garde les poules pour avoir des œufs frais.,Ay ga gorkoyaŋ jisi ka duu tondi taagayaŋ.
Les fourmis construisent leur fourmilière près du grenier.,Nkunduyaŋ ga ngi fuwo cin nagi jarga.
Le feu de brousse détruit la végétation sèche.,Saaji nuune ga tuuri-ize koganteyaŋ halaci.
Nous utilisons l'huile de neem contre les moustiques.,Iri ga tibi ji goy bibiney gaayaney se.
Le bébé dort dans un berceau en osier.,Taana ga jirbi daaru kaŋ teendi tuuri bundu ra.
Je construis une petite digue pour irriguer mon jardin.,Ay ga bongu kayna cin ka ay lamba hari noo.
Les grenouilles croassent après la pluie.,Torey ga jinde hari kaŋyaŋo banda.
Le grand-père raconte des contes au clair de lune.,Kaaba ga fillayaŋ deede handu cini waate.
Nous regardons les étoiles filantes pendant les nuits d'été.,Iri ga handari kaalante yaŋ guna konnari jiiri waate.
La poussière rouge couvre tout pendant l'harmattan.,Bulabula ciray ga hayaa kulu daabu harmattan waate.
Je protège les semis contre les oiseaux avec un épouvantail.,Ay ga dumiyoo ga goji curaa se nda kurka.
Les termitières servent de four pour les potiers.,Kontom fuuyaŋ ga goy alforon ntakoy se.
Le boucher aiguise son couteau sur une pierre.,Ham neereikoy ga nga sandiko kanjandi tondi boŋ.
Nous conservons les graines dans des sacs en jute.,Iri ga dumiyey jisi botto ra.
Le berger siffle pour rassembler son troupeau.,Alman-koy ga fiira ka nga almaney marga.
Je répare le toit de chaume avant la saison des pluies.,Ay ga subu fuwo boŋo hanandi za hari jiiri mana kaa.
Les champs de mil s'étendent à perte de vue.,Haabi farey go nangu kulu mo si to do.
Le pilon en bois est utilisé pour écraser les épices.,Bundu humbur ga goy ka kamba duma hamyaŋ dumakul-dumakul.
Nous plaçons des pièges pour attraper les rats.,Iri ga waaro jisi ka far yaŋ di.
La vache donne du lait frais chaque matin.,Haw ga wa taaga noo susubay kulu.
Je tisse des nattes pour dormir sur le sol.,Ay ga taafe taji ga jirbi laabo boŋ.
Les femmes préparent le beurre de karité.,Wayborey ga bulanga ji soolu.
Le scorpion noir est plus dangereux que le jaune.,Dinger bibi ga laala ka bisa izo say.
Nous utilisons le karité pour soigner les gerçures.,Iri ga bulanga ji goy ga gaaham ceeri yenandi.
Le féticheur prépare des gris-gris de protection.,Cerkoy ga dabare jinay soolu gojiyaŋ se.
Je plante des arbres fruitiers dans ma concession.,Ay ga tuuri-ize yaŋ tilam ay windi ra.
L'agriculture est la principale activité économique au Niger.,Beeriyan ti alman gaa teera sintina Niger ra.
Le fleuve Niger est une source importante d'eau pour l'irrigation.,Isa Niger ti hari boro beeri fari haari nooyan se.
Les panneaux solaires sont de plus en plus utilisés dans les villages isolés.,Wayna bangay jinayyaŋ ga tonton koyraa moorantey ra.
L'université de Niamey forme des ingénieurs en informatique.,Niamey university ga ordinater goykoyey dondon.
La médecine traditionnelle utilise des plantes locales pour soigner les maladies.,Laala safaari ga tuuri-ize nangoo goy ka doori yena.
Les téléphones portables ont transformé la communication en milieu rural.,Telefon ga tee taamu deene ra saajiŋwaari nangey ra.
Le changement climatique affecte les précipitations au Sahel.,Jiiri-waate bareyaŋo ga hari kaŋyan barmay Sahel ra.
Les femmes jouent un rôle crucial dans l'économie familiale.,Wayborey goyoo ga hima windi alman ra.
L'énergie solaire est une solution durable pour les régions désertiques.,Wayna gaabi ti fondaa kaŋ ga gay saajo laabuey ra.
La vaccination des enfants est essentielle pour prévenir les maladies.,Zankey pikiri nooyaŋ ga hanse ka boori doori ganji se.
Les marchés hebdomadaires attirent des commerçants de toute la région.,Jirbi habuey ga neereikoyey cee ka fun laama kulu.
La saison des pluies dure généralement de juin à septembre.,Hari jiiroo ga tee za hando iddu ka koy hando yagga.
Le mil est la céréale la plus cultivée dans le pays.,Haabu ti dumari beeri kaŋ ga beera ka bisa laabo ra.
Les jeunes quittent souvent les villages pour chercher du travail en ville.,Zankey ga koyraa naŋ waati boobo ka goy ceeci koyraa beero ra.
L'analphabétisme reste un défi majeur dans les zones rurales.,Caw jaŋay ga tee bine hasaraw koyraa kaynayaŋ ra.
Les réseaux 4G couvrent maintenant la plupart des grandes villes.,4G jinayyaŋ ra ga koyraa beeriyo kulu daabu sohõ.
La médecine moderne et traditionnelle coexistent dans le système de santé.,Safaari taago nda laala safaari ga goy care bande gaaham baafunay goyo ra.
Le coton est exporté vers les marchés internationaux.,Kotone ga neera adduɲɲa habu beeriyo ra.
Les contes traditionnels sont transmis oralement de génération en génération.,Fillaganoo ga cabe me ra ka fun kayna ka koy kayna.
La désertification menace les terres agricoles du nord.,Saaji teeyan ga bine hasaraw fari laabu hawsa wane se.
Les écoles coraniques jouent un rôle important dans l'éducation.,Alkarama lakolo ga goy beeri te dondonyan goyo ra.
La cuisine nigérienne est connue pour ses sauces à base d'arachide.,Niger ŋwaari ga bay nga dembi ham maanaa se.
Les motos sont le moyen de transport le plus commun en ville.,Mooto ti dirakoy jinay kaŋ ga boobo beero ra.
Le paludisme reste la principale cause de mortalité infantile.,Hemar ga tee zankey buuyan dalil beeri.
Les forages permettent d'accéder à l'eau souterraine dans les zones arides.,Guusu hari fansiyan ga ŋa boro ma ganda cire hari guna saajo nangey ra.
La migration saisonnière est courante chez les éleveurs nomades.,Zaamo barmay diraw ti alman jurukoy yaŋ alaada.
Les femmes tressent des paniers en feuilles de palmier pour le marché.,Wayborey ga condo muku nda teenay tuuri fitey ka neera habu ra.
L'artisanat local est menacé par les produits importés moins chers.,Kambe jinay teeyan nangoo ga hasara jinay kaŋ ga kaa taray nda hay kayna.
Les téléphones intelligents transforment l'accès à l'information.,Telefon lakkalkoyni ga alhabar ceeciyan barmay.
Le système bancaire mobile permet d'envoyer de l'argent facilement.,Banki telefon ga naŋ boro ma nooroo samba nda faala.
Les radios communautaires diffusent des informations en langues locales.,Jama radiyo ga alhabar salaŋ deene laaley ra.
L'islam est la religion majoritaire au Niger.,Alsilaamaytaray ti addini kaŋ ga boobo Niger ra.
La dot est une tradition importante lors des mariages.,Nooru nooyaŋ ti alaada beeri hiijay waate.
Les guérisseurs traditionnels utilisent des plantes médicinales.,Safaari-teekoyey ga tuuri safaariyaŋ goy.
La mortalité maternelle a diminué grâce aux programmes de santé.,Nya buuyan ga za ga zaɲaa safaarey maanaa se.
Les jeunes apprennent des métiers par apprentissage auprès des artisans.,Zankey ga goy dondon kambe-goy-teera koyo do.
L'uranium est une ressource minérale importante pour l'économie.,Uranium ti ganda jinay beeri alman goyo se.
Les festivals culturels célèbrent la diversité ethnique du pays.,Alaada batuyaŋ ga laabo dumey boobaayaŋ batu.
La broderie est un artisanat féminin très apprécié.,Darbay birji teeyaŋ ti waybora kambe goy kaŋ ga cabe.
Les élections présidentielles ont lieu tous les cinq ans.,Laama jine boro sooluyaŋ ga tee jiiri gu kulu.
Le transport fluvial est utilisé pendant la saison des pluies.,Isa zurandiyan jinay ga goy hari jiiri waate.
Les marchés aux bestiaux sont très animés le jour du marché.,Alman habuey ga funi gumo habu zaaro ga.
La sécheresse affecte les rendements agricoles chaque année.,Heray ga fari hegay hasara jiiri kulu.
Les médicaments modernes sont souvent inaccessibles dans les villages éloignés.,Safaari taaga ga cin ka tee wa si duwandi koyraa moorantey ra.
Le thé est servi en trois services selon la tradition.,Attaay ga gaara sorro hinza alaada boŋ.
Les griots sont les gardiens de l'histoire orale.,Gesere yaŋ ti taariki deene batukoy.
L'exode rural vide les villages de leurs jeunes.,Koyraa naŋyan ka koy beero ra ga koyraa kulu zankey kaa.
Les échanges commerciaux à travers le Sahara existent depuis des siècles.,Maamala teeyaŋey kaŋ ga bisa Sahara saajoo ga no za jiiri zaŋgu booboyaŋ.
La dot se négocie entre les familles des futurs mariés.,Almahar ga sappa hiijay kooney windey game.
Les femmes portent des bijoux en or pour montrer leur statut social.,Wayborey ga wura taalam jinay didim ka ngi alhaalo cebe.
Le football est le sport le plus populaire parmi les jeunes.,Bal cebe ti foola kaŋ ga kan zankey se ka bisa ikulu.
Les motos-taxis permettent de se déplacer facilement en ville.,Mooto taksi ga naŋ boro ma dira nda faala koyraa beero ra.
La musique traditionnelle utilise des instruments comme le tam-tam et la flûte.,Baytu dooniyaŋ ga jinay dumi danga gaŋgaa nda fiiraw goy.
L'artisanat en cuir est spécialisé par certaines ethnies.,Kuuru goy ti dumey fooyaŋ goy.
Les cérémonies de mariage durent plusieurs jours.,Hiijay batuyaŋ ga gay jirbi boobo.
Le commerce transfrontalier est vital pour l'économie locale.,Maamala kaŋ ga laabo hirroo deesi ga boori nango alman goyo se.
Les écoliers portent des uniformes pour aller à l'école.,Caw-jinakey ga lakol darbay daŋ ka koy lakol.
L'huile d'arachide est utilisée pour la cuisine quotidienne.,Dembi ji ga goy zaari kulu ŋwaari hina ra.
Les tisserands créent des étoffes colorées pour les cérémonies.,Sanaa-tajikoyney ga taafe birji-birjante tee batuyaŋ se.
Le henné est appliqué sur les mains des femmes lors des fêtes.,Haanadaara ga daŋ wayborey kanbey ga batuyaŋ waate.
Les matrones assistent les femmes lors des accouchements traditionnels.,Hay-ga-koy waybora ga wayborey gaa hay zamaney waate alaada ra.
Le sorgho est utilisé pour faire la bière locale appelée 'dolo'.,Baseyna ga goy ka dolo bii.
Les bouchers vendent la viande fraîche tôt le matin.,Ham neereikoyey ga ham taazaa neerandi susubay za niine.
Les vétérinaires mobiles vaccinent le bétail dans les villages.,Alman loktor dirakoyey ga alman pikiri noo koyraa ra.
Le miel sauvage est récolté dans les forêts par des spécialistes.,Saaji yuu ga hegay saaji ra goykoy waaniyaŋ do.
Les greniers traditionnels protègent les récoltes des insectes.,Alaada nagiyaŋ ga fari hegay goji gaan-gaan kayney ga.
La télévision par satellite est de plus en plus présente dans les foyers.,Tele beene ga boobo ka tonton windey ra.
Les barrages permettent de retenir l'eau pour l'agriculture.,Bongu beeriyo ga hari gaay beeriyan goy se.
Le taux d'alphabétisation s'améliore grâce aux programmes éducatifs.,Caw bayyan ga tonton dondon safaareyo maana se.
Les médicaments traditionnels sont souvent moins chers que les médicaments modernes.,Baytu safaari hay cindi ga kacca ka bisa safaari taaga.
Les potiers fabriquent des jarres pour conserver l'eau fraîche.,Kosu-jinay-teekoyey ga kusu beeri tee ka hari yayna jisi.
L'électricité est instable dans de nombreuses régions du pays.,Harikarifi si boori laabo nangu boobey ra.
Les ordinateurs sont utilisés dans les écoles urbaines.,Ordinater ga goy koyraa beeri lakoley ra.
La médecine préventive est encouragée par les centres de santé.,Goji safaari ga ganji baafunay fuuyaŋ do.
Les enfants aident aux travaux agricoles pendant les vacances scolaires.,Zankey ga gaa fari goy ra lakol fulayaŋ waate.
Les pêcheurs utilisent des pirogues pour naviguer sur le fleuve.,Ham-di-keyey ga hi goy ka yulu isa boŋ.
La cuisine se fait traditionnellement au feu de bois.,Ŋwaari hinayan ga tee tuuri nuune boŋ alaada ra.
Les tontines permettent aux femmes d'épargner et d'investir.,Noorujisi margu ga naŋ wayborey ma nooru jisi nda goyyaŋ fur.
Les réfugiés climatiques migrent vers les villes.,Jiiri-waate yadda kaykoyey ga koy koyraa beeriyo ra.
Le bétail est une forme de richesse et de prestige social.,Almaney ti nooru nda beeray fondo.
La coopération internationale finance des projets de développement.,Laabey care gaa teera ga noorujisi koy tontoni safaarey se.
Les téléphones solaires sont pratiques dans les zones sans électricité.,Wayna telefon ga boori nango kaŋ harikarifi si no.
La musique moderne intègre des éléments traditionnels.,Dooni taaga ga alaada jinay dam nga ra.
Les mariages arrangés sont encore pratiqués dans certaines communautés.,Hiijay kaŋ windey ga sombu ga tee hala sohõ jama fooyaŋ do.
Les jeunes apprennent l'informatique pour trouver du travail.,Arwasey ga ordinater dondon ka goy ceeci.
La pollution plastique est un problème croissant dans les villes.,Plastik ziibi ga tonton ka tee masiiba koyraa beeriyo ra.
Les fêtes religieuses rythment le calendrier annuel.,Addini batuyaŋ ga jiiroo waatey kayandi.
L'irrigation goutte-à-goutte économise l'eau dans les jardins.,Tooni-tooni hari nooyaŋ ga hari jisi lamba goyo ra.
Les enfants ramassent du bois pour le feu de cuisine.,Zankey ga tuuri kuuku kosu nuune te jirbiri se.
La radio nationale diffuse des informations en plusieurs langues.,Laama radiyo ga alhabar salaŋ deene booboyaŋ ra.
Les téléphones portables servent aussi de lampes torches la nuit.,Telefon ga goy mo ka koy danga fitilla cin ra.
Les commerçants voyagent loin pour acheter des marchandises.,Neereikoyey ga dira nango mooroyaŋ ka maamala jinay day.
L'examen du baccalauréat est important pour accéder à l'université.,Bacaloreya kaa-kabu ga hima hala boro ma university ra dam.
La saison sèche est propice à la construction des maisons.,Jiiri koga waate ga boori windi cinayaney se.
Les femmes vendent des légumes qu'elles cultivent dans leurs jardins.,Wayborey ga dumari kaŋ i na beeri ngi lambaa ra neera.
Le couscous de mil est un plat traditionnel apprécié.,Habu cere ti alaada ŋwaari kaŋ boori gumo.
Les bijoutiers fabriquent des parures en argent et en or.,Taalam-tee-koyey ga nzarfu nda wura jinay tee.
Les mécaniciens réparent motos et voitures dans les ateliers de rue.,Mooto nda mootomobil hanandi-koyey ga goy fonda meyo ga.
Les marchés de nuit sont populaires pendant le ramadan.,Cin habuey ga cabe gumo Ramadan waate.
Les bibliothèques mobiles apportent des livres dans les villages.,Tira-jisi-fu dirakoyey ga tirayaŋ sambu ka koy koyraa ra.
La danse traditionnelle est enseignée aux jeunes générations.,Baytu ganoo ga cawandi arwasu taagey se.
Les plantes médicinales sont cueillies à des moments précis de l'année.,Safaari tuurey ga kosu jiiri waati follokuney ra.
Le commerce en ligne commence à se développer dans les grandes villes.,Internet maamala ga tun koyraa beeriyo ra.
Les cordonniers réparent chaussures et selles de chameaux.,Taame hanandi-koyey ga taama nda yo gooro hanandi.
Les nattes tissées servent de lit et de siège dans les maisons traditionnelles.,Taafe tajante ga goy daari nda goro jinay alaada windey ra.
Le tourisme est peu développé malgré les potentialités.,Yaw diraw mana boobo hal'a ma gonda dabari.
Les champs sont surveillés contre les animaux sauvages.,Farey ga batandi saaji almaney ga.
La planification familiale est encouragée par les services de santé.,Windi zankey lasaabu ga ganji safaari fuuyaŋ do.
Les teinturiers colorent les tissus avec des pigments naturels et chimiques.,Birji-koyey ga taafe birji nda saaji nda chimie birji.
Les étudiants rêvent de poursuivre leurs études à l'étranger.,Caw-koy beerey ga bine daŋ ngi cawey gaabu taraylaabo ra.
Les agents de santé communautaires font de la sensibilisation dans les villages.,Jama baafunay goykoyey ga fahami noo koyraa ra.
"La dot comprend souvent du bétail, des vêtements et de l'argent.","Almahar ra ga tee alman, darbay nda nooru."
Les réunions villageoises se tiennent sous l'arbre à palabres.,Koyraa margayaŋ ga tee yaamar tuuri cire.
Les puits traditionnels sont creusés à la main.,Baytu day-hari guusuyaŋ ga fansi nda kabe.
La vaccination du bétail protège contre les épidémies.,Alman pikiri nooyan ga goji wircitaray ga.
Les jeunes créent des petites entreprises pour gagner leur vie.,Arwasey ga goyyaŋ kayna sintini ka ngey boori.
La moto est devenue un moyen de transport essentiel.,Mooto ga tee diraw jinay kaŋ ga hima gumo.
Les marchés aux légumes sont très animés tôt le matin.,Dumari habu ga funi gumo susubay za nango si bo.
Les récits traditionnels sont racontés autour du feu le soir.,Baytu fillayaŋ ga deede nuune windanta wicira.
Les agents de vulgarisation agricole conseillent les fermiers.,Fari goy dondonandikoyey ga beeri-keyey saaware.
Les marabouts pratiquent la divination et les guérisons spirituelles.,Alfagey ga gunandi nda bine safaarey te.
La couture est enseignée aux jeunes filles dans les centres de formation.,Zaama-darbay teji ga cawandi wandiiya yaŋ se dondon fuuyaŋ ra.
Le mariage précoce des filles est combattu par les associations.,Wandiyayaŋ hiija waati kayna ga wamandi margu-koyey do.
Les téléphones mobiles permettent les transferts d'argent instantanés.,Telefon ga naŋ nooru ma samba tanba waate.
Les herboristes connaissent les propriétés de chaque plante.,Safaari subu baykoyyaŋ ga tuuri foo kulu nafaw bay.
Les transporteurs acheminent les marchandises des ports aux marchés intérieurs.,Jeebo-koyey ga maamala jinay sambu ka fun teeku me ka koy habu kuray.
Les animateurs radio sensibilisent sur les questions de santé.,Radiyo feesukey ga fahami noo baafunay boŋ.
Les centres de santé manquent souvent de médicaments essentiels.,Baafunay fuuyaŋ ra safaari boobey ga jaŋ.
Le mil germé sert à préparer la bière traditionnelle.,Haabi zeeney ga goy ka dolo bii baytu ra.
Les vendeurs ambulants proposent leurs produits dans les rues.,Neereikoy yaaru-koyey ga ngi jinayey neerandi fondey boŋ.
Les forgerons fabriquent des outils agricoles en métal.,Guuru-goy-koyey ga guuru fari goy jinay tee.
La sécheresse pousse les éleveurs à migrer vers le sud.,Heray ga alman-jurukoyey gana ka dira ka koy gurma.
Les jeunes utilisent les réseaux sociaux sur leurs téléphones.,Arwasey ga jama deene goyyaŋ goy ngi telefoney boŋ.
Les moulins à grain motorisés facilitent le travail des femmes.,Motor dumari fusey ga wayborey goy faalandi.
Les cases traditionnelles sont construites en banco et recouvertes de paille.,Baytu fuuyaŋ ga cina nda tuba ka dabu nda subu.
La migration saisonnière vers les villes est courante pendant la saison sèche.,Koyraa beeri diraw zaamo waate ga boobo jiiri koga ra.
Les médicaments périmés constituent un problème de santé publique.,Safaari zeeno ga tee bine hasaraw jama baafunay se.
Les chasseurs connaissent parfaitement la faune locale.,Ganjiyaŋ ga nango alman gandoo bay ka timme.
Les commerçants utilisent des camions pour transporter leurs marchandises.,Neereikoyey ga kamiyoŋ goy ka ngi maamala jinay jeebe.
L'école coranique commence dès l'âge de cinq ans.,Alkarama lakol ga sintin za jiiri gu ga.
Les associations féminines organisent des activités génératrices de revenus.,Waybora margayaŋ ga nooru windiriyaŋ goy soolu.
La couverture réseau mobile s'étend progressivement aux zones rurales.,Telefon diraawo ga tonton ka huru saaji koyraa ra.
Les enfants apprennent à cultiver en aidant leurs parents.,Zankey ga beeriyan dondon za i ga ngi hayragey gaa.
Le palmier doum fournit des feuilles pour la vannerie.,Teenay tuuri ga fita noo ka condo muktu se.
Les fêtes traditionnelles renforcent la cohésion sociale.,Alaada batuyaŋ ga jama margarey gaabandi.
Les petits barrages permettent de retenir l'eau pour le bétail.,Bongu kayneyaŋ ga hari gaay almaney se.
Les maisons modernes en ciment remplacent progressivement les cases en banco.,Windi taaagey kaŋ ga cina nda siminti ga tuba fuuyaŋ barmay barmay.
Les entreprises de construction emploient de nombreux jeunes.,Windi cinakey goyo ga arwasuyaŋ boobo sambu.
Le beurre de karité est exporté vers l'Europe.,Bulanga ji ga neera ka koy Erope ra.
Les tailleurs sont très sollicités avant les grandes fêtes.,Zaarkoyey ga ceeci gumo batu beeri jine.
Les pompes à eau manuelles sont installées dans les villages.,Hari funandi jinay kanbante ga sinji koyraa ra.
Les plantes médicinales sont séchées avant utilisation.,Safaari tuurey ga kogsandi jina goyo jine.
Les panneaux solaires alimentent les antennes relais des opérateurs téléphoniques.,Wayna bangay jinayyaŋ ga telefon kompaniyaŋ antenyaŋ gaabi noo.
Les écoliers marchent souvent plusieurs kilomètres pour atteindre l'école.,Caw-jinakey ga taabu ka dira kilomeetar boobo ka koy lakol.
Le sable du désert envahit progressivement les terres cultivables.,Saajo labu ga koy ka fari laabuyaŋ daabu barmay-barmay.
Les boutiques solaires permettent de recharger les téléphones dans les villages.,Wayna carga neera fuuyaŋ ga naŋ telefon ma carga koyraa ra.
La médecine traditionnelle est transmise de génération en génération.,Baytu safaari ga cabe kayna nda kayna game.
Les femmes pilent le mil tous les matins pour préparer le repas.,Wayborey ga haabu yobu susubay kulu ka ŋwaari soolu.
L'eau bout à 100 degrés Celsius.,Hari ga tun derey zangu celsius.
La photosynthèse est un processus biologique.,Photosynthèse manayan biyoloji no.
"Les atomes sont composés de protons, neutrons et électrons.","Atom ga te nda proton, neutron nda elektron."
La gravité est une force d'attraction entre les masses.,Gravité manti cendi gaabi kaŋ ga massif cendi.
L'électricité circule dans les fils conducteurs.,Elektrisité ga dira šilli kondükter ra.
Le microscope permet d'observer les cellules.,Mikroskop ga naŋ boro ma cellule guna.
L'ADN contient notre information génétique.,ADN ga iri genetik bayrandey gaabu.
La vaccination protège contre les maladies.,Vaksinasyon ga boro jejebu wirci se.
Les planètes tournent autour du soleil.,Planet yaŋ ga waynoo kuryandi.
L'énergie solaire est une énergie renouvelable.,Waynoo enerži manti enerži kaŋ ga hin ka yenandi.
Les ordinateurs utilisent des algorithmes pour résoudre des problèmes.,Ordinater ga algoritm goy ka šenday feeri.
Le télescope Hubble observe l'espace lointain.,Teleskop Hubble ga beene gorodoo mooro guna.
La chimie étudie les transformations de la matière.,Šimi ga hayey barmayan caw.
Les bactéries peuvent être bénéfiques ou nuisibles.,Bakteriya ga hin ka boori wala ka laala.
La vitesse de la lumière est de 300 000 km/s.,Gaay cahãri ga ti kilomeetar 300 000 segond fo ra.
L'oxygène est essentiel à la respiration.,Oksižen ga tilasu hunanzamay se.
Le cerveau contrôle toutes les fonctions du corps.,Lakkal ga gaabu gaa-ham goyey kul.
La pression atmosphérique diminue avec l'altitude.,Atmosfer pressure ga kayna nda beene koyo.
Les fossiles sont des restes d'organismes préservés.,Fosil ti hayey jinawey kaŋ cindi kaŋ ga goro.
Les réactions chimiques libèrent ou absorbent de l'énergie.,Reakcion šimi yaŋ ga enerži taŋ wala ka enerži sambu.
Les cellules se divisent pour se reproduire.,Cellule yaŋ ga fay ka tonton.
La force est le produit de la masse par l'accélération.,Gaabi ga hun massa nda cahãri tontoni ra.
Les virus infectent les cellules pour se multiplier.,Virus yaŋ ga cellule yaŋ dam ka tonton.
L'équation E=mc² relie l'énergie à la masse.,Ekwasyon E=mc² ga enerži nda massa cendi cere ga.
Le système digestif transforme les aliments en nutriments.,Sistem gaahunam ŋwaari barmay nutriment ra.
Les satellites orbitent autour de la Terre.,Satelit yaŋ ga laboo kuryandi.
L'évolution explique la diversité des espèces.,Evolisyon ga dumi dumi-dumiyaŋ feeri.
La météorologie prédit les conditions atmosphériques.,Meteoloži ga atmosfer takari konnandi.
Les ondes radio transportent de l'information.,Radio onde yaŋ ga alhabar zaa ka koy.
La masse volumique est le rapport de la masse au volume.,Massa nda volume ga kaymanten feeri.
La tectonique des plaques explique les mouvements de la croûte terrestre.,Tektonik plak ga laboo kunga dirawey feeri.
Les anticorps combattent les agents pathogènes.,Antikor yaŋ ga wirci teekey tangam.
Le son voyage plus lentement que la lumière.,Jinde ga dira susumante nda gaay.
Les nutriments sont absorbés dans le sang.,Nutriment yaŋ ga huru kuri ra.
L'inertie est la résistance au changement de mouvement.,Inersi ga ti ganji kaŋ ga dira barmay.
La mitose est un processus de division cellulaire.,Mitoz manti cellule fayyan prosede.
La couche d'ozone protège la Terre des rayons ultraviolets.,Ozon kunga ga laboo jejebu ultraviole šiney ga.
Les hormones régulent les fonctions du corps.,Ormon yaŋ ga gaaham goyey kayandi.
Le pH mesure l'acidité ou la basicité d'une solution.,pH ga solution acidité wala basicité neeši.
La fusion nucléaire produit l'énergie du soleil.,Fisyon nikleeer ga waynoo enerži tee.
Les plantes absorbent le dioxyde de carbone et libèrent de l'oxygène.,Tuuri yaŋ ga dioksid karbon sambu ka oksižen taŋ.
L'écosystème est l'ensemble des êtres vivants et leur environnement.,Ekosistem ga ti hundikoyey nda ngi gorodogoo kul margante.
La température est une mesure de l'énergie cinétique des molécules.,Konni ga ti molekil yaŋ dirawey enerži neeši.
Les synapses permettent la transmission des signaux nerveux.,Sinaps ga naŋ nerve šinney ma bisa.
Le génome est l'ensemble du matériel génétique d'un organisme.,Genom ga ti hundikoy fo genetik jinawey kul.
Les lasers produisent des faisceaux de lumière cohérente.,Laser ga gaay fiti-fiti kaŋ ga sawa tee.
La résistance électrique est mesurée en ohms.,Elektrik ganji ga neeši nda ohm.
L'écholocation permet aux chauves-souris de naviguer dans l'obscurité.,Ekolokasyon ga naŋ faarey ma dira kubay ra.
Les allergies sont des réactions excessives du système immunitaire.,Alerži yaŋ ga ti reaksyon gaabantey sistem tangam ra.
La fibre optique transporte les données sous forme de lumière.,Fibr optik ga bayhaya zaa ka koy nda gaay.
La théorie de la relativité a été proposée par Einstein.,Teoriya relativité Einstein ka kate a.
L'énergie mécanique est la somme de l'énergie cinétique et potentielle.,Enerži mekanik ga ti enerži cinetik nda potansyel margante.
La chlorophylle capte l'énergie lumineuse pour la photosynthèse.,Klorofil ga gaay enerži dii photosynthèse se.
Les électrons circulent dans les circuits électroniques.,Elektron yaŋ ga dira šilli elektronik ra.
La radioactivité est l'émission spontanée de rayonnements.,Radyoaktivité ga ti šini taŋyan kaŋ si hantum.
L'hémoglobine transporte l'oxygène dans le sang.,Emoglobin ga oksižen zaa ka koy kuri ra.
La gravitation universelle attire tous les objets les uns vers les autres.,Gravitasyon iniversel ga jinay kul cendi cere ga.
Le tableau périodique classe les éléments chimiques.,Tablo peryodik ga element šimi yaŋ fay-fay.
Les enzymes accélèrent les réactions biochimiques.,Enzim yaŋ ga reaksyon byošimi cahãndi.
L'épigénétique étudie les modifications de l'expression des gènes.,Epiženetik ga žen bangayyan barmayan caw.
La diffraction est la déviation des ondes autour d'un obstacle.,Difrakšon ga ti onde gorodoo barmayan jinay fo jine.
Les transistors sont les composants de base des circuits intégrés.,Transistor yaŋ ga ti šilli entegre jina bebeerey.
La photosynthèse transforme l'énergie lumineuse en énergie chimique.,Fotosintez ga gaay enerži barmay enerži šimi ra.
La tectonique explique la formation des montagnes.,Tektonik ga tondi beerey teeyan feeri.
Le carbone est l'élément de base de la chimie organique.,Karbon ga ti element beberi šimi organik ra.
L'effet de serre maintient la température de la Terre.,Effet serre ga laboo konni gaabu.
La pression est une force par unité de surface.,Presyon ga ti gaabi kunga fo boŋ.
Les rayons X permettent de voir à travers les tissus mous.,Rayoŋ X ga naŋ boro ma guna gaaham hamey bande.
La cellule est l'unité de base de tout être vivant.,Cellule ga ti hundikoy kul sintina jinaa.
Les isotopes sont des atomes avec un nombre différent de neutrons.,Izotop yaŋ ga ti atom kaŋ gonda neutron hinna dumi-dumi.
La tension électrique est mesurée en volts.,Elektrik tension ga neeši nda volt.
La fission nucléaire libère une grande quantité d'énergie.,Fisyon nikleeer ga enerži boobo taŋ.
L'ADN polymérase réplique l'ADN lors de la division cellulaire.,ADN polimeraz ga ADN willandi cellule fayyan waate.
Les ondes électromagnétiques se propagent dans le vide.,Onde elektromagnetik yaŋ ga dira guuru ra.
La réfraction est la déviation de la lumière à l'interface de deux milieux.,Refrakšon ga ti gaay gorodoo barmayan kunga hinka game.
Les mutations génétiques peuvent être bénéfiques ou néfastes.,Ženetik mutasyon yaŋ ga hin ka boori wala ka laala.
Le système endocrinien régule les hormones.,Sistem endokrin ga ormon yaŋ kayandi.
Les semi-conducteurs sont à la base de l'électronique moderne.,Semi-kondükter yaŋ ga ti elektronik zamana sintinaa.
La polymérisation est l'assemblage de monomères en chaînes.,Polimerizasyon ga ti monomeer šilley margayan.
"La loi d'Ohm relie la tension, l'intensité et la résistance.","Ohm ašariya ga tension, intensité nda resistance cendi cere ga."
Les acides nucléiques stockent l'information génétique.,Asid nikleik yaŋ ga ženetik alhabar gaabu.
L'accélération est le taux de changement de la vitesse.,Akselerasyon ga ti cahãri barmayan adadu.
La cristallisation est le passage de l'état liquide à l'état solide.,Kristalizasyon ga ti hari barmaayan tondi.
Les protéines sont composées d'acides aminés.,Proteyin yaŋ ga te nda asid aminé.
Les neurones transmettent les influx nerveux.,Neuron yaŋ ga nerve influx yaŋ bisandi.
La thermodynamique étudie les transferts d'énergie.,Termodinamik ga enerži bisayan caw.
Les équations différentielles modélisent de nombreux phénomènes physiques.,Ekwasyon diferansyel yaŋ ga fizik takari booboyaŋ fee.
La symbiose est une association bénéfique entre deux organismes.,Simbyoz ga ti hundikoy hinka game margayan boori.
L'immunité est la capacité de l'organisme à se défendre contre les infections.,Iminité ga ti gaaham hina ka nga boŋ jejebu wirci se.
"Le spectre électromagnétique comprend les rayons gamma, X, UV, la lumière visible, l'infrarouge et les ondes radio.","Spektr elektromagnetik ga gaabu gamma šini, šini X, UV, gaay gundante, enfaruž nda radio onde."
La dérive génétique est un mécanisme de l'évolution.,Ženetik deriv ga ti mekanizm evolisyon ra.
La membrane cellulaire contrôle les échanges avec l'extérieur.,Cellule membran ga banda bisa-bisayan kayandi.
"L'accélération de la pesanteur est d'environ 9,8 m/s² sur Terre.","Akselerasyon pesantor ga man mettar 9,8 segond hinka ra laboo boŋ."
Le cycle de Krebs produit de l'énergie dans les mitochondries.,Sikl Krebs ga enerži tee mitokondri ra.
Les puces électroniques contiennent des millions de transistors.,Pis elektronik yaŋ ga transistor milyon marge.
La tension superficielle fait flotter certains insectes sur l'eau.,Tension siperfisyel ga naŋ ganda-koyey fooyaŋ ma hari boŋ dira.
Les neurotransmetteurs permettent la communication entre neurones.,Neurotransmetër yaŋ ga naŋ neuron yaŋ ma šelaŋ cere se.
La pression osmotique régule les échanges d'eau dans les cellules.,Presyon osmotik ga hari bisa-bisayan kayandi cellule ra.
La taxonomie classe les organismes vivants.,Taksonomi ga hundikoyey fay-fay.
L'effet Doppler explique le changement de fréquence d'une onde perçue.,Efet Doppler ga onde frekans barmayan feeri.
La capillarité permet l'ascension de l'eau dans les plantes.,Kapilarité ga naŋ hari ma žigi tuurey ra.
La molécule d'eau est composée d'un atome d'oxygène et deux d'hydrogène.,Hari molekul ga te nda oksižen atom fo nda idružen atom hinka.
L'électrolyse décompose l'eau en hydrogène et oxygène.,Elektroliz ga hari fay idružen nda oksižen ra.
Les anticorps sont produits par les lymphocytes B.,Antikor yaŋ ga tee lenfosit B yaŋ do.
La loi de conservation de l'énergie stipule que l'énergie ne peut être ni créée ni détruite.,Enerži gaabuyan ašariya ga nee kaŋ enerži si hin ka tee wala ka halaci.
Les liaisons chimiques unissent les atomes en molécules.,Šimi margayan yaŋ ga atom yaŋ marga molekul ra.
La théorie du Big Bang explique l'origine de l'univers.,Teoriya Big Bang ga aduɲɲa sintinaa feeri.
L'entropie mesure le désordre d'un système.,Entropi ga sistem barmayyan neeši.
Le système nerveux central comprend le cerveau et la moelle épinière.,Sistem nerve sentral ga gaabu lakkal nda moyeleptik.
L'évaporation est le passage de l'état liquide à l'état gazeux.,Evaporasyon ga ti hari barmaayan dulla.
La résistance à l'insuline est associée au diabète de type 2.,Ensilin ganjayan ga diabete tip 2 marga.
Les fermentations transforment les sucres en alcool ou en acides.,Fermantasyon yaŋ ga sukari barmay alko wala asid ra.
L'ARN messager transporte l'information génétique de l'ADN aux ribosomes.,ARN mesaže ga ženetik alhabar zaa ADN ga ka koy ribozom do.
La condensation est le passage de l'état gazeux à l'état liquide.,Kondensasyon ga ti dulla barmaayan hari.
La photovoltaïque transforme la lumière en électricité.,Fotovolta ga gaay barmay elektrisité ra.
La mitochondrie est la centrale énergétique de la cellule.,Mitokondri ga ti cellule enerži sentral.
La pression artérielle est la force exercée par le sang sur les parois des vaisseaux.,Kuri presyon ga ti gaabi kaŋ kuri ga tee kuri gorodoo kunga boŋ.
Les lipides sont des molécules hydrophobes essentielles pour les cellules.,Lipid yaŋ ga ti molekul yaŋ kaŋ si ba hari kaŋ ga tilasu cellule yaŋ se.
L'acide désoxyribonucléique (ADN) est le support de l'information génétique.,Asid dezoksiribonukleik (ADN) ga ti ženetik alhabar gaabukoy.
La réaction en chaîne par polymérase (PCR) amplifie l'ADN.,Reaksyon šilli polimeraz (PCR) ga ADN tonton.
Les failles géologiques sont des ruptures dans les roches terrestres.,Žeoloji fay ga ti laboo tondi dunbu.
La diffusion facilite le transport des molécules dans les cellules.,Difizyon ga molekul zaarukoy cellule ra faalandi.
Les ondes sismiques se propagent lors d'un tremblement de terre.,Onde sismik yaŋ ga dira laboo zinjiyyan ra.
Le système limbique est impliqué dans les émotions.,Sistem limbik ga bara miiley ra.
La théorie des cordes tente d'unifier la physique quantique et la relativité générale.,Teoriya kordiya ga ceeci ka fizik kantik nda relativite ženerala marga.
La tension artérielle est la pression du sang dans les artères.,Kuri tension ga ti kuri presyon kuri gorodoo ra.
Les réacteurs nucléaires produisent de l'électricité par fission.,Reaktër nikleeer yaŋ ga elektrisité tee nda fisyon.
L'épigenèse est le développement embryonnaire à partir d'une cellule unique.,Epiženeez ga ti embriyoŋ teeyan kaŋ ga sintin cellule follonka.
La viscosité mesure la résistance d'un fluide à l'écoulement.,Viskozité ga yalayan gazuyan neeši.
Les rayons cosmiques sont des particules hautement énergétiques venant de l'espace.,Rayoŋ kosmik yaŋ ga ti dunderfu kaŋ gonda enerži beeri kaŋ ga hun beene.
La pression osmotique régule les échanges d'eau entre les cellules.,Presyon osmotik ga hari bisa-bisayan kayandi cellule game.
La méiose est un type de division cellulaire qui produit des gamètes.,Meyoz ga ti cellule fayyan dumi kaŋ ga gamet tee.
L'endocytose permet l'entrée de substances dans la cellule.,Endositoz ga naŋ jinay yaŋ ma huru cellule ra.
La conductivité thermique mesure la capacité d'un matériau à conduire la chaleur.,Kondüktivité termik ga jinay konni zaa-hinayan neeši.
L'ARN de transfert apporte les acides aminés aux ribosomes.,ARN transfer ga asid aminé zaa ka koy ribozom do.
La tomodensitométrie utilise les rayons X pour créer des images en 3D.,Tomadensitometri ga rayoŋ X goy ka foto 3D tee.
Les neutrinos sont des particules élémentaires très difficiles à détecter.,Neutrino yaŋ ga ti dunderfu elementeer kaŋ ga šendi boro ma hin ka dii.
La mélanine est le pigment qui donne la couleur à la peau et aux cheveux.,Melanin ga ti nooni kaŋ ga kuuru nda boŋ hamni nooni noo.
La loi de Coulomb décrit les interactions entre charges électriques.,Koulomb ašariya ga elektrik šarž yaŋ game cere teeyan feeri.
L'effet photoélectrique est l'émission d'électrons par un matériau exposé à la lumière.,Effet fotoelektrik ga ti elektron taŋ jinay kaŋ diirandi nda gaay ra.
Les systèmes binaires sont à la base de l'informatique.,Sistem bineerri yaŋ ga ti enformatik sintinaa.
La reproduction asexuée ne nécessite qu'un seul parent.,Hayyan kaŋ si huru si hayyan ize si ga baa só affoo.
La pression hydrostatique augmente avec la profondeur.,Presyon idrostatik ga tonton nda gušayan.
La bioéthique étudie les questions éthiques liées aux avancées biologiques.,Byoetik ga hãayan kaŋ ga šerre ceeci kaŋ ga nda biyoloži koyyan margante.
Les mémoires RAM sont volatiles et perdent leurs données sans alimentation.,Memwar RAM ga dere nda a dira kaŋ ga nga bayhayey mursu bila elektrik.
La spectroscopie analyse la lumière pour identifier des substances.,Spektroskopi ga gaay fesu ka jinay šillandi.
La théorie cellulaire stipule que tous les organismes sont composés de cellules.,Teoriya cellulaire ga nee kaŋ hundikoy kul ga te nda cellule yaŋ.
Les acides aminés sont les unités de base des protéines.,Asid aminé yaŋ ga ti protein sintina jinay.
La photosynthèse capture l'énergie solaire pour synthétiser des glucides.,Fotosintez ga waynoo enerži dii ka sukari tee.
La catalyse accélère les réactions chimiques sans être consommée.,Kataliz ga reaksyon šimi cahãndi bila ka ngi hun.
La chiralité est la propriété d'un objet non superposable à son image miroir.,Širalité ga ti jinay taka kaŋ si hin ka nga diji bisa.
La vision binoculaire permet la perception de la profondeur.,Moɲaakaaray binokular ga naŋ boro ma gušayan dii.
Les neurones sont les cellules spécialisées du système nerveux.,Neuron yaŋ ga ti cellule šelikelante sistem nerve ra.
L'arthrose est une dégénérescence du cartilage articulaire.,Artroz ga ti kosaray kartilage laalaayan.
La biotechnologie utilise des organismes vivants pour développer des produits.,Byoteknolži ga hundikoy goy ka jinay tee.
La force de Coriolis est due à la rotation de la Terre.,Koriolos gaabi ga hun laboo kuryayan ra.
L'hémophilie est une maladie génétique affectant la coagulation du sang.,Emofili ga ti wirci ženetik kaŋ ga kuri dumbayan fasal.
Les superconducteurs n'offrent aucune résistance au courant électrique.,Superkondikter yaŋ si ganji kul noo elektrik courant se.
La tectonique des plaques explique les tremblements de terre.,Tektonik plak ga laboo njinji-njinjiyey feeri.
La photosynthèse est plus efficace sous certaines longueurs d'onde de lumière.,Fotosintez ga boori gaay ba fookoy dumi fooyaŋ cire.
Les bactéries peuvent développer une résistance aux antibiotiques.,Bakteri yaŋ ga hin ka antbiyotik ganjiyaŋ tee.
La sublimation est le passage direct de l'état solide à l'état gazeux.,Siblimasyon ga ti gindey doguyan kaŋ ga te dulla waati follonka.
Les cellules souches peuvent se différencier en plusieurs types cellulaires.,Cellule šoos yaŋ ga hin ka bara cellule dumi booboyaŋ.
La pression partielle des gaz influence les échanges respiratoires.,Gaz presyon parsyel ga hunanzamay bisayan barmay.
L'homéostasie maintient l'équilibre interne du corps.,Omeostazi ga gaaham kunehere alkadar gaabu.
La génétique étudie la transmission des caractères héréditaires.,Ženetik ga alaada bisayan caw.
Les nanotechnologies manipulent la matière à l'échelle nanométrique.,Nanotechnologi ga jinay kuna nanometr kunga ra.
Les enzymes digestives décomposent les aliments en nutriments.,Enzim gaahunam yaŋ ga ŋwaari fay nutriment ra.
La conduction thermique est le transfert de chaleur par contact direct.,Konni kondüksyon ga ti konni bisayan kaŋ ga tee nda meeyan.
La résonance magnétique nucléaire analyse la structure moléculaire.,Resonans magnetik nukleeer ga molekul kayandoo feeri.
Les vaccins stimulent le système immunitaire pour prévenir les maladies.,Vaksiŋ yaŋ ga sistem iminiteer tunandi ka wirci ganji.
La métabolisation des médicaments se fait principalement dans le foie.,Safar barmayan ga tee tašina ra.
Les centrales hydroélectriques transforment l'énergie de l'eau en électricité.,Sentral idroelektrik yaŋ ga hari enerži barmay elektrisité ra.
La théorie quantique décrit le comportement des particules subatomiques.,Teoriya kantik ga dunderfu subatomik teeyan feeri.
Les gènes sont des segments d'ADN qui codent pour des protéines.,Žen yaŋ ga ti ADN fari yaŋ kaŋ ga protein šilbay tee.
La biodiversité désigne la variété des espèces vivantes sur Terre.,Biyodiversite ga ti hundikoy dumi-dumiyaŋ laboo boŋ.
La loi de la gravitation universelle a été formulée par Newton.,Gravitasyon universel ašariya Newton ka tee a.
Les algorithmes sont des séquences d'instructions pour résoudre un problème.,Algoritm yaŋ ga ti yaamar šilli yaŋ ka šenda feeri.
La géothermie exploite la chaleur interne de la Terre.,Žeotermi ga laboo kunehere konni goy.
L'apoptose est la mort cellulaire programmée.,Apoptoz ga ti cellule buuyan kaŋ ga hantumandi.
Les liaisons hydrogène sont cruciales pour la structure de l'ADN.,Idružen margayan yaŋ ga tilasu ADN kayandoo se.
La radiocarbone permet de dater les objets organiques anciens.,Radyokarbon ga naŋ boro ma organik jinay žeenawey žirma bay.
Les cristaux liquides sont utilisés dans les écrans LCD.,Kristal yalante yaŋ ga goy ekran LCD ra.
La théorie de l'évolution explique la diversification des espèces au fil du temps.,Evolisyon teoriya ga dumi-dumiyaŋ waati tontoniyan feeri.
Les neurotransmetteurs sont des messagers chimiques du système nerveux.,Neurotransmetër yaŋ ga ti sistem nerve šimi mesažeer.
L'ionisation est la perte ou le gain d'électrons par un atome.,Yonizasyon ga ti atom elektron muršuyan wala diiyan.
La conductivité électrique mesure la facilité avec laquelle un courant circule.,Elektrik kondüktivité ga elektrik courant dirayan booriyan neeši.
Les cellules souches pluripotentes peuvent se différencier en plusieurs types cellulaires.,Cellule šoos pluripotent yaŋ ga hin ka cellule dumi boobo te.
La polarisation est l'orientation des ondes électromagnétiques dans une direction.,Polarizasyon ga ti onde elektromagnetik jineyan gorodoo fo ra.
L'absorption des nutriments se fait principalement dans l'intestin grêle.,Nutrimen diiyan ga tee tašina ra.
Les fréquences d'ondes radio sont mesurées en hertz.,Radio onde frekans yaŋ ga neeši nda hertz.
La conservation de la quantité de mouvement est un principe fondamental de la physique.,Dira adadu gaabuyan ga ti fizik sintina alhukum.
Les lipides sont des composés organiques insolubles dans l'eau.,Lipid yaŋ ga ti jinay organik kaŋ si menneni hari ra.
La pyrolyse est la décomposition chimique par la chaleur.,Piroliz ga ti šimi fay-fayyan kaŋ ga tee nda konni.
Les endorphines sont des neurotransmetteurs qui réduisent la perception de la douleur.,Endorfin yaŋ ga ti neurotransmetër kaŋ ga kuumay maayan kaccandi.
La constante de Planck est fondamentale en mécanique quantique.,Plank konstant ga ti mekanik kantik beberoo.
L'exocytose permet la sortie de substances de la cellule.,Eksositoz ga naŋ jinay ma fatta cellule ra.
Les nébuleuses sont des nuages de gaz et de poussière interstellaires.,Nebulez yaŋ ga ti dulla nda kusa kaŋ ga hanžerey game.
La fermentation lactique produit de l'acide lactique à partir du glucose.,Fermantasyon laktik ga asid laktik tee kaŋ ga hun glukoz ra.
Les anticorps monoclonaux sont utilisés en thérapie ciblée.,Antikor monoklonal yaŋ ga goy mawakoy ciblé ra.
La loi de Hooke décrit la déformation élastique des solides.,Hooke ašariya ga gindey dirawan barmaayan feeri.
Les mitochondries possèdent leur propre ADN.,Mitokondri ga ngi boŋ ADN gaabu.
La tectonique des plaques explique la dérive des continents.,Tektonik plak ga labo-beeri dirawey feeri.
La réplication de l'ADN est semi-conservative.,ADN willandi ga ti jere gaabuyan.
Les satellites de communication utilisent des ondes électromagnétiques.,Šelaŋyan satelit yaŋ ga onde elektromagnetik goy.
La spectroscopie infrarouge identifie les molécules par leurs vibrations.,Spektroskopi infraruž ga molekul šillandi ngi zinjiyan ra.
Les peptides sont des chaînes courtes d'acides aminés.,Peptid yaŋ ga ti asid aminé šilli kayna yaŋ.
L'hibernation est une adaptation physiologique à la saison froide.,Ibernasyon ga ti gaaham barmaayan konni waati se.
Les cellules eucaryotes contiennent un noyau et des organites.,Cellule eukaryot yaŋ ga gundu nda organit gaabu.
La fluorescence est l'émission de lumière par une substance après absorption d'énergie.,Fluorésans ga ti gaay taŋ jinay do enerži sambuyan banda.
La force centripète est dirigée vers le centre de rotation.,Gaabi sentripet ga jine kuryayan game.
Les anticorps sont des protéines produites par le système immunitaire.,Antikor yaŋ ga ti protein kaŋ sistem tangam ga tee.
La photosynthèse convertit le dioxyde de carbone en oxygène.,Fotosintez ga dioksid karbon barmay oksižen ra.
Les cristaux ont une structure atomique régulière et répétitive.,Kristal yaŋ ga atom kayando kaŋ ga filla.
La pression atmosphérique est mesurée avec un baromètre.,Atmosfer presyon ga neeši nda barometr.
Les hormones sont des messagers chimiques sécrétés par des glandes.,Ormon yaŋ ga ti mesažeer šimi kaŋ gland yaŋ ga kaa.
La résistance électrique est mesurée en ohms.,Elektrik ganjayay ga neeši nda ohm.
L'ADN polymérase synthétise un nouveau brin d'ADN.,ADN polimeraz ga ADN šilli taji tee.
La demi-vie est le temps nécessaire pour qu'une substance radioactive diminue de moitié.,Jere aloomur ga ti waati kaŋ ga waažib jinay radyoaktif ma kacca jere.
Les plastides sont des organites des cellules végétales.,Plastid yaŋ ga ti tuuri cellule organit yaŋ.
L'effet de serre est causé par certains gaz atmosphériques.,Effet serre ga ti dulla atmosfer fooyaŋ do.
La résonance se produit quand un système vibre à sa fréquence naturelle.,Resonans ga tee waati kaŋ sistem ga zinzi nda nga boŋ frekans.
Les vaisseaux lymphatiques transportent la lymphe.,Lenf gorodoo yaŋ ga lenf zaa ka koy.
La fission nucléaire libère d'énormes quantités d'énergie.,Fisyon nukleeer ga enerži beeri taŋ.
La théorie des supercordes tente d'unifier toutes les forces fondamentales.,Teoriya siperkord ga ceeci ka gaabi sintina kul marga.
La glycolyse est la première étape de la respiration cellulaire.,Glikoliz ga ti cellule hunanzamay sintina têe.
Les polymères sont de longues chaînes de molécules répétitives.,Polimer yaŋ ga ti molekul kuuku-kuuku kaŋ ga filla.
La mémoire à court terme peut contenir environ sept éléments.,Lakkal follonka ga hin ka jinay iyye cine dii.
Les virus utilisent la machinerie cellulaire de leur hôte pour se reproduire.,Virus yaŋ ga ngi ganakaw cellule goyey goy ka tonton.
Les neurones communiquent via des synapses.,Neuron yaŋ ga šelaŋ nda sinaps.
La loi de Mendel explique la transmission des caractères héréditaires.,Mendel ašariya ga alaada bisayan feeri.
Les ondes ultrasonores ont une fréquence supérieure à 20 kHz.,Onde ultrason yaŋ gonda frekans kaŋ ga bisa kilohertz 20.
La traduction est la synthèse des protéines à partir de l'ARN messager.,Tradüksyon ga ti protein feeryan kaŋ ga hun ARN mesaže ra.
La théorie de l'endosymbiose explique l'origine des mitochondries.,Teoriya endosimbiyoz ga mitokondri sintina feeri.
Les transistors sont les composants de base des circuits intégrés.,Transistor yaŋ ga ti šilli integre sintina jinaa.
La convection est un transfert de chaleur par mouvement de fluide.,Konveksyon ga ti konni bisayan kaŋ ga tee nda yala dirayan.
Les protéines enzymatiques catalysent des réactions biochimiques.,Protein enzim yaŋ ga reaksyon byošimi katalizer.
La photopériode influence les rythmes biologiques de nombreux organismes.,Fotoperyod ga hundikoy booboyaŋ biyoložik tekob barmay.
Les isotopes radioactifs sont utilisés pour la datation des fossiles.,Izotop radyoaktif yaŋ ga goy fossil žirma feeriyan ra.
La douleur est transmise par des neurones nociceptifs.,Kuumay ga bisa neuron nosiseptif yaŋ bande.
La transcription est la synthèse d'ARN à partir d'ADN.,Transkripšon ga ti ARN feeryan kaŋ ga hun ADN ra.
Les enzymes abaissent l'énergie d'activation des réactions.,Enzim yaŋ ga reaksyon yaŋ aktivasyon enerži kaccandi.
La myéline isole les axones des neurones.,Myelin ga neuron akson yaŋ fay.
La fusion nucléaire combine des noyaux atomiques légers.,Fuzyon nukleeer ga atom gundu feyan yaŋ marga.
Les protéines sont composées d'acides aminés liés par des liaisons peptidiques.,Protein yaŋ ga te nda asid aminé kaŋ margandi nda margayan peptidik.
La condensation est le passage de l'état gazeux à l'état liquide.,Kondensasyon ga ti barmaayan dulla ka koy hari.
Les données biométriques incluent les empreintes digitales et l'iris.,Bayrandey biyometrik ga gaabu feršiyan nda moo guray.
La chlorophylle capte l'énergie lumineuse pour la photosynthèse.,Klorofil ga gaay enerži dii fotosintez se.
Les liposomes sont des vésicules artificielles utilisées pour délivrer des médicaments.,Lipozom yaŋ ga ti vesikul teete kaŋ ga goy ka safar noo.
La théorie des jeux analyse les situations d'interactions stratégiques.,Teoriya hooray ga hooray strategik feeri.
La dynamique des fluides étudie le comportement des liquides et des gaz en mouvement.,Dinamik yala ga hari nda dulla teeyan caw waati kaŋ i ga dira.
Les protéines de structure maintiennent la forme des cellules.,Protein kayando yaŋ ga cellule takari gaabu.
La phagocytose est un mécanisme de défense cellulaire.,Fagositoz ga ti cellule tangaman mekanizm.
La lumière visible ne représente qu'une petite partie du spectre électromagnétique.,Gaay gundante ga ti spektr elektromagnetik kayna follonka.
Les liaisons covalentes impliquent le partage d'électrons.,Margayan kovalant ga elektron zeeriyan gaabu.
La pression osmotique dépend de la concentration en solutés.,Presyon osmotik ga hanga solute konsantrasyon.
La génomique étudie l'ensemble des gènes d'un organisme.,Ženomik ga hundikoy žen kul margaya caw.
Les algorithmes génétiques s'inspirent de la sélection naturelle.,Algoritm ženetik yaŋ ga hun suubayan kaŋ ga kaa nga boŋ se feeri.
La force de Lorentz agit sur une particule chargée en mouvement dans un champ magnétique.,Gaabi Lorenz ga dira dunderfu šaržante kaŋ ga dira gundu magnetik ra boŋ.
La méiose réduit le nombre de chromosomes de moitié.,Meyoz ga kromozom hinna kaccandi jere.
Les bactériophages sont des virus qui infectent les bactéries.,Bakteriyofaž yaŋ ga ti virus yaŋ kaŋ ga bakteri dam.
La capillarité permet aux plantes d'absorber l'eau du sol.,Kapilarité ga naŋ tuurey ma hari laboo ra hawandi.
La photosynthèse se déroule dans les chloroplastes.,Fotosintez ga tee kloroplast ra.
La théorie de la relativité restreinte concerne les objets se déplaçant à vitesse constante.,Teoriya relativite kayna ga jinay kaŋ ga dira nda cahãri follonka jine.
Les récepteurs sensoriels convertissent les stimuli en signaux nerveux.,Diikaw sensoriyel yaŋ ga alhawaa barmay šini nerve ra.
La sublimation est le passage direct de l'état solide à l'état gazeux.,Siblimasyon ga ti barmaayan ginde ka koy dulla.
Les cristaux liquides présentent des propriétés intermédiaires entre solides et liquides.,Kristal yaŋ ga goy taka kaŋ ga gaabu gindey nda hari game.
La décantation sépare deux liquides non miscibles.,Dekantasyon ga hari hinka kaŋ si hanga cere fay.
Les ribosomes assemblent les acides aminés en protéines.,Ribozom yaŋ ga asid aminé marga protein ra.
La théorie des cordes propose que les particules fondamentales sont des cordes vibrantes.,Teoriya kord ga nee kaŋ dunderfu yaŋ ga ti kord zinzante yaŋ.
Les membranes semi-perméables laissent passer certaines molécules mais pas d'autres.,Membran semi-permeabl ga molekul fooyaŋ naŋ i ma bisa amma manti ikul.
La force gravitationnelle est proportionnelle aux masses et inversement proportionnelle au carré de la distance.,Gaabi gravitasyon ga sawa nda massa nda ga sawa game nda mooru kaare.
Les métaux sont de bons conducteurs de chaleur et d'électricité.,Guuru yaŋ ga boori konni nda elektrisité kondüksyon ra.
La réplication de l'ADN se fait pendant la phase S du cycle cellulaire.,ADN willantey ga tee cellule sikl faz S ra.
La mitose assure la reproduction conforme des cellules.,Mitoz ga cellule hayyan šelikelante kayandi.
Les synapses sont les zones de communication entre neurones.,Sinaps yaŋ ga ti gorodoo neuron yaŋ game šelaŋyan ra.
La bioluminescence est la production de lumière par des organismes vivants.,Biyoliminésans ga ti gaay teeyan hundikoy do.
Les chromosomes contiennent l'information génétique sous forme d'ADN.,Kromozom yaŋ ga ženetik bayrandey kaŋ ga bara ADN ra gaabu.
La spectrométrie de masse identifie les molécules par leur masse.,Spektrometri massa ga molekul yaŋ šillandi ngi massa ga.
La diffraction est la déviation des ondes autour d'un obstacle.,Difrakšon ga ti onde diiyan gorodoo barmayan jinay fo jine.
Les anticorps monoclonaux ciblent spécifiquement certains antigènes.,Antikor monoklonal yaŋ ga antižen fooyaŋ hinne guna.
La photopériode influence la floraison de nombreuses plantes.,Fotoperyod ga tuuri boobo booyan barmay.
Les microprocesseurs contiennent des millions de transistors.,Mikroproseser yaŋ ga transistor milyon booboyaŋ gaabu.
La cristallisation est le passage de l'état liquide à l'état solide ordonné.,Kristalizasyon ga ti barmaayan hari ka koy gindey kaŋ ga kayandi.
Les ondes électromagnétiques se propagent à la vitesse de la lumière.,Onde elektromagnetik yaŋ ga dira nda gaay cahãri.
La cryogénie étudie les comportements des matériaux à très basse température.,Kryoženi ga jinay yaŋ teeyan caw konni kaŋ ga kacca gumo ra.
Les microARN régulent l'expression des gènes.,MikroARN yaŋ ga žen bangayyan kayandi.
La tension superficielle est due aux forces d'attraction entre molécules.,Tension siperfisyel ga hun gaabi cendiyaŋ molekul game ra.
Les antibiotiques ciblent spécifiquement les bactéries.,Antbiyotik yaŋ ga bakteri hinne guna.
La fusion des noyaux d'hydrogène produit l'énergie du soleil.,Idružen gundu fuzyon ga waynoo enerži tee.
La théorie quantique des champs unifie la mécanique quantique et la relativité restreinte.,Teoriya kantik gundu yaŋ ga mekanik kantik nda relativite restreint marga.
L'ARN polymérase transcrit l'ADN en ARN.,ARN polimeraz ga ADN transkribe ARN ra.
La théorie du chaos étudie les systèmes dynamiques sensibles aux conditions initiales.,Teoriya kaos ga sistem dinamik kaŋ ga hanga nafayaney sinitna caw.
Les neurones communiquent par des signaux électriques et chimiques.,Neuron yaŋ ga šelaŋ nda šini elektrik nda šimi.
La photosynthèse artificielle imite le processus naturel des plantes.,Fotosintez artificiel ga tuuri prosede kaŋ ga kaa nga boŋ denden.
La spectroscopie Raman analyse la diffusion inélastique de la lumière.,Spektroskopi Raman ga gaay kaŋ si guna.
Les équations de Maxwell décrivent les phénomènes électromagnétiques.,Ekwasyon Maxwell yaŋ ga takari elektromagnetik feeri.
La bioremédiation utilise des organismes pour décontaminer des sites pollués.,Biyoremedasyon ga hundikoy goy ka gorodoo žiibitante hanan.
La chimie organique étudie les composés contenant du carbone.,Šimi organik ga jinay kaŋ ga karbon gaabu caw.
La catalyse enzymatique accélère les réactions biochimiques.,Kataliz enzimi ga reaksyon byošimi cahãndi.
La thermorégulation maintient la température corporelle constante.,Termoregulasyon ga gaaham konni follonka gaabu.
Les cellules souches peuvent se différencier en divers types cellulaires.,Cellule šoos yaŋ ga hin ka bare cellule dumi-dumi yaŋ.
La mécanisation agricole utilise des machines pour cultiver la terre.,Fari goyyan mekanizasyon ga masin yaŋ goy ka labo beeri.
L'intelligence artificielle simule certaines fonctions cognitives humaines.,Lakkal artificiel ga adamize lakkal goyyaŋ fooyaŋ denden.
La réalité virtuelle crée des environnements numériques immersifs.,Takari virtuel ga gorodoo nimerik kaŋ ga boro dam tee.
Les réseaux neuronaux artificiels s'inspirent du cerveau humain.,Rezoo neural artificiel yaŋ ga hun adamize lakkal ra.
La programmation informatique utilise des langages pour communiquer avec les ordinateurs.,Enformatik programasyon ga šenni yaŋ goy ka šelaŋ ordinatër yaŋ se.
Les algorithmes de recherche permettent de trouver des informations sur internet.,Algoritm ceeciyaŋ yaŋ ga naŋ boro ma alhabar internet boŋ gar.
Le cloud computing permet de stocker des données sur des serveurs distants.,Cloud komputing ga naŋ boro ma bayrandey servër mooro boŋ gaabu.
La cybersécurité protège les systèmes informatiques contre les attaques.,Sibersekurité ga sistem enformatik yaŋ jejebu tangaman se.
Les réseaux sans fil transmettent des données par ondes radio.,Rezoo bila šilli ga bayrandey bisandi nda radio onde.
Le génie civil conçoit et construit les infrastructures.,Ženi civil ga kayando beeri feeri nda goy cindey.
"La robotique combine mécanique, électronique et informatique.","Robotik ga mekanik, elektronik nda enformatik marga."
Les scanners médicaux permettent de visualiser l'intérieur du corps.,Skaner medikal yaŋ ga naŋ boro ma gaaham kunehere dii.
La nanotechnologie manipule la matière à l'échelle nanométrique.,Nanotechnologi ga jinay kuuna nanometr kunga ra.
Les capteurs environnementaux mesurent la qualité de l'air et de l'eau.,Diikaw gorodoo yaŋ ga haw nda hari boriyaŋ neeši.
La biotechnologie agricole développe des cultures résistantes aux maladies.,Byoteknolži fari goyyan ga duma kaŋ ga ganji wirci se cin.
L'énergie solaire photovoltaïque convertit la lumière en électricité.,Enerži waynoo fotovolta ga gaay barmay elektrisité ra.
Les turbines éoliennes transforment l'énergie du vent en électricité.,Turbin haw yaŋ ga haw enerži barmay elektrisité ra.
La biomasse utilise des matières organiques pour produire de l'énergie.,Biyomas ga jinay organik goy ka enerži tee.
Les voitures électriques utilisent des batteries au lieu de carburant.,Mooto elektrik yaŋ ga bateri goy esans dogoo ra.
L'histoire du Niger remonte à des milliers d'années.,Niger taariki ga ye jiiri zambar booboyaŋ.
Le Niger a obtenu son indépendance de la France en 1960.,Niger du nga boŋ zunubu Faransi kambe ra 1960 jiiri.
Diori Hamani fut le premier président du Niger.,Diori Hamani ti Niger président jinaa.
"Les empires songhaï, kanem-bornou et haoussa ont dominé la région avant la colonisation.",Songhaï nda Kanem-Bornou nda Hawsa laamey koy gooro laaboo woo ga kolonizasyon jine.
Les Touaregs sont des nomades qui vivent dans le désert du Sahara.,Targey ti yaaji-yaajikoyey kaŋ ga goro Sahara saajoo ra.
Niamey est devenue la capitale du Niger en 1926.,Niamey te Niger faaba koyraa 1926 jiiri ra.
La famine de 1973 a gravement affecté le Niger.,1973 jiiri heray-beeri-jerey na Niger sara gumo.
L'uranium est une ressource importante pour l'économie nigérienne.,Uranium ti alhaku beeri Niger nooroo se.
Le fleuve Niger traverse plusieurs pays d'Afrique de l'Ouest.,Isa beeri Niger ga bisa Afrik dangay laabey booboyaŋ ra.
Les populations zarma et haoussa sont les plus nombreuses au Niger.,Zarma nda Hawsa borey ti alšimaa boobokooney Niger ra.
Le coup d'État de 2010 a renversé le président Mamadou Tandja.,2010 jiiri laama-zaa-ka-boŋ-daŋ na président Mamadou Tandja kaŋandi.
Les peintures rupestres du Ténéré témoignent d'une ancienne civilisation.,Ténéré tondi-bii-biyey ga cebe civilizasyon žeena foo.
Le système féodal existait dans certaines régions avant la colonisation.,"Sisteem féodal, maanaa koy nda tam laama gooro laabo nongu fooyaŋ ra kolonizasyon jine."
La France a établi un poste militaire à Zinder en 1899.,Faransi na soldaatey gorodoo cin Zinder koyraa ra 1899 jiiri.
Le Niger a connu plusieurs périodes de sécheresse au cours du 20ème siècle.,Niger di kogari waati boobo 20ème siyeeklo ra.
Les frontières actuelles du Niger ont été tracées pendant la colonisation.,Niger sohõ hirrey kayandi kolonizasyon waati.
La conférence de Berlin en 1884 a lancé le partage de l'Afrique.,Berlin margari 1884 jiiri ra na Afrik zamna kayandi.
La mission Voulet-Chanoine a marqué la conquête violente du Niger par la France.,Voulet-Chanoine misyon mana Niger daabu yaabu Faransi se.
L'explorateur Heinrich Barth a traversé le Niger au 19ème siècle.,Laabu-cecikoyo Heinrich Barth na Niger laabo yaaru 19ème siyeeklo ra.
La culture zarma a une riche tradition orale.,Zarma alaadaa goo nda deene alhaali booboyaŋ.
Le royaume de Damagaram avait sa capitale à Zinder.,Damagaram laamaa faaba koyraa goo Zinder ra.
Les Peuls sont connus pour leur tradition pastorale.,Fulbey ti borey kaŋ ga bay nda hawjayan.
Le commerce transsaharien a façonné l'économie de la région pendant des siècles.,Maamala kaŋ ga tee ka bisa Sahara saajoo na laaboo nooroo fasal jiiri zangu boobo.
La révolte Toubou de 1916 s'est opposée à la présence française.,Toubou tureyanoo 1916 jiiri ra na kay Faransi goyoo se.
La période précoloniale était marquée par des rivalités entre royaumes.,"Kolonizasyon jine waatoo ra, laamey cere game yanje boobo bara no."
Le Niger français faisait partie de l'Afrique Occidentale Française.,Niger kaŋ goo Faransi kambe ra mana Afrik Dangay Faransi-wane jere.
Les griots sont les gardiens de l'histoire orale africaine.,Jeserey ti Afrik deene taariki jisakey.
Le roi Askia Mohamed a dirigé l'empire songhaï à son apogée.,Askia Mohamed laama Songhaï naŋ kaŋ šifaaro ga bisa ikul.
L'islam est arrivé dans la région nigérienne au 11ème siècle.,Islaam alhabaroo kaa Niger laabo ra 11ème siyeeklo ra.
Le marché de Katako à Niamey est l'un des plus grands d'Afrique de l'Ouest.,Katako heboo Niamey ra ti ibeeriyaŋ Afrik Dangay ra.
Le Niger a conservé des liens économiques forts avec la France après l'indépendance.,Niger nda Faransi cere goroši nooroo fondaa ga boŋ-zunubu banda.
Les Berbères sont parmi les plus anciens habitants du Sahara.,Berberey ti Sahara sohõ gorokey ijinawey ra.
Les Haoussa ont développé un réseau commercial important en Afrique de l'Ouest.,Hawsa borey na maamala cerecerantaa beeri kayandi Afrik Dangay ra.
La colonisation française du Niger a commencé à la fin du 19ème siècle.,Faransi kolonizasyon Niger ra šintin 19ème siyeeklo benandi ga.
Le royaume du Kanem-Bornou a duré plus de mille ans.,Kanem-Bornou laamaa gay ka bisa jiiri zenber.
Le Niger a adhéré à l'ONU en 1960 après son indépendance.,"Niger huru ONU (Gandey Margari Kondaa) ra 1960 jiiri, nga boŋ-zunubu banda."
Le désert du Ténéré couvre une grande partie du territoire nigérien.,Ténéré saajoo ga Niger laabo jere beeri daabu.
Les Français ont établi leur première base permanente à Agadez.,Faransi borey na ngi gorodoo jinaa kayandi Agadez ra.
Les tribus touarègues ont mené plusieurs révoltes contre la domination coloniale.,Targey kundey na turyaŋ boobo tee kolonizasyon laama se.
L'arbre du Ténéré était un point de repère célèbre pour les caravanes.,Ténéré tuuroo ti tammaasa bayante kaarawey se.
Le fleuve Niger était une voie commerciale importante pour les anciens royaumes.,Isa beeri Niger ti maamala fondo beeri laamey žeeney se.
La ville d'Agadez était un centre important du commerce transsaharien.,Agadez koyraa ti maamala kaŋ ga tee ka bisa Sahara saajoo gamoo beeri.
Les masques et les danses traditionnels racontent l'histoire des peuples.,Daabey nda gaaney alaadadogey ga borey taariki deedandi.
Les Zarma sont principalement agriculteurs et pêcheurs.,Zarmakey ti fari teekey nda sorkokey.
Le Niger est devenu une république le 18 décembre 1958.,"Niger te republik deesambur 18, 1958 jiiri ra."
L'empire songhaï s'est effondré après la bataille de Tondibi en 1591.,Songhaï laamaa kaŋ Tondibi wongoo banda 1591 jiiri ra.
Les Français ont utilisé la politique de 'diviser pour régner' au Niger.,Faransi borey na 'zamna ka laama' politikoo ka goy Niger ra.
La famine de 1931 est connue sous le nom de 'Grande Famine' au Niger.,1931 heray-beeri-jerey maaɲoo ti 'Heray Beero' Niger ra.
Le mausolée d'Askia à Gao témoigne de l'architecture soudano-sahélienne.,Askia saaray fuwo Gao ra ga cebe Sudan-Sahel cinari alhaaley.
La région de l'Aïr au nord du Niger a une histoire riche et complexe.,Aïr gandaa Niger azawa here goo nda taariki tiŋay nda šenda.
Les migrations sahéliennes ont façonné la démographie du Niger.,Sahel gorokey koy-da-yaŋo na Niger borey alaadey fasal.
Le Niger a été gouverné par des militaires pendant plusieurs décennies.,Soldaatey na Niger laama jiiri warankuyaŋ.
Les conflits entre agriculteurs et éleveurs ont une longue histoire au Niger.,Fari teekey nda almaney hawjantey game yanjey goo nda taariki kuuku Niger ra.
La tradition du conte oral est très importante dans la culture nigérienne.,Deene fillawey ti haya nafante gumo Niger alaadaa ra.
Le commerce du sel a été crucial pour l'économie des royaumes sahéliens.,Ciiri maamalaa ti haya nafante Sahel laamey nooroo se.
"Les caravanes transsahariennes transportaient de l'or, du sel et des esclaves.","Saharaa-bisa kaarawey ga wura, ciiri nda baɲɲey zaa ka koy."
La ville de Bilma était un centre important du commerce du sel.,Bilma koyraa ti ciiri maamala gamoo beeri.
Les Touaregs utilisent un alphabet appelé tifinagh.,Targey ga alhabafuu kaŋ se i ga nee tifinagh goy.
L'explorateur allemand Gustav Nachtigal a traversé le Niger au 19ème siècle.,Almaanya laabu-cecikoyo Gustav Nachtigal na Niger laabo yaaru 19ème siyeeklo ra.
Le Sultanat d'Agadez a été fondé au 15ème siècle.,Agadez Sultaanoo šintiyanoo tee 15ème siyeeklo ra.
"Les Wodaabe, un sous-groupe peul, sont connus pour leur festival Gerewol.","Wodaabe, kaŋ ti Fulbey jama faa, ga bay nda ngi Gerewol baturoo."
La ville de Maradi était un centre commercial important pour le royaume de Katsina.,Maradi koyraa ti maamala gamoo beeri Katsina laamaa se.
Le Niger a connu plusieurs coups d'État depuis son indépendance.,Niger di laama-zaa-ka-boŋ-daŋ waati boobo nga boŋ zunubu banda.
Les frontières coloniales ont séparé de nombreux groupes ethniques.,Kolonizasyon hirrey na alšimaa dumi boobo fay.
La culture haoussa a influencé une grande partie de l'Afrique de l'Ouest.,Hawsa alaadaa na Afrik Dangay jere beeri cendi.
Le peuple toubou habite principalement dans le nord-est du Niger.,Toubou borey ga goro ka tonton Niger dandi-ne-waywaay.
La région du Dallol Bosso est connue pour sa fertilité.,Dallol Bosso gandaa ga bay nda nga laabo nga kaanoo.
Les manuscrits de Tombouctou témoignent du savoir africain médiéval.,Tombouctou tira žeeney ga cebe Afrik bayray zangu jiiri beerey ra.
L'empire du Mali a précédé l'empire songhaï dans la région.,Mali laamaa ti Songhaï laamaa jine cee laabo ra.
Le royaume du Katsina-Maradi a résisté longtemps à la colonisation française.,Katsina-Maradi laamaa na Faransi kolonizasyon ganje waati kuuku.
Les Kanuri sont l'un des groupes ethniques importants du sud-est du Niger.,Kanuri borey ti alšimaa dumi nafante Niger dandi-ne-waynaazoo ra.
La ville de Diffa est située près du lac Tchad.,Diffa koyraa ga man Caad bango.
La culture zarma-songhaï est influencée par les anciennes traditions de l'empire songhaï.,Zarma-Songhaï alaadaa mana Songhaï laamaa alaaday žeeney ra.
Le Parc National du W abrite une faune et une flore uniques.,W Gandaa Suubante goo nda adabey nda tuurey kaŋ ti ngi hinne dumi.
Les Français ont divisé l'administration du Niger en cercles et cantons.,Faransi borey na Niger laama zamna kurayey nda kantoŋey ra.
Le chameau est appelé 'le navire du désert' dans la culture touarègue.,Yoo ti 'saajo haroo boŋ hiyoo' Targey alaadaa ra.
Le Niger est membre de l'Union Africaine depuis sa création.,Niger ti Afrik Margari jama ize za nga šintiyanoo ra.
L'ancienne cité de Djado témoigne d'une civilisation florissante dans le désert.,Djado koyra žeenaa ga cebe alšimaa kaŋ dumi ba ka tee saajoo ra.
Les Français ont organisé la colonie du Niger à partir de 1922.,Faransi borey na Niger koloni kayyandi 1922 jiiri ra.
Le nom 'Niger' vient du fleuve qui traverse le pays.,Maaɲoo 'Niger' hun isa beeroo ga kaŋ ga bisa laaboora.
La culture zarma a été influencée par l'islam et les traditions animistes.,Islaam nda alaaday follokoy na Zarma alaadaa cendi.
Le festival du Gerewol célèbre la beauté masculine chez les Wodaabe.,Gerewol baturoo ga arey boŋtaray batu Wodaabe borey do.
Les confréries soufies ont joué un rôle important dans la propagation de l'islam au Niger.,Sufey kondawey na goy beeri tee Islaam saayanoo ra Niger ra.
Le Niger a obtenu son drapeau national à l'indépendance en 1960.,Niger du nga boŋ-zunubu darbay 1960 jiiri.
Les guerriers zarma étaient connus pour leur bravoure.,Zarma wongu-izey ga bay nda ngi bine gaaboo.
Le Sultanat de Damagaram avait sa capitale à Zinder.,Damagaram Sultaanoo faaba koyraa goo Zinder ra.
L'agriculture traditionnelle dépend des pluies saisonnières au Niger.,Alaaday fari teeyaŋoo ga hanga zama kaŋ goo fondo ra Niger ra.
Le Niger a rejoint la CEDEAO (Communauté Économique des États de l'Afrique de l'Ouest) en 1975.,Niger huru CEDEAO (Afrik Dangay Laabaawey Noroo Margari) ra 1975 jiiri ra.
Les chasseurs traditionnels jouaient un rôle important dans les sociétés précoloniales.,Alaaday sorkotakey goo nda nafaw beeri kolonizasyon jine jamawey ra.
Le Niger a adopté le franc CFA comme monnaie après l'indépendance.,Niger na franc CFA nooru dii nakon boŋ-zunubu banda.
Les Azna pratiquent une religion traditionnelle dans certaines régions du Niger.,Azna borey ga alaaday addini goy Niger nogu fooyaŋ ra.
"Le 3 août est la fête nationale du Niger, célébrant l'indépendance.","Ut 3 ti Niger laaboo baturoo, ka boŋ-zunuboo honnandi."
Les royaumes haoussa étaient organisés en cités-États avant la colonisation.,Hawsa laamey soolandi koyraa-laabey ra kolonizasyon jine.
La constitution nigérienne a été modifiée plusieurs fois depuis l'indépendance.,Niger laabo asariyaa barmay waati boobo boŋ-zunubu banda.
Les Français ont établi leur administration coloniale à partir de Zinder.,Faransi borey na ngi kolonizasyon laamaa šintin Zinder ra.
Le Niger a connu plusieurs périodes de famine au cours de son histoire.,Niger di heray-beeri-jere waati boobo nga taariki ra.
"Le drapeau du Niger comporte trois bandes horizontales: orange, blanc et vert.","Niger boŋ-zunubu darbay goo nda cari taaci: tunusu, kaaray nda firji."
Les Zarma pratiquent principalement l'agriculture pluviale.,Zarma borey ga fari tee kaŋ ga hanga hari beene.
Le Niger a adhéré à l'Organisation de la Coopération Islamique en 1969.,Niger huru Organisation de la Coopération Islamique (Islaam Gaakasinay Kondaa) ra 1969 jiiri ra.
L'ancien royaume du Gobir était un des États haoussa les plus puissants.,Gobir laamaa žeena ti Hawsa laabey ikooney ra.
La région de l'Aïr possède des sites préhistoriques importants.,Aïr gandaa goo nda daaban-jiney nafante žeena taarikoo se.
Le plateau du Djado contient des gravures rupestres anciennes.,Djado batamaa goo nda tondi bii žeena.
Les rois songhaï portaient le titre d'Askia après le règne de Sonni Ali Ber.,Songhaï kokoyey maaɲoo ti Askia Sonni Ali Ber laamaa banda.
Le royaume du Dendi a succédé à l'empire songhaï après sa chute.,Dendi laamaa na Songhaï laamaa dogoo zaa nga kaŋyanoo banda.
Les Français ont rencontré une forte résistance à Kouré lors de la conquête.,Faransi borey du gaanji gaabo Kouré ga ngi daabu waati ra.
Le Sultanat de l'Aïr était centré autour de la ville d'Agadez.,Aïr Sultaanoo gamoo ti Agadez koyraa.
La région du fleuve Niger était peuplée depuis la préhistoire.,Borey goro Isa beeri Niger gandaa ra za daabey nda adamizey taarikoo jine.
Les traditions de guérison traditionnelle sont encore pratiquées au Niger.,Alaaday yayyan fondawey ga goy hala sohõ Niger ra.
Le Niger a obtenu son hymne national 'La Nigérienne' à l'indépendance.,Niger du nga boŋ-zunubu bayti 'La Nigérienne' nga boŋ-zunubu waati.
Les griots zarma conservent l'histoire des grandes familles.,Zarma jeserey ga iyaale beerey taariki dii.
La résistance contre les Français était organisée par les chefs traditionnels.,Alaaday jineboroyaŋ na Faransi borey ganjeyanoo kayandi.
Le Niger a connu des périodes de grande sécheresse dans les années 1970 et 1980.,Niger di kogari beeri 1970 nda 1980 jiiri waatey ra.
Le commerce caravanier reliait le Niger aux pays d'Afrique du Nord.,Kaaraw maamalaa ga Niger nda Afrik Hawsa laabaawey ceraŋ.
Les populations du Niger pratiquaient l'agriculture irriguée le long du fleuve.,Niger borey ga hari daŋyaŋ fari teeyaŋ tee isa beeroo jerey ga.
Le Niger a rejoint l'ONU le 20 septembre 1960.,"Niger huru ONU (Gandey Margari Kondaa) ra septambur 20, 1960 jiiri ra."
La ville de Gao était la capitale de l'empire songhaï.,Gao koyraa ti faaba koyraa Songhaï laamaa ra.
Les Français ont établi des postes militaires à travers le territoire nigérien.,Faransi borey na solda gorodogey cin Niger laabo kul ra.
Le Niger a connu plusieurs constitutions depuis son indépendance.,Niger du asariya boobo nga boŋ-zunuboo banda.
Les monuments historiques du Niger témoignent de son riche passé.,Niger bayante taarikoo diiyaŋey ga cebe taariki albarkante.
Le Niger a été divisé en départements administratifs après l'indépendance.,Niger zamna département kondayey ra boŋ-zunubu banda.
La route transsaharienne reliait l'Afrique du Nord à l'Afrique subsaharienne.,Sahara-bisa fondaa ga Afrik Hawsa nda Afrik Sahara-se ceraŋ.
La colonisation a perturbé les structures politiques traditionnelles.,Kolonizasyon na alaaday politik hinnaarey funsandi.
Les traditions orales zarma racontent l'histoire des migrations depuis le Mali.,Zarma deene alaadey ga Mali hun koy-da-yaŋey taariki deedandi.
Les Peuls sont arrivés dans la région nigérienne au cours du 13ème siècle.,Fulbey kaa Niger gandawey ra 13ème siyeeklo ra.
Le royaume du Kanem s'est étendu jusqu'au Niger actuel.,Kanem laamaa koy hala sohõ Niger nogu ra.
Les forgerons traditionnels jouaient un rôle social important.,Alaaday guurey goo nda nafaw beeri jama alaadey ra.
La première constitution du Niger indépendant date de 1959.,Niger boŋ-zunubu asariya jinaa kaa 1959 jiiri ra.
Les Touaregs ont mené plusieurs révoltes dans les années 1990.,Targey na turyaŋ boobo tee 1990 jiirey ra.
La ville de Tahoua était un centre commercial important.,Tahoua koyraa ti maamala gamoo beeri.
Le Niger est devenu membre de l'OUA (Organisation de l'Unité Africaine) en 1963.,Niger te OUA (Afrik Margari Gaakasinay Kondaa) jama ize 1963 jiiri ra.
Les traditions de pêche sont importantes le long du fleuve Niger.,Sorko alaadey ga nafaw beeri tee Isa beeri Niger jerey ga.
Les Français ont introduit la culture de l'arachide au Niger.,Faransi borey kate dembi fari teeyaŋ Niger ra.
Le Niger a signé des accords de coopération avec la France après l'indépendance.,Niger na gaakasinay waafakey zaa Faransi banda boŋ-zunubu banda.
La région du lac Tchad était un carrefour commercial important.,Caad bango gandaa ti maamala fondowey kuryaŋ gamoo beeri.
L'empire du Ghana a précédé l'empire du Mali dans la région ouest-africaine.,Ghana laamaa kaa Mali laamaa jine Afrik Dangay gandaa ra.
La culture du mil est traditionnellement la plus importante au Niger.,Hayni fari teeyaŋoo ti ibeeroo Niger alaaada ra.
Les Français ont construit les premières écoles modernes au Niger.,Faransi borey na cawandi fuwo teji taagey cin Niger ra.
La société nigérienne traditionnelle était organisée en castes dans certaines régions.,Niger alaaada jamaa zamna jamay-zamna ra nogu fooyaŋ.
Les Français ont établi un système d'impôt colonial au Niger.,Faransi borey na yekoy-bana kayandi Niger ra.
Le Djerma-Songhaï est la langue la plus parlée au Niger après le haoussa.,Djerma-Songhaï ti šenni ihinkantoo kaŋ ga šeŋandi Niger hawsa banda.
Le Niger a connu plusieurs périodes de dictature militaire.,Niger di soldaatey laama boobo.
Les Français ont introduit le système judiciaire français au Niger.,Faransi borey kate Faransi ciiti fondaa Niger ra.
Le Niger a rejoint le bloc des pays non-alignés pendant la guerre froide.,Niger huru laabey kondaey kaŋ mana goy kul ndoo Kogay Kogay Waati ra.
La région de Maradi était connue pour sa production agricole.,Maradi gandaa ga bay nda nga fari teeyaŋ hay-teeyaŋ.
Les Français ont construit les premières routes modernes au Niger.,Faransi borey na fondo teji taagey cin Niger ra.
Le système traditionnel d'irrigation utilisait des canaux le long du fleuve.,Alaaday hari daŋyan gondey goyandi isa beeroo jerey ga.
Le commerce de l'or a enrichi les royaumes ouest-africains.,Wura maamalaa na Afrik Dangay laamey tonton.
L'explorateur Mungo Park a voyagé sur le fleuve Niger au 18ème siècle.,Laabu-cecikoyo Mungo Park na yeeši Isa beeri Niger boŋ 18ème siyeeklo ra.
Le Niger a adopté sa première constitution démocratique en 1992.,Niger na nga dimokraasi asariya jina dii 1992 jiiri ra.
Le massif de l'Aïr abrite des gravures rupestres préhistoriques.,Aïr tondi dooga goo nda daaban taariko tondi bii.
Les sociétés traditionnelles nigériennes étaient souvent dirigées par des conseils d'anciens.,"Niger alaaday jamey alwaati boobo, dottijey kondaa ga laama."
La médecine traditionnelle utilise des plantes locales pour soigner les maladies.,Alaaday yayyan fondaa ga laabu tuurey goyandi ka dormi yayandi.
"Le premier président nigérien, Diori Hamani, a gouverné de 1960 à 1974.","Niger président jinaa, Diori Hamani, na laama 1960 ka koy 1974 jiiri."
Les anciens empires africains avaient des systèmes administratifs complexes.,Afrik laamey žeeney goo nda laama hinnaari šenday.
"Le Niger a obtenu son indépendance pacifiquement, sans guerre de libération.","Niger du nga boŋ-zunubu baani ra, bila wongu kul."
Les Touaregs sont traditionnellement des éleveurs nomades.,Targey alaaada ra ti almaney hawjantey yaaji-yaajikoyey.
La famine de 1913 a décimé une partie de la population nigérienne.,1913 jiiri heray-beeri-jerey na Niger alšimaa jere foo halaci.
Les premiers missionnaires chrétiens sont arrivés au Niger au début du 20ème siècle.,Kristaaney misyoŋkoyey jinaa kaa Niger ra 20ème siyeeklo šintiyanoo ga.
Le commerce d'esclaves transsaharien a profondément marqué l'histoire de la région.,Saharaa-bisa tam maamalaa na gandaa taariki hinna gumo.
La résistance à la colonisation était souvent menée par des chefs religieux.,Addini jineboroyaŋ alwaati boobo ga kolonizasyon ganjeyanoo tee.
Le Niger possède des sites archéologiques datant de l'âge de pierre.,Niger goo nda daaban-taariki nungey kaŋ ga koy tondi zama.
Les frontières actuelles du Niger ont été définitivement fixées en 1947.,Niger sohõ hirrey kayandi ka timmandi 1947 jiiri ra.
Les contes traditionnels zarma enseignent des leçons morales et historiques.,Zarma fillawey ga cawandi alaada nda taariki bayra.
Le Niger a subi de nombreuses sécheresses au cours de son histoire.,Niger di kogari boobo nga taariki ra.
Le drapeau du Niger a été adopté officiellement le 23 novembre 1959.,"Niger boŋ-zunubu darbay diyandi nda asariyaa nowambur 23, 1959 jiiri ra."
L'armée française a commencé la pacification du territoire nigérien en 1899.,Faransi soldaatey na Niger laaboo baani-noo kayandi 1899 jiiri ra.
Les premiers colons français se sont installés principalement dans les villes.,Faransi boro jinawey kaŋ kaa ka goro ga goro koyraa beerey ra.
Le Niger a rejoint la zone franc après son indépendance.,Niger huru franc gandaa ra nga boŋ-zunubu banda.
Les sociétés traditionnelles avaient des rites d'initiation pour marquer l'âge adulte.,Alaaday jamey goo nda alhaali kaŋ ga beeriyanoo cebe.
La ville de Dosso était le siège d'un important royaume zarma.,Dosso koyraa ti Zarma laamaa beeri gorodogoo.
Le premier parlement nigérien a été établi juste avant l'indépendance.,Niger asariya kondaa jinaa kayandi boŋ-zunubu jine.
Les Peuls ont contribué à la propagation de l'islam en Afrique de l'Ouest.,Fulbey na goy beeri tee Islaam saayanoo ra Afrik Dangay ra.
La ville d'Agadez est connue pour son minaret de la Grande Mosquée.,Agadez koyraa ga bay nda nga Moske Beeroo boŋ-fuula kuukoo.
Le Niger a subi plusieurs famines au cours du 20ème siècle.,Niger di heray-beeri-jere waati boobo 20ème siyeeklo ra.
La culture du coton a été introduite pendant la période coloniale.,Koncance fari teeyaŋoo jinaa kolonizasyon waatoo ra.
Les épopées traditionnelles racontent les exploits des héros du passé.,Alaaday hala kuurey ga taari-ize žeeney goy beerey deede.
Le Niger a établi des relations diplomatiques avec de nombreux pays après son indépendance.,Niger na laama cerecerantawey kayandi laaba boobo nda boŋ-zunubu banda.
La pratique de l'élevage nomade a façonné les cultures du nord du Niger.,Hawjan yaaji-yaajiyan na Niger hawsa here alaadawey fasal.
Les sociétés traditionnelles zarma étaient organisées en villages dirigés par des chefs.,Zarma alaaday jamey ti koyra konday kaŋ jine boroyaŋ ga laama.
La ville de Tahoua était un important centre commercial avant la colonisation.,Tahoua koyraa ti maamala gamoo beeri kolonizasyon jine.
Les religions traditionnelles africaines honorent les ancêtres et les esprits.,Afrik addini alaaday ga gaakani kaasey nda biijey.
Le Niger a adopté le français comme langue officielle après l'indépendance.,Niger na Faransi šenni dii nga šenni kondante boŋ-zunubu banda.
La musique traditionnelle nigérienne utilise divers instruments comme le goje et le kalango.,Niger alaaday hoorey ga goy nda goojimaw dumi-dumiyey sanda goje nda kalango.
Les Touaregs pratiquent traditionnellement l'élevage de chameaux.,Targey alaaada ra ga yoo hawjayan tee.
La colonisation a perturbé les routes commerciales traditionnelles.,Kolonizasyon na alaaday maamala fondowey booli.
Le Niger est devenu une colonie française distincte en 1922.,Niger te Faransi koloni ga nga boŋ 1922 jiiri ra.
Les traditions orales sont une source importante pour l'histoire du Niger.,Deene alaadawey ti haya nafante Niger taariki bayyan ra.
Le Niger a été membre fondateur de l'Organisation de l'Unité Africaine.,Niger ti OUA (Afrik Margari Gaakasinay Kondaa) sinji jamawey ra.
La période précoloniale était marquée par des guerres entre royaumes rivaux.,"Kolonizasyon jine waatoo ra, wonguy gooru laamay cere game kaŋ ga cere ganje."
Les marchés traditionnels étaient des lieux d'échange culturel et commercial.,Alaaday hebey ti alaada nda maamala cereceranfay dogey.
La résistance à la colonisation française a été forte dans certaines régions du Niger.,Faransi kolonizasyon ganjeyanoo goo nda gaabi Niger gandawey fooyaŋ ra.
Le Niger a participé à la Seconde Guerre mondiale aux côtés des Alliés.,Niger na goy Aduɲɲa Wongu Hinkantoo ra Margari konda bande.
L'agriculture traditionnelle reposait sur des techniques adaptées au climat sahélien.,Alaaday fari teeyaŋoo ga naŋ fondawey kaŋ ga haŋaši Sahel batamaa ga.
Les premiers explorateurs européens cherchaient la source du fleuve Niger.,Erop laabu-cecikoyo jinawey ga Isa beeri Niger hundoo ceeci.
Le travail forcé était pratiqué pendant la période coloniale française.,Gaabi-goy goyandi Faransi kolonizasyon waati ra.
Le commerce du sel était vital pour les économies précoloniales.,Ciiri maamalaa ti haya nafante kolonizasyon jine nooru alhaaley se.
Le Niger est devenu une république autonome au sein de la Communauté française en 1958.,Niger te republik kaŋ goo nga boŋ gaa Faransi Jamaa ra 1958 jiiri ra.
La culture haoussa a été influencée par les contacts avec l'Afrique du Nord.,Hawsa alaadaa mana cereceranfay kaŋ i tee nda Afrik Hawsa.
Les premières élections démocratiques au Niger ont eu lieu en 1993.,Niger dimokraasi wotey jinaa tee 1993 jiiri ra.
Le Niger a connu plusieurs périodes de transition militaire.,Niger di soldaati laama barmay waati boobo.
L'indépendance du Niger a été proclamée officiellement le 3 août 1960.,"Niger boŋ-zunuboo bayandi ut 3, 1960 jiiri ra."
La monnaie traditionnelle incluait des cauris et des barres de sel.,Alaaday nooru ti kobbey nda ciiri barruw.
Le développement des infrastructures modernes a commencé pendant la période coloniale.,Teji taaga cinari goy beerey šintin kolonizasyon waatoo ra.
Le Niger a signé sa première constitution en tant que pays indépendant en 1960.,Niger na nga asariya jinaa zaa sanda laaba kaŋ goo nga boŋ gaa 1960 jiiri ra.
Les guerriers touaregs étaient réputés pour leurs compétences au combat.,Targey wongu-izey ga bay nda ngi wongu waanaa.
La région de Zinder était le centre du royaume du Damagaram.,Zinder gandaa ti Damagaram laamaa gamoo.
Les premières écoles coloniales étaient réservées à une élite nigérienne.,Kolonizasyon cawandi fuwo jinawey kayandi Niger jama beero se hinne.
Le Niger a adhéré à l'ONU le jour de son indépendance.,Niger huru ONU (Gandey Margari Kondaa) ra nga boŋ-zunubu zaaro.
La tradition du conte oral se perpétue dans les villages nigériens.,Deene fillawey alaadaa ga gaay Niger koyra kanbey ra.
Les premiers partis politiques nigériens ont été créés avant l'indépendance.,Niger politik kondey jinawey tee boŋ-zunubu jine.
Le système des castes existait dans certaines sociétés nigériennes traditionnelles.,Jamay-zamna goyoo gooru Niger alaada jama fooyaŋ ra.
Le Niger a participé activement au mouvement panafricain après l'indépendance.,Niger na goy ka tonton Afrik-kul-margari fondaa ra boŋ-zunubu banda.
Les traditions funéraires varient selon les groupes ethniques au Niger.,Bukaw fijiyaŋ alaadawey ga waani ka sawa nda alšimaa dumey Niger ra.
La médecine traditionnelle était pratiquée par des guérisseurs spécialisés.,Alaaday safarikooney kaŋ ga waani ga alaaday yayyan fondaa goy.
Les chefferies traditionnelles ont été maintenues pendant la période coloniale.,Alaaday jineboreyaŋ goro ngi dogoo ra kolonizasyon waati ra.
Le Niger a établi des relations diplomatiques avec la France dès son indépendance.,Niger na laama cerecerantarey cin nda Faransi za nga boŋ-zunubu.
"Les traditions artistiques nigériennes incluent la poterie, le tissage et la sculpture.","Niger alaaday artey ra goo labu kuseyaŋ, kay-šaayaŋ nda žemnayan."
La religion islamique s'est répandue progressivement au Niger depuis le 11ème siècle.,Islaam addini zaayan low-low Niger ra za 11ème siyeeklo.
Le Niger a connu plusieurs tentatives de coups d'État dans son histoire.,Niger di laama-zaa-ka-boŋ-daŋ ceeci waati boobo nga taariki ra.
Les traditions musicales nigériennes ont été influencées par diverses cultures.,Niger hooryan alaadawey mana alaada dumi-dumiyaŋ ra.
La période coloniale a duré environ 60 ans au Niger.,Kolonizasyon waatoo gay hala jiiri 60 Niger ra.
Les Touaregs sont connus pour leur artisanat en cuir et en métal.,Targey ga bay nda kuuru nda guuru goyyaŋ.
La tradition de la poterie est associée aux femmes dans de nombreuses cultures nigériennes.,Labu kuseyaŋ alaadaa ga cendi nda wayborey Niger alaada boobo ra.
Les premières routes transsahariennes passaient par le territoire du Niger actuel.,Sahara-bisa fondo jinawey ga bisa sohõ Niger laabu ra.
Le Niger a signé des accords de défense avec la France après l'indépendance.,Niger na wongu-game waafakey zaa nda Faransi boŋ-zunubu banda.
La colonisation a modifié les structures sociales traditionnelles.,Kolonizasyon na alaaday jama alahaley barmay.
Le royaume du Damagaram a été fondé au 18ème siècle.,Damagaram laamaa šintiyanoo tee 18ème siyeeklo ra.
Les traditions culinaires nigériennes reflètent l'histoire et la géographie du pays.,Niger ŋwaari alaadawey ga laaboo taariki nda nga gandawoo cebe.
La capitale du Niger a été transférée de Zinder à Niamey en 1926.,Niger faaba koyraa hun Zinder ka koy Niamey 1926 jiiri ra.
Les sociétés précoloniales pratiquaient le commerce du bétail à grande échelle.,Kolonizasyon jine jamawey ga almaney maamala tee ibaazo.
Le Niger a adopté un système présidentiel après l'indépendance.,Niger na laama hinnaari kaŋ presidents ti ijinaa dii boŋ-zunubu banda.
La tradition de l'hospitalité est importante dans la culture nigérienne.,Yaw alaadaa ti haya nafante Niger alaada ra.
Les Français ont introduit de nouvelles cultures agricoles au Niger.,Faransi borey kate fari dumi taagayaŋ Niger ra.
Le Niger a vécu plusieurs périodes de transition démocratique.,Niger di dimokraasi barmay waati boobo.
Les villages traditionnels étaient souvent construits près des points d'eau.,Alaaday koyra kanbey alwaati boobo ga cina hari nungey jeroo ga.
Le système éducatif nigérien moderne a été établi pendant la période coloniale.,Niger teji taaga cawandi sisteem kayandi kolonizasyon waati ra.
Les femmes jouaient un rôle important dans les marchés traditionnels.,Wayborey goo nda nafaw beeri alaaday hebey ra.
La première université du Niger a été fondée après l'indépendance.,Niger universiteoo jinaa šintiyanoo tee boŋ-zunubu banda.
Les premières élections au suffrage universel au Niger ont eu lieu en 1957.,Niger wote jinawey kaŋ ra boro kul ga naŋ tee 1957 jiiri ra.
L'architecture traditionnelle utilisait des matériaux locaux comme la terre cuite.,Alaaday cinari ga goy nda nogu jinawey sanda labu dullu.
Le Niger a été divisé en huit régions administratives après l'indépendance.,Niger zamna ganda kondante iway ra boŋ-zunubu banda.
Les traditions vestimentaires reflètent l'identité culturelle au Niger.,Bankaaray daŋyan alaadawey ga alšimaa alaada cebe Niger ra.
La ville d'In-Gall était un important centre caravanier.,In-Gall koyraa ti kaaraw gorodoo beeri.
Le système judiciaire nigérien combine droit moderne et droit coutumier.,Niger ciiti fondaa ra goo teji taaga ciiti fondaa nda alaaday ciiti fondaa.
Les premières missions d'exploration européennes au Niger datent du 19ème siècle.,Erop laabu ceciyan misyoŋ jinawey Niger ra šintin 19ème siyeeklo ra.
La tradition orale a préservé de nombreux aspects de l'histoire précoloniale.,Deene alaadaa na kolonizasyon jine taariki alhaaley boobo gaabu.
Le premier coup d'État au Niger a eu lieu le 15 avril 1974.,"Niger laama-zaa-ka-boŋ-daŋ jinaa tee awiril 15, 1974 jiiri ra."
"Les traditions musicales touarègues incluent l'imzad, joué par les femmes.","Targey hooryan alaadawey ra goo imzad, kaŋ wayborey ga kar."
La langue française a été introduite par l'administration coloniale.,Faransi šenni kaa nda kolonizasyon laamaa.
Le Niger a adhéré à l'UNESCO peu après son indépendance.,"Niger huru UNESCO (Gandey Margari Bayray, Alaada nda Cawyan Kondaa) ra waati kaynoo nga boŋ-zunubu banda."
Les Zarma ont migré de la région du Mali vers le Niger actuel.,Zarmakey hun Mali gandaa ra ka koy sohõ Niger ra.
La tradition des griots perpétue l'histoire des familles royales.,Jesere alaadaa ga kokoy hugey taarikoo gaay.
"Le Niger a adopté sa première devise nationale en 1960: 'Fraternité, Travail, Progrès'.","Niger na nga laaboo šenni jinaa zaa 1960 jiiri ra: 'Armataray, Goy, Jinekoy'."
La famine de 1954 a frappé durement le Niger colonial.,1954 jiiri heray-beeri-jerey na kolonizayon waati Niger kar gumo.
Les forgerons traditionnels fabriquaient des outils agricoles et des armes.,Alaaday guurey ga fari goyjinay nda wongu jinay cin.
Le Niger a été représenté aux Jeux Olympiques pour la première fois en 1964.,Niger cebandi Jeux Olympiques ra jina 1964 jiiri ra.
La culture du coton a été développée pour l'exportation pendant la période coloniale.,Koncance fari teeyaŋoo kayandi taaci jineyan se kolonizasyon waati ra.
Les villages traditionnels zarma étaient organisés autour d'une place centrale.,Zarma alaaday koyrawey soolu farru beeri gamoo ga.
Le Niger a signé la Charte des Nations Unies en 1960.,Niger na Gandey Margari Kondaa asariyoo zaa 1960 jiiri ra.
Les premières missions catholiques au Niger datent des années 1930.,Katolik misyoŋey jinawey Niger ra šintin 1930 jiirey ra.
Le Niger a participé au mouvement des non-alignés pendant le guerre froide.,Niger na goy laabey margari kaŋ mana jere kul zaa Kogay Kogay Waati ra.
La pratique du mariage arrangé était courante dans les sociétés traditionnelles.,Hiija kayandante goyoo ga boobo alaaday jamawey ra.
Les premières infrastructures routières modernes ont été construites dans les années 1920.,Fondo teji taagey cinari jinawey tee 1920 jiirey ra.
Le Niger possède une riche tradition de contes et de mythes.,Niger goo nda fillawey nda taaridey alhaali booboyaŋ.
La première radio nationale nigérienne a été créée après l'indépendance.,Niger raadiyo jinaa kayandi boŋ-zunubu banda.
Les cérémonies de mariage traditionnelles durent plusieurs jours.,Alaaday hiija batey ga gay zaarey boobo.
Le Niger a été administré depuis le Dahomey (Bénin) pendant une partie de la période coloniale.,Niger laama hun Dahomey (Benin) kolonizasyon waati jere ra.
Les traditions de chasse ont une importance culturelle dans plusieurs ethnies.,Sorkotaray alaadey ga tee nafaw beeri alšimaa boobo alaadaa ra.
Le Niger a établi ses premières forces armées nationales après l'indépendance.,Niger na nga soldaati kondaa jinaa kayandi boŋ-zunubu banda.
Les chefs traditionnels servaient d'intermédiaires entre le peuple et l'administration coloniale.,Alaaday jineboroyaŋ ti boŋfuturi jamaa nda kolonizasyon laamaa game.
Le Niger a adopté son premier drapeau national en 1959.,Niger na nga laaboo darba jinaa dii 1959 jiiri ra.
Les rites de passage marquent les étapes importantes de la vie dans les sociétés traditionnelles.,Huna doo teeri alhaali ga hunaroo taka beerey cebe alaaday jamawey ra.
"Le Niger a connu sa première constitution en 1959, avant l'indépendance.","Niger du nga asariya jinaa 1959 jiiri ra, boŋ-zunubu jine."
Les traditions de tatouage avaient une signification sociale et culturelle.,Ban-zaariyaŋ ga cebe alšimaa nda alaada maanawey.
La première assemblée territoriale du Niger a été élue en 1946.,Niger laaboo margari konday jinaa suubandi 1946 jiiri ra.
Les traditions animistes coexistent avec l'islam dans certaines régions.,Alaaday addini nda Islaam ga goro care banda nogu fooyaŋ ra.
Le Niger a participé aux conférences du mouvement panafricain dans les années 1960.,Niger na goy Afrik-kul-margari fondaa margarey ra 1960 jiirey ra.
Les noms traditionnels reflètent souvent les circonstances de la naissance.,Alaaday maaɲey ga alwaati boobo hayyanoo alhaaley cebe.
Le Niger a établi ses premières relations diplomatiques internationales en 1960.,Niger na nga laama-cerecerantaa teeriyan jinaa kayandi 1960 jiiri ra.
Les cérémonies traditionnelles suivent le cycle des saisons agricoles.,Alaaday batuwey ga hanga fari teeyaŋ waatey.
Le Niger a connu une période transitoire avant son indépendance complète.,Niger di barmay waati nga boŋ-zunubu timantaa jine.
La dot est une tradition importante dans les mariages nigériens.,Nooro ti alaada nafante Niger hiijawey ra.
Le Niger a été représenté à la Conférence de Bandung en 1955.,Niger cebandi Bandung Margaroo ra 1955 jiiri ra.
Les traditions de pêche varient selon les régions du fleuve Niger.,Sorko alaadey ga waani ka sawa nda Isa beeri Niger gandawey.
Le Niger a signé ses premiers accords commerciaux internationaux après l'indépendance.,Niger na nga gandey game maamala waafaki jinawey zaa boŋ-zunubu banda.
La pratique de l'élevage transhumant suit des routes traditionnelles.,Hawjan yaaji-yaajiyaŋo ga hanga alaaday fondowey.
Le Niger a adopté son hymne national 'La Nigérienne' en 1961.,Niger na nga laabo bayti 'La Nigérienne' dii 1961 jiiri ra.
Le soleil se lève à l'est et se couche à l'ouest.,"Wayna ga tun dandi haray, a ga kaŋ dandi kaŋay."
L'eau bout à 100 degrés Celsius.,Hari ga toni degre zangu ra.
La Terre tourne autour du Soleil.,Laboo ga bare wayna windanta.
Le Niger est un pays d'Afrique de l'Ouest.,Niger mana ti Afrika waynakaŋay laabo fo.
Niamey est la capitale du Niger.,Niamey ti Niger faaba koira.
Le français est une langue officielle au Niger.,Nasara senni ti Niger gandaa laabo me ga šenni.
Le fleuve Niger traverse la ville de Niamey.,Joliba ga bisa Niamey koira ra.
Le riz est un aliment de base dans de nombreux pays.,Muusu ti ŋwaari maana laabo boobo ra.
Les chats sont des animaux domestiques populaires.,Muusu ti gandaa do alkaaloo baakoy beerey.
La médecine moderne a permis de sauver de nombreuses vies.,Medecine taji na fondo tee ka borey boobo hundey hallasi.
L'éducation est importante pour le développement d'un pays.,Cawyan goni laabo koyjineyan se.
La saison des pluies au Niger dure généralement de juin à septembre.,Hari jiri alwaati Niger ra ga šintin zaari handu ra ka ben siptanbur ra.
Le chameau peut survivre longtemps sans eau.,Yoo ga hin ka gay bila nda a ga hari haŋ.
Les mathématiques sont essentielles dans de nombreux domaines.,Matematiki goni gandaa boobo ra.
Le téléphone portable a révolutionné la communication.,Talefon beerey na alhabaryaŋ barmay.
Internet permet d'accéder à de nombreuses informations.,Internet ga naŋ boro ma duu alhabar boobo.
Les énergies renouvelables sont importantes pour l'avenir.,Hina kaŋ ga ye ga goni zamaana taji se.
L'agriculture est un secteur clé de l'économie nigérienne.,Fari ti Niger nooru gandaa maana.
La littérature orale est une tradition importante en Afrique.,Deene fakaarey ti alaada beeri Afrika ra.
Les baobabs sont des arbres emblématiques du paysage africain.,Koŋa ti tuuri beeri kaŋ ga Afrika laabey boorandi.
Le marché est un lieu d'échange commercial et social.,Habu ti nooruteeri nda denjin do gorodoo.
Le respect des aînés est une valeur fondamentale dans la culture zarma.,Boro beerey beerandi ti Zarma alaada hinna beeri.
La musique traditionnelle utilise différents instruments.,Donkey alaadakoyey ga goyjinay dumi-dumiyaŋ ka goy.
Les contes populaires transmettent des leçons morales.,Taaliyaŋ ga boro dondonandi teegoy henna nda laala.
Le mil est une céréale très cultivée au Niger.,Haabu ti dumari kaŋ borey ga doona ka duma Niger ra.
Le Niger est traversé par le fleuve du même nom.,Joliba ga Niger laabo dunbu.
La médecine traditionnelle utilise des plantes médicinales.,Alaada safaaray ga subu yaamarkoyyaŋ goy.
Les femmes jouent un rôle important dans l'économie locale.,Wayborey goy ga hima nooru gandaa ra.
L'hospitalité est une valeur importante dans la culture nigérienne.,Yawzumaa ti hinna beeri Niger alaada ra.
Le henné est utilisé pour décorer les mains lors des cérémonies.,Ga na kambe šifandi nda lalle hooray waati.
La dot est une tradition importante lors des mariages.,Bangay ti hinna beeri hiijay waati.
Le thé est une boisson très appréciée lors des réunions sociales.,Attaaya ti haŋari kaŋ borey ga baa marga waati.
Les griots sont les gardiens de l'histoire et des traditions.,Jesey ti taarikiyaŋ nda alaadayaŋ jisikey.
Le désert du Sahara occupe une grande partie du Niger.,Saharaa saajiyoo ga Niger laabo jera beeri dii.
La fête de Tabaski est célébrée par les musulmans.,Alhaaji jirbi ti jingaray kaŋ muslimey ga tee.
Les nomades élèvent principalement des chameaux et des chèvres.,Yawtaley ga doona ka yooyaŋ nda hinkayaŋ beeri.
L'artisanat traditionnel comprend le tissage et la poterie.,Alaada kambe goy ra ganda-sanda nda feema goo.
Le changement climatique affecte les saisons de pluie.,Wayno barmaa ga hari jiri alwaati barmay.
Les panneaux solaires permettent d'accéder à l'électricité dans les zones rurales.,Wayna hina fattawey ga naŋ kawyey borey ma duu naliiziyoo.
La vaccination aide à prévenir de nombreuses maladies.,Pikiri safariyaŋ ga dongoy boobo ganji.
L'alphabétisation des adultes est un défi important.,Boro beerey cawandoo ti šenday beeri.
Le commerce transfrontalier est important pour l'économie locale.,Nooru teeri laabo hirroo ga goni laabo nooru gandaa se.
Les téléphones mobiles ont amélioré la communication dans les zones rurales.,Talefon beerey na alhabaryaŋ boryandi kawey ra.
La radio est un moyen d'information largement utilisé.,Radiyoo ti alhabar harandi goyjinay kaŋ borey ga doona ka goy.
Le football est un sport très populaire au Niger.,Bal karey ti foolo kaŋ borey ga baa gumo Niger ra.
Les termites construisent de grandes termitières.,Kokotiyey ga ngi do beerey cin.
La lune influence les marées océaniques.,Handu ga teekoo ziša.
Les étoiles brillent dans le ciel nocturne.,Handariyayzey ga dii beene cijin ra.
L'acacia est un arbre résistant à la sécheresse.,Tangarfa ti tuuri kaŋ ga hin ka koggu waati suuri.
Les girafes ont un long cou pour atteindre les feuilles des arbres.,Tiilay ga jinde kuuku gey ka tuuri fitilawey too.
Le lion est considéré comme le roi des animaux.,Muusu beeri ga hima sanda alkaali kokay.
L'éléphant est le plus grand animal terrestre.,Ganja ti laboo alkaaloo kul ibeeroo.
Les poissons respirent grâce à leurs branchies.,Haamey ga hunanzam nda ngi niinekoyey.
Les serpents changent de peau régulièrement.,Gondey ga doona ka kuuru barmay.
Le miel est produit par les abeilles.,Yuu ti haamaarey goyoo.
Les moutons fournissent de la laine et de la viande.,Feejiyaŋ ga hambiri nda ham noo.
Le maïs est une céréale originaire d'Amérique.,Masara ti dumari kaŋ hun Ameriki.
Le coton est une culture importante pour les textiles.,Hotolo ti duma kaŋ goni zaara teeyan se.
Le manioc est une plante dont les racines sont comestibles.,Banja ti subu kaŋ linjey ga ŋaani.
L'arachide est cultivée pour ses graines oléagineuses.,Ganda guria ga dumandi nga ize jiyey se.
Le karité produit des amandes utilisées pour faire du beurre.,Bultugu ga izeyaŋ hay kaŋ ga naŋ jiiri ma tee.
Le palmier dattier produit des dattes sucrées.,Tamaro tuuri ga tamaro izeyaŋ hay kaŋ ga kan.
Le tabac est une plante cultivée pour ses feuilles.,Taaba ti duma kaŋ ga zumandi nga fitilawey se.
Le thé vert contient des antioxydants.,Attaaya firiyanta ra antioxidant goo.
Le café est une boisson stimulante.,Kafee ti haŋari kaŋ ga gaabi daŋ.
Le sucre est extrait de la canne à sucre.,Sukari ga hun sukari ganda ra.
Le sel est essentiel pour la saveur des aliments.,Ciiri ga hima ŋwaari kannandi se.
Le poivre est une épice qui ajoute du piquant.,Poivri ti kaaray kaŋ ga ŋwaari hotandi.
Le gingembre est utilisé en cuisine et en médecine.,Gembaari tooyan ra nda safaaray ra ga goy.
L'huile de palme est utilisée pour la cuisine.,Teeku ji ga goy ŋwaari tooyan ra.
Le citron est riche en vitamine C.,Lemoo ra vitamine C ga boobo.
La mangue est un fruit tropical sucré.,Mangoo ti gurba kaŋ ga kan konnayzoo laabey ra.
La papaye est bonne pour la digestion.,Papaya ga boori toonay se.
La banane est riche en potassium.,Banaanaa ra potassium ga boobo.
L'avocat est un fruit riche en bonnes graisses.,Avocat ti gurba kaŋ ra maani hennayaŋ ga boobo.
La tomate est utilisée dans de nombreuses cuisines.,Tomati ga goy ŋwaari dumiyaŋ boobo ra.
L'oignon est un légume de base dans la cuisine.,Albasala ti dumare kaŋ ga boori ŋwaari tooyan se.
L'ail a des propriétés antibactériennes.,Toomi goo nda antibacteri gaabi.
Le piment peut être très épicé.,Tonfita ga hin ka hotti gumo.
La patate douce est riche en fibres.,Kudaku ra fiber ga boobo.
Le taro est un tubercule consommé dans de nombreuses régions.,Taro ti linjo kaŋ ga ŋanandi gandaa boobo ra.
Le gombo est utilisé comme épaississant dans les sauces.,La ga goy ka ham hari yoobandi.
L'aubergine est un légume violet.,Aubergin ti dumare bula-bula.
La courge contient des graines nutritives.,Kuduku ra izeyaŋ goo kaŋ gaa hinna.
Le chou est riche en vitamines.,Chou ra vitaminey ga boobo.
La carotte est bonne pour la vue.,Carotti ga boori moo diiyaŋ se.
La betterave a une couleur rouge intense.,Betteravi goo nda ciray beeri.
Le concombre est composé principalement d'eau.,Konkomburu ra hari hinne ga boobo.
Le radis a un goût piquant.,Radis maa ga hotti.
La laitue est une salade verte.,Leetiti ti duuma firiyanta.
Le persil est une herbe aromatique.,Persil ti subu kaŋ ga maasa noo.
La menthe est utilisée pour parfumer les thés.,Naanaa ga goy ka attaaya maasandi.
Le basilic est une herbe utilisée en cuisine.,Basilic ti subu kaŋ ga goy ŋwaari tooyan ra.
La coriandre est utilisée fraîche ou en graines.,Coriandre ga goy taaga wala a izey.
Le cumin est une épice commune dans la cuisine indienne.,Cumin ti kaaray kaŋ ga doona ka goy Inde ŋwaarey ra.
Le fenouil a un goût anisé.,Fenouil maa ga hima nda anis wane.
L'aneth est utilisée pour aromatiser les plats.,Aneth ga goy ka ŋwaarey maasandi.
Le romarin est une herbe méditerranéenne.,Romarin ti Mediterane subu.
Le thym est utilisé pour ses propriétés aromatiques.,Thym ga goy nga maasa nooyan hinaji se.
La sauge est utilisée en cuisine et en médecine.,Sauge ga goy ŋwaari tooyan nda safaaray ra.
L'origan est couramment utilisé dans la cuisine italienne.,Origan ga doona ka goy Italie ŋwaari tooyan ra.
Le laurier parfume les plats mijotés.,Laurier ga ŋwaari kaŋ ga mone maasandi.
La cannelle est une épice au goût sucré.,Kannel ti kaaray kaŋ maa ga kan.
Le clou de girofle a des propriétés anesthésiques.,Žirofli ti kaaray kaŋ ga boro sensitif dogandi.
La muscade est utilisée râpée dans de nombreux plats.,Muska ga goy duuša doo boobo ra.
La vanille est une épice chère.,Vanille ti kaaray kaŋ ga cabu.
Le safran est l'épice la plus chère du monde.,Safran ti aduɲɲa kaaray kul icaabantaa.
Le curcuma colore les plats en jaune.,Curcuma ga naŋ ŋwaari ma šaynay.
Le paprika est fait à partir de poivrons séchés.,Paprika ga tee nda poivron kaŋ ga koogandi.
Le curry est un mélange d'épices.,Kari ti kaaray boobo kaŋ ga beeri cere game.
La cardamome a un goût citronné.,Cardamome maa ga hima nda lemoo wane.
L'anis étoilé a la forme d'une étoile.,Anis étoilé ga hima nda handariyayze.
La coriandre est aussi appelée cilantro.,Coriandre ga ciyandi da cilantro.
Le fenugrec a une odeur caractéristique.,Fenugrec goo nda nga boŋ nda nga boŋ maasa.
Le garam masala est un mélange d'épices indiennes.,Garam masala ti Inde kaaray booboyaŋ kaŋ ga beeri cere game.
Le wasabi est une racine piquante japonaise.,Wasabi ti Japon linjo kaŋ ga hotti.
Le sumac a un goût acidulé.,Sumac maa ga moor.
La réglisse a un goût sucré et caractéristique.,Réglisse goo nda kaana nda boŋ waani maa.
Le poivre de Cayenne est très piquant.,Cayenne poivri ga hotti gumo.
La chicorée peut remplacer le café.,Chicoree ga hin ka kafee barmay.
L'échalote est un condiment proche de l'oignon.,Echalote ti kaaray kaŋ ga man albasala.
Le gingembre est une racine aromatique.,Gembaari ti linjo kaŋ ga maasa noo.
La noix de muscade est toxique à forte dose.,Muska ize ga hin ka naaji boro še nda a ga boobo.
Le piment de la Jamaïque combine plusieurs saveurs.,Jamaika tonfita ra maa boobo goo.
Le cumin noir est utilisé en médecine traditionnelle.,Cumin bibi ga goy alaada safaaray ra.
La badiane est utilisée pour aromatiser les desserts.,Badiane ga goy ka kaana ŋwaarey maasandi.
Le galanga est similaire au gingembre.,Galanga ga hima nda gembaari.
La citronnelle est utilisée dans la cuisine asiatique.,Citronelle ga goy Azi ŋwaari tooyan ra.
Le raifort est une racine au goût piquant.,Raifort ti linjo kaŋ maa ga hotti.
Le pavot produit des graines comestibles.,Pavot ga izeyaŋ hay kaŋ ga ŋaani.
Le cerfeuil est une herbe fine de la cuisine française.,Cerfeuil ti Faransi ŋwaari tooyan subu.
Le céleri est utilisé pour son parfum.,Céleri ga goy nga maasaa se.
L'estragon a un goût anisé.,Estragon maa ga hima nda anis wane.
La livèche est aussi appelée céleri perpétuel.,Livèche ga ciyandi da céleri perpétuel.
La marjolaine est proche de l'origan.,Marjolaine ga man origan.
Le fenugrec est utilisé en médecine ayurvédique.,Fenugrec ga goy ayurvédique safaaray ra.
Le curcuma est un anti-inflammatoire naturel.,Curcuma ti anti-inflammatoire tabiikoy.
La nigelle est aussi appelée cumin noir.,Nigelle ga ciyandi da cumin bibi.
Le poivre long était utilisé avant le poivre noir.,Poivri kuuku ga doona ka goy poivri bibi jine.
Le mélilot parfume certains fromages.,Mélilot ga fromaze fooyaŋ maasandi.
L'angélique est utilisée pour aromatiser les liqueurs.,Angélique ga goy ka alwala haŋarey maasandi.
La bourrache a des fleurs comestibles.,Bourrache izaboorey ga ŋaani.
La sarriette est une herbe aromatique de la cuisine méditerranéenne.,Sarriette ti subu kaŋ ga maasa noo Mediterane ŋwaari tooyan ra.
L'hysope est utilisée en cuisine et en médecine.,Hysope ga goy ŋwaari tooyan nda safaaray ra.
Le géranium a des feuilles parfumées.,Géranium goo nda fitila kaŋ ga maasa noo.
L'anis vert parfume les boissons alcoolisées.,Anis firiyanta ga alwala haŋarey maasandi.
Le carvi est utilisé dans le pain de seigle.,Carvi ga goy korfu seigle ra.
Le serpolet est un thym sauvage.,Serpolet ti thym yaajo.
La verveine citronnée parfume les tisanes.,Verveine lemokoynte ga safaaray haŋari maasandi.
Le gattilier est utilisé en médecine traditionnelle.,Gattilier ga goy alaada safaaray ra.
Le laurier-rose est une plante toxique.,Laurier-rose ti subu toogo.
Le quinquina a été utilisé contre le paludisme.,Quinquina ga doona ka goy sayri dongoy se.
La réglisse est utilisée en confiserie.,Réglisse ga goy kankammay teeyan ra.
La sauge sclarée est utilisée en parfumerie.,Sauge sclarée ga goy maasa henna teeyan ra.
L'ylang-ylang parfume les cosmétiques.,Ylang-ylang ga cosmétique maasandi.
Le nard est une plante aromatique himalayenne.,Nard ti Himalaya subu kaŋ ga maasa noo.
Le vétiver est utilisé en parfumerie.,Vétiver ga goy maasa henna teeyan ra.
Le millepertuis est une plante médicinale.,Millepertuis ti yaamarko subu.
La valériane est utilisée comme calmant.,Valériane ga goy ka boro binoo yeynandi.
La passiflore est utilisée contre l'anxiété.,Passiflore ga goy laakal tun-tun se.
La camomille favorise le sommeil.,Camomille ga jirbi faala.
La mélisse a un parfum citronné.,Mélisse maasa ga hima nda lemoo wane.
Le houblon est utilisé dans la fabrication de la bière.,Houblon ga goy biyar teeyan ra.
Le tilleul est utilisé en infusion.,Tilleul ga goy safaaray haŋari teeyan ra.
L'aubépine est bonne pour le cœur.,Aubépine ga boori bine binoo se.
Le gui était sacré pour les druides.,Gui ga hanan druide-ey se.
Le boldo aide à la digestion.,Boldo ga toonay faala.
La bruyère est une plante mellifère.,Bruyère ti subu kaŋ ga yuu noo.
La bardane est utilisée contre les problèmes de peau.,Bardane ga goy kuuru šenday se.
La prêle est riche en silice.,Prêle ra silice ga boobo.
L'ortie est nutritive malgré ses piqûres.,Ortie ga hinna ba kaŋ a ga ton.
La consoude aide à la cicatrisation.,Consoude ga maray yaamarey faalandoo faala.
Le plantain est utilisé contre les piqûres d'insectes.,Plantain ga goy ganda koyoŋ tonyan se.
L'achillée millefeuille arrête les petits saignements.,Achillée millefeuille ga kuri doori kittey kayandi.
Le pissenlit est comestible entièrement.,Pissenlit kul ga ŋaani.
Le bouillon-blanc est utilisé pour la toux.,Bouillon-blanc ga goy dundumi se.
La capucine a des fleurs comestibles.,Capucine izaboorey ga ŋaani.
La bourrache est riche en oméga-6.,Bourrache ra oméga-6 ga boobo.
Le souci est utilisé en médecine traditionnelle.,Souci ga goy alaada safaaray ra.
La lavande apaise et parfume.,Lavande ga boro yeynandi nda ka maasa noo.
Le chardon-Marie protège le foie.,Chardon-Marie ga tasa hallasi.
L'angélique confite est utilisée en pâtisserie.,Angélique confite ga goy gato teeyan ra.
La reine-des-prés contient de l'aspirine naturelle.,Reine-des-prés ra aspirine tabiikoy goo.
L'eucalyptus aide à respirer.,Eucalyptus ga hunanzam faala.
Le ginseng est un fortifiant.,Ginseng ga gaabi noo.
Le konjac est utilisé comme coupe-faim.,Konjac ga goy herey kayandi.
Le guarana contient beaucoup de caféine.,Guarana ra caféine ga boobo.
Le psyllium est riche en fibres.,Psyllium ra fiber ga boobo.
La spiruline est une algue nutritive.,Spiruline ti teekoo subu kaŋ ga hinna.
Le moringa est un arbre aux multiples vertus.,Moringa ti tuuri kaŋ gaa hinna boobo.
Le baobab a un fruit riche en vitamine C.,Koŋa izoo ra vitamine C ga boobo.
L'hibiscus est utilisé pour faire une boisson rafraîchissante.,Folleré ga goy haŋari yeynante teeyan se.
Le karité est utilisé pour faire du beurre cosmétique.,Bultugu ga goy jiiri teeyan se kaŋ ga kuuru boryandi.
Le néré est utilisé pour faire un condiment fermenté.,Nere ga goy ka kaaray funsu tee.
Le tamarinier a des fruits acides utilisés en cuisine.,Tamaro tuuri goo nda ize mooranteyaŋ kaŋ ga goy ŋwaari tooyan ra.
Le palmier à huile produit une huile rouge.,Teeku tuuri ga ji ciray hay.
Le rônier est un palmier aux multiples usages.,Subahi ti teeku tuuri kaŋ goo nda goy booboyaŋ.
Le corossol est un fruit à la chair blanche.,Corossol ti gurba kaŋ hamoo ga kaaray.
Le ditax est un fruit utilisé pour faire du jus.,Ditax ti gurba kaŋ ga goy hari kanante teeyan se.
Le jujubier produit de petits fruits sucrés.,Nkunje ga ize kanantey kaŋ ga kacciya hay.
Le gombo est souvent utilisé dans les sauces.,La ga doona ka goy ham hari ra.
Le mil est la céréale de base au Niger.,Haabu ti Niger dumari bebezoo.
Le sorgho est résistant à la sécheresse.,Sorgho ga hin ka koggu waati suuri.
Le fonio est une céréale très nutritive.,Fonio ti dumari kaŋ goo nda hinna gumo.
L'igname est un tubercule énergétique.,Kudaku ti linjo kaŋ ga gaabi noo.
Le manioc doit être bien préparé pour éliminer les toxines.,Banga ga hima ka soolandi henna ka naaji hayayey kaa.
Le taro est consommé pour ses tubercules.,Taro ga ŋaanandi nga linjey se.
La patate douce est riche en vitamine A.,Kudaku ra vitamine A ga boobo.
L'arachide est utilisée pour faire de l'huile et du beurre.,Gurnga ga goy ji nda jiiri teeyan se.
Le niébé est une légumineuse importante dans l'alimentation.,Dunguri ti dumari kaŋ ga hima ŋwaari ra.
Le voandzou est une légumineuse riche en protéines.,Voandzou ti dumari kaŋ ra protéine ga boobo.
Le moringa est considéré comme un superaliment.,Moringa ga hesandi sanda ŋwaari kul ihenna.
Le bissap est une boisson à base d'hibiscus.,Bisaap ti haŋari kaŋ ga tee nda folleré.
"Le baobab est utilisé entièrement, de l'écorce aux feuilles.","Koŋa kul ga goyandi, nga kuuru ka koy nga fitilawey."
Le néré est fermenté pour faire du soumbala.,Nere ga funsu ka daddawa tee.
Le ditax est riche en vitamine C.,Ditax ra vitamine C ga boobo.
Le pain de singe est le fruit du baobab.,Pain de singe ti koŋa izoo.
Le karité est récolté par les femmes.,Wayborey ga bultugu kosu.
L'huile d'arachide est utilisée pour la cuisine.,Gurnga ji ga goy ŋwaari tooyan ra.
Le couscous de mil est un plat traditionnel.,Haabu baasey ti alaada ŋwaari.
Le tieboudienne est un plat à base de riz et de poisson.,Ceeb-u-jen ti ŋwaari kaŋ ga tee nda muusu nda haami.
Le mafé est une sauce à base d'arachide.,Mafé ti ham hari kaŋ ga tee nda gurnga.
Le yassa est un plat à base d'oignons et de poulet.,Yassa ti ŋwaari kaŋ ga tee nda albasala nda šuše.
L'attiéké est fait à partir de manioc fermenté.,Attiéké ga tee nda banga funsante.
Le foutou est une pâte de banane plantain ou d'igname.,Foutou ti banaana wala kudaku hamni.
L'alloco est fait de bananes plantain frites.,Alloco ga tee nda banaana ciyante.
Le kilishi est une viande séchée épicée.,Kilishi ti ham kogu kaŋ ga kaaran.
Le degue est une boisson à base de mil fermenté.,Degue ti haŋari kaŋ ga tee nda haabu funsante.
Le bouye est un jus de fruit de baobab.,Bouye ti koŋa ize hari.
Le thiakry est un dessert à base de couscous et de lait caillé.,Thiakry ti kalli ŋwaari kaŋ ga tee nda baasey nda waa yogante.
Le thiebou djeun est le plat national du Sénégal.,Ceeb-u-jen ti Senegal laabo ŋwaari.
Le ndolé est un plat camerounais à base de feuilles amères.,Ndolé ti Cameroun ŋwaari kaŋ ga tee nda fitila hottanteyaŋ.
Le matapa est un plat mozambicain à base de feuilles de manioc.,Matapa ti Mozambique ŋwaari kaŋ ga tee nda banga fitilawey.
Le fufu est une pâte élastique servie avec une sauce.,Fufu ti hamni miinjante kaŋ ga kaandi nda ham hari.
L'injera est une galette éthiopienne au goût acidulé.,Injera ti Éthiopie korfu feesante kaŋ maa ga moor gumo.
Le wat est un ragoût éthiopien épicé.,Wat ti Éthiopie jey ham kaŋ ga kaaran.
Le couscous berbère est garni de légumes et de viande.,Berbere baasey ga taabandi nda dumarey nda ham.
Le tajine est un plat nord-africain cuit dans un plat en terre.,Tajine ti Afrika hawsa-norte ŋwaari kaŋ ga hiinandi labu taasa ra.
Le méchoui est un agneau rôti entier.,Méchoui ti feejize funbante timmante.
Le pastilla est un feuilleté sucré-salé marocain.,Pastilla ti Maroc bidongo kaŋ maa ga kan nda ciiri.
Le biltong est une viande séchée d'Afrique du Sud.,Biltong ti ham kogu kaŋ ga hun Afrika gurma.
Le boerewors est une saucisse sud-africaine.,Boerewors ti Afrika gurma naasiciri.
Le bunny chow est un pain évidé rempli de curry.,Bunny chow ti korfu guusante kaŋ ga toonandi nda kari.
Le piri-piri est une sauce piquante portugaise d'origine africaine.,Piri-piri ti Portugal ham hari hottante kaŋ hun Afrika.
Le bobotie est un plat sud-africain à base de viande hachée.,Bobotie ti Afrika gurma ŋwaari kaŋ ga tee nda ham muraasante.
Le chakalaka est une sauce épicée sud-africaine.,Chakalaka ti Afrika gurma ham hari kaŋ ga kaaran.
Le cachupa est un ragoût cap-verdien.,Cachupa ti Cap-Vert ham hari.
Le thiof est un poisson très apprécié au Sénégal.,Thiof ti haami kaŋ borey ga baa gumo Senegal ra.
Le capitaine est un poisson d'eau douce africain.,Capitaine ti Afrika hari henna haami.
Le nile perch est un grand poisson du lac Victoria.,Nile perch ti haami beeri kaŋ ga duwandi Victoria bangu ra.
Le tilapia est un poisson facile à élever.,Tilapia ti haami kaŋ beerandoo ga faala.
Le gnamakoudji est une boisson au gingembre.,Gnamakoudji ti haŋari kaŋ ga tee nda gembaari.
Le bissap est riche en antioxydants.,Bisaap ra antioxidant ga boobo.
Le kinkeliba est une tisane médicinale.,Kinkeliba ti safaaray haŋari.
Le ditax est utilisé pour faire un jus blanc laiteux.,Ditax ga goy hari kaarayante teeyan se.
Le bouye est très nutritif.,Bouye goo nda hinna gumo.
Le jus de gingembre est stimulant.,Gembaari hari ga gaabi daŋ.
Le dolo est une bière de mil traditionnelle.,Dolo ti haabu biyar alaadakoy.
Le vin de palme est récolté sur les palmiers.,Teeku biyari ga koosandi teeku tuuri boŋ.
Le bangui est un vin de palme frais.,Bangui ti teeku biyari taaga.
Le toukounyii est une crème de mil sucrée.,Toukounyii ti haabu haaba kaŋ ga kan.
Le zoom-koom est une boisson rafraîchissante à base de mil.,Zoom-koom ti haabu haŋari kaŋ ga yeynandi.
Le solom est une boisson à base de tamarin.,Solom ti haŋari kaŋ ga tee nda tamaro.
Le mbourake est un cocktail sénégalais au lait caillé.,Mbourake ti Senegal haŋari kaŋ ga tee nda waa yogante.
Le mascarosse pêche est une boisson gazeuse populaire.,Mascarosse pêche ti fok haŋari kaŋ borey ga baa.
Le baoulé est une boisson fermentée à base de mil et de miel.,Baoulé ti haŋari funsante kaŋ ga tee nda haabu nda yuu.
Le bandji est un vin de palme fermenté.,Bandji ti teeku biyari funsante.
Le mabi est une boisson fermentée des Caraïbes.,Mabi ti Caraïbe haŋari funsante.
Le kinkéliba est utilisé pour purifier le foie.,Kinkéliba ga goy tasa henandiyan se.
Le ngalama est une tisane contre le paludisme.,Ngalama ti safaaray haŋari sayri se.
L'arki est un alcool fort distillé traditionnellement.,Arki ti alwala gaabante kaŋ ga alaada dooni.
Le bouye est fait avec de la pulpe de baobab.,Bouye ga tee nda koŋa ize hamoo.
Le bissap peut être bu chaud ou froid.,Bisaap ga hin ka haŋandi kuunu wala yeyna.
Le jus de tamarin est acidulé.,Tamaro hari ga moor.
Le lait de coco est utilisé dans de nombreux plats.,Coco waa ga goy ŋwaari boobo ra.
Le gnamakoudji est épicé et sucré.,Gnamakoudji ga kaaran nda kan.
Le poivre de Guinée est très aromatique.,Guinée poivri ga maasa gumo.
Le piment est utilisé dans presque tous les plats.,Tonfita ga goy ŋwaari boobo ra.
Le soumbala donne une saveur umami aux plats.,Daddawa ga umami maa dam ŋwaari ra.
L'huile rouge de palme colore les plats.,Teeku ji ciray ga ŋwaari noone.
Le gombo rend les sauces visqueuses.,La ga naŋ ham hari ma yoobay.
Le roucou est utilisé comme colorant alimentaire.,Roucou ga goy ka ŋwaari noone.
La sauce arachide est épaisse et nourrissante.,Gurnga ham hari ga yoobay nda hinna.
La sauce graine est faite à partir de graines de palme.,Sauce graine ga tee nda teeku izeyaŋ.
La sauce claire accompagne souvent le poisson.,Ham hari molle ga doona ka haami ŋwa.
La sauce feuille est faite avec diverses feuilles vertes.,Ham hari fitila ga tee nda fitila firiyanta dumiyaŋ.
Le foufou se mange avec les doigts.,Fufu ga ŋaanandi nda kanbey.
L'attiéké se mange avec du poisson braisé.,Attiéké ga ŋaanandi nda haami kukurante.
Le to est une pâte de maïs ou de mil.,To ti masara wala haabu hamni.
Le foutou banane est élastique.,Banaana foutou ga miinja.
Le garba est un plat populaire en Côte d'Ivoire.,Garba ti ŋwaari kaŋ borey ga baa Côte d'Ivoire ra.
Le placali est une pâte de manioc fermenté.,Placali ti banga funsante hamni.
Le kokonte est une pâte de manioc séché.,Kokonte ti banga kogu hamni.
Le kenkey est fait de maïs fermenté.,Kenkey ga tee nda masara funsante.
Le banku est une pâte de maïs et de manioc fermentés.,Banku ti masara nda banga funsante hamni.
Le gari est du manioc râpé et grillé.,Gari ti banga duušante nda ciiyante.
L'ablo est un pain de maïs fermenté cuit à la vapeur.,Ablo ti masara funsante korfu kaŋ ga hina bufu ra.
L'akassa est une pâte de maïs fermenté enveloppée dans des feuilles.,Akassa ti masara funsante hamni kaŋ ga didiji fitila ra.
Le watché est du riz au haricot.,Watché ti muusu nda dunguri.
Le moin-moin est un gâteau de haricots cuit à la vapeur.,Moin-moin ti dunguri gato kaŋ ga hina bufu ra.
Le ndolé est préparé avec des feuilles amères.,Ndolé ga hina nda fitila hottanteyaŋ.
Le gombo frais est gluant quand il est cuit.,La taaga ga denji waati kaŋ a ga hina.
Le gombo séché est utilisé comme épaississant.,La kogu ga goy ham hari yoobandi se.
Le koki est un gâteau de haricots camerounais.,Koki ti Cameroun dunguri gato.
Le kondré est un plat à base de bananes plantain.,Kondré ti ŋwaari kaŋ ga tee nda banaana.
Le matoutou est un plat antillais à base de crabe.,Matoutou ti Antilles ŋwaari kaŋ ga tee nda crab.
Le griot est du porc frit.,Griot ti nbiiri ciyante.
Le diri ak djon djon est du riz aux champignons noirs haïtiens.,Diri ak djon djon ti muusu nda Haiti ololo biibi.
Le blaff est un poisson poché dans un court-bouillon épicé.,Blaff ti haami kaŋ ga hiinandi ham hari kaarayante ra.
Le doro wat est un ragoût de poulet éthiopien.,Doro wat ti Éthiopie šuše jey ham.
Le zigini est un bœuf épicé éthiopien.,Zigini ti Éthiopie haw kaarayante.
Le shiro est une sauce de pois chiches éthiopienne.,Shiro ti Éthiopie pois chiche ham hari.
Le kitfo est un tartare de bœuf éthiopien.,Kitfo ti Éthiopie haw kaŋ mana hiinandi.
Le couscous est garni de légumes et de viande.,Baasey ga taabandi nda dumarey nda ham.
Le mafé tiga dèguè est préparé avec des arachides et du poisson.,Mafé tiga dèguè ga hina nda gurnga nda haami.
Le tiebou yapp est du riz à la viande.,Ceeb-u-yapp ti muusu nda ham.
Le yassa poulet est mariné dans du jus de citron.,Yassa šuše ga sufa lemoo hari ra.
Le domoda est une sauce à l'arachide gambienne.,Domoda ti Gambie gurnga ham hari.
Le benachin est un plat de riz unique gambien.,Benachin ti Gambie muusu ŋwaari.
Le fouti est du couscous de manioc au poisson.,Fouti ti banga baasey nda haami.
Le plasas est un ragoût de feuilles libérien.,Plasas ti Liberia fitila jey ham.
Le ceebu jen est du riz au poisson sénégalais.,Ceebu jen ti Senegal muusu nda haami.
Le thiakry est préparé avec du millet et du lait caillé.,Thiakry ga hina nda haabu nda waa yogante.
Le thiou est une sauce tomate sénégalaise.,Thiou ti Senegal tomati ham hari.
Le lakhou bissap est préparé avec des feuilles d'hibiscus.,Lakhou bissap ga hina nda folleré fitilawey.
Le yétissé est un couscous de fonio au poulet.,Yétissé ti fonio baasey nda šuše.
Le déguè est un dessert à base de yaourt et de mil.,Déguè ti kalli ŋwaari kaŋ ga tee nda yaourt nda haabu.
Le ngalakh est un dessert sénégalais à base de baobab.,Ngalakh ti Senegal kalli ŋwaari kaŋ ga tee nda koŋa.
Le maafe est une sauce à base d'arachide.,Maafe ti ham hari kaŋ ga tee nda gurnga.
Le poulet yassa est mariné dans du citron et des oignons.,Yassa šuše ga sufandi lemoo nda albasala ra.
Le ndambé est un plat de haricots.,Ndambé ti dunguri ŋwaari.
Le thiébou guinar est du riz au poulet.,Thiébou guinar ti muusu nda šuše.
Le dibi est de la viande grillée.,Dibi ti ham ciiyante.
Le mbaxal est un plat de riz et de poisson salé.,Mbaxal ti muusu nda haami ciirante ŋwaari.
Le thiéré est un couscous de mil.,Thiéré ti haabu baasey.
Le lakh est un porridge de mil sucré.,Lakh ti haabu boori kanante.
Le mboum est une bouillie de riz.,Mboum ti muusu boori.
Le thiakry est un dessert à base de mil et de lait caillé.,Thiakry ti kalli ŋwaari kaŋ ga tee nda haabu nda waa yogante.
Le bassi salté est du couscous à la sauce.,Bassi salté ti baasey nda ham hari.
Le sombi est un dessert de riz au lait.,Sombi ti kalli ŋwaari kaŋ ga tee nda muusu nda waa.
Le fonde est une bouillie de fonio.,Fonde ti fonio boori.
Le moni curu est une bouillie de mil traditionnelle.,Moni curu ti haabu boori alaadakoy.
Le thiou yapp est une sauce tomate à la viande.,Thiou yapp ti tomati ham hari nda ham.
Le domoda est une sauce à base d'arachide.,Domoda ti ham hari kaŋ ga tee nda gurnga.
Le dahinn est un plat de viande au riz blanc.,Dahinn ti ham ŋwaari nda muusu kaaraykoy.
Le thiou blanc est à base d'oignons blancs.,Thiou blanc ga tee nda albasala kaaray.
Le thiou noir est à base d'oignons caramélisés.,Thiou noir ga tee nda albasala kaana.
Le soupoukanja est une sauce aux gombos.,Soupoukanja ti ham hari kaŋ ga tee nda la.
Le mbakhal saloum est un plat de poisson fumé.,Mbakhal saloum ti haami dullu ŋwaari.
Le daxin est un ragoût de viande et de légumes.,Daxin ti ham nda dumare jey ham.
Le caldou est une soupe de poisson citronnée.,Caldou ti haami suppuru lemokoy.
Le lakhou niébé est un plat de haricots.,Lakhou niébé ti dunguri ŋwaari.
Le soupou kanja est une soupe de gombo.,Soupou kanja ti la suppuru.
Le mafé est traditionnellement préparé avec du bœuf.,Mafé ga alaada dooni ka hina nda haw ham.
Le yétissé est parfumé à l'ail et au persil.,Yétissé ga maasandi nda toomi nda persil.
Le boulettes de viande sont un plat populaire.,Ham gullantey ti ŋwaari kaŋ borey ga baa.
Le kebab est de la viande grillée sur des brochettes.,Kebab ti ham ciiyante marga guusu boŋ.
Le afrah est un plat de riz au poulet.,Afrah ti muusu nda šuše ŋwaari.
Le jollof rice est un plat de riz épicé.,Jollof rice ti muusu ŋwaari kaarayante.
Le riz au gras est cuit dans un bouillon.,Muusu baalikoynte ga hiinandi jey ham ra.
Le riz cantonais est garni de légumes et d'œufs.,Canton muusu ga taabandi nda dumarey nda gu.
Le akotonshi est un plat de riz et d'œufs.,Akotonshi ti muusu nda gu ŋwaari.
Le chin chin est un snack croustillant.,Chin chin ti ŋwaari kayna kaŋ ga tara.
Le amala est fait à partir de farine d'igname.,Amala ga tee nda kudaku hamni.
Le egusi est une sauce aux graines de courge.,Egusi ti ham hari kaŋ ga tee nda kuduku ize.
Le edikang ikong est un ragoût de feuilles vertes.,Edikang ikong ti fitila firiyante jey ham.
Le moin moin est enveloppé dans des feuilles.,Moin moin ga didiji fitila ra.
Le akara est fait de beignets de haricots.,Akara ga tee nda dunguri fuuzuyaŋ.
Le kilishi est de la viande de bœuf séchée et épicée.,Kilishi ti haw ham kogu kaarayante.
Le suya est de la viande grillée épicée.,Suya ti ham ciiyante kaarayante.
Le serpent se cache sous la pierre.,Gondaa ga tugu tondi cire.
La calebasse est utilisée comme bol.,Gaasu ga goy taasa dumi.
Le tamarinier donne des fruits acides.,Bosoo tuuri ga ize moryaŋ hay.
La femme pile le mil pour faire de la farine.,Woyoo ga dumoo kar ka hamni tee.
Le scorpion pique quand il est menacé.,Dindi ga ton waati kaŋ a ga huffandi.
La poussière de l'harmattan couvre tout.,Harmatan kusaa ga haya kul daabu.
Le toit en paille est renouvelé chaque année.,Subu fuwo boŋo ga taaga jiiri kul.
La lance du chasseur est acérée.,Hawkaw yaaji ga kaan.
Le chien garde la maison la nuit.,Hanši ga fuwo hawgay cini ra.
La médecine traditionnelle utilise des plantes.,Safar laadakoyaa ga tuuriyaŋ goy.
Le singe grimpe facilement aux arbres.,Foono ga žigi tuuriyaŋ ga nda faala.
La digue protège les cultures de l'inondation.,Isa miɲo ga fariyaŋ jeeri hari tooyan ga.
Le mil est semé au début de la saison des pluies.,Dumoo ga duma hari kaŋyan waate sintinoo ga.
La hyène rit dans la nuit noire.,Koroo ga haaru cini bibi ra.
Je m'appelle Ahmed et je suis étudiant.,"Ay maa ti Ahmed, ay go caw."
Le marché est ouvert tous les jours.,Hebukõw feerante han kul.
L'eau est essentielle à la vie.,Hari ti hundi hunaroo se.
Le soleil se lève à l'est.,Wayna ga tun dandi here.
Mon frère travaille à Niamey.,Ay armo go goy Niamey.
Les enfants jouent au football.,Zankey go football haw.
Le riz est un aliment de base au Niger.,Mo ti ŋwaari beeri Niger ra.
La pluie est rare dans le désert.,Hari ga si kaŋ boobo saajo ra.
Je vais au marché pour acheter des légumes.,Ay go koy hebukõw haako day se.
La voiture est en panne.,Mobiili hasara.
Le professeur enseigne les mathématiques.,Alfa go matematik cawandi.
J'habite dans une grande maison.,Ay go goro fuwo beeri ra.
Le fleuve Niger traverse la ville.,Isa Beeri ga kwaara dunbu.
Il fait très chaud aujourd'hui.,Konno ga bon hõ.
Ma mère prépare le repas.,Ay nya go ŋwaari hina.
Je parle français et zarma.,Ay ga fransk nda zarma šenni.
Le médecin soigne les malades.,Lokotoro ga wircikoyniyaŋ jeeri.
Les agriculteurs cultivent le mil.,Farikoyniyaŋ ga haabu dum.
Le chef du village est respecté.,Koyraa bonkooni gonda beeray.
L'école est fermée pendant les vacances.,Caw fuwo ga daabu yanje waate.
La lune brille dans le ciel nocturne.,Handu ga dii beene cini ra.
J'aime manger des mangues.,Ay ga baa mangoo ŋwa.
L'agriculture est importante pour l'économie.,Fari goy ti haya beeri ekonomi se.
Le téléphone portable est très utile.,Talefon ga nafa boobo.
Les femmes vendent des légumes au marché.,Woyey ga haako neera hebukõw ra.
Mon oncle élève des chèvres.,Ay haway ga hincey kuru.
L'histoire du Niger est fascinante.,Niger taariki ga boloyaŋ zuku.
La radio diffuse des nouvelles importantes.,Radiyo ga alhabar beeriyaŋ ci.
La girafe est un animal grand et élégant.,Aljaanabu ti adabba kuuku kaŋ ga boori.
Le thé est une boisson populaire.,Attaaya ti hayni kaŋ borey ga baa.
Les étoiles brillent dans le ciel.,Handarey ga dii beene ra.
Les élections auront lieu demain.,Suuba-suubayan ga te suba.
Le président a visité notre village.,Prezidan na ir koyraa guna.
Nous célébrons la fête de Tabaski.,Ir ga Tabaski jingar.
La sécheresse affecte les récoltes.,Kogay ga hegay sara.
L'ordinateur facilite le travail.,Ordinater ga goy faalandi.
Le camion transporte des marchandises.,Kamyon ga jinawey zaa.
Le couscous est délicieux avec de la sauce.,Kouskous nda ham ga kaan.
La musique traditionnelle est importante.,Doonay laadakoyaa gonda beeray.
Les frontières sont fermées aujourd'hui.,Laabuyaŋ miɲey daabante hõ.
L'électricité est coupée depuis hier.,Elektrisiti dunbu za bi.
Le miel est produit par les abeilles.,Yuu ti yuu zankeyaŋ goyoo.
La banque est ouverte jusqu'à 16 heures.,Banki ga feeri hala waati 16.
Le mariage traditionnel dure plusieurs jours.,Hiiji laadakoyaa ga tee jirbiyaŋ.
Le chameau peut survivre longtemps sans eau.,Yo ga hin ka gay bila nda hari.
Mon ami est parti étudier à l'étranger.,Ay coro koy caw laabo waani ra.
Le forgeron fabrique des outils en métal.,Guuru-ŋwaakwa ga jinay guuru ra tee.
La fête de l'indépendance est en août.,Laabo boŋdiiyan batu ga tee ut handu ra.
Les jeunes cherchent du travail en ville.,Arwaasuyaŋ ga goy ceeci kwaara ra.
La confiture de mangue est sucrée.,Mangoo konfitir ga kaan.
Le bétail boit au puits.,Adabbey ga haŋ day-hari.
Le gouvernement construit une nouvelle école.,Gomnati ga caw fuwo taaga cin.
La saison des pluies commence en juin.,Hari kaŋyan zamanoo ga sintin juin handu ra.
Les commerçants viennent de loin.,Fatakeyaŋ ga hun mooru.
Le puits du village est profond.,Koyraa day-izey ga guusu.
La mosquée est pleine le vendredi.,Alžuma fuwo ga too alzuma han.
Les vaches donnent du lait frais.,Hawey ga waa taaga noo.
La langue zarma est belle à entendre.,Zarma šenni ga boori haŋayan se.
Le téléphone ne fonctionne pas sans réseau.,Talefon si goy nda rezoo si no.
Le médecin m'a prescrit des médicaments.,Lokotoro na safar noo ay se.
La bibliothèque est fermée le dimanche.,Tira fuwo ga daabu alhatti han.
Le sel est extrait du désert.,Ciiri ga hun saajo ra.
Les femmes portent des habits colorés.,Woyey ga bankaaray nooruyaŋ daŋ.
L'imam dirige la prière à la mosquée.,Alimami ga juulayan juwal alžuma fuwo ra.
La terre est sèche pendant la saison chaude.,Laboo ga kogu konni waate.
Le camion est chargé de marchandises.,Kamyon ga too nda jinay.
La danse traditionnelle est rythmée.,Ganayan laadakoyaa gonda kanandi.
Je vais à l'hôpital pour une consultation.,Ay ga koy lopital goroyan se.
Les calebasses servent à transporter l'eau.,Gaasuyaŋ ga goy hari zaa se.
La réunion commence à neuf heures.,Marguyan ga sintin waati yagga.
Le chef coutumier règle les conflits.,Laada koyo ga yenjey hansandi.
L'internet est lent aujourd'hui.,Internet ga maan hõ.
Le tourisme se développe dans la région.,Tourismu ga beeri laboo windiri.
Les nomades se déplacent avec leurs troupeaux.,Alšine borey ga dira nda ngey almaney.
La cuisine nigérienne est variée.,Niger ŋwaari hinayan gonda dumi boobo.
Le bois est utilisé pour la construction.,Bunduyaŋ ga goy cinari ra.
L'énergie solaire est une alternative.,Wayna gaabi ti haya tana.
L'université forme les futurs cadres.,Universite ga zankey soolu hiino se goyyaŋ ra.
Le griot raconte l'histoire des ancêtres.,Jeserey ga kaay ir gayborey taariki.
La chèvre a donné naissance à deux chevreaux.,Hinciya na hinciyayze hinka hay.
Le pneu de la voiture est crevé.,Mobiili taafe fun.
La farine de mil sert à faire de la bouillie.,Dumoo hamni ga goy doondi tee se.
Le marabout a guéri le malade.,Alfaga na wirikoy jeeri.
L'enfant apprend à compter.,Zankey ga kabu caw.
Le soleil se couche à l'ouest.,Wayna ga kaŋ waynakaŋay here.
Le tailleur coud des vêtements.,Teyle ga bankaaray dumi.
La pharmacie est ouverte jour et nuit.,Farmasi ga feeri zaari nda cini.
Le pêcheur a attrapé un gros poisson.,Haamo-diya na haamo beeri dii.
Le panier est rempli de fruits.,Kokondo ga too nda ize-ŋwaari.
La pluie a inondé les rues.,Hari kaŋyan na fondayaŋ too nda hari.
Le téléviseur diffuse les actualités.,Televizyon ga alhabar ci.
Le sucre est dans le placard.,Sukari go alhuzun ra.
La poussière couvre tout pendant l'harmattan.,Kusay ga haya kul daabu harmatan waate.
Le potier fabrique des jarres en terre.,Barmakwa ga kusu labu ra.
L'ombre de l'arbre est rafraîchissante.,Tuuri biyo ga fiyandi.
Le vélo est un moyen de transport pratique.,Pusu ti dabaroo kaŋ ga boori dirayan se.
La viande est cuite à la braise.,Hamoo ton deene ra.
Le champ est labouré pour les semailles.,Fari haabu duma se.
Le vaccin protège contre les maladies.,Pikir ga borey jeeri wirci ga.
L'écolier écrit dans son cahier.,Caw zankey ga hantum nga tira ra.
Le feu de brousse détruit la végétation.,Saaji nuune ga tuuriyaŋ ton.
La pirogue navigue sur le fleuve.,Hi ga dira isa boŋ.
Le berger garde les moutons.,Kuro-koy ga feejiyaŋ hawgay.
Le conteur amuse les enfants.,Fillakoy ga zankey farha.
La lampe éclaire la maison.,Fitilla ga fuwo kuyan.
Le moulin à mil fonctionne tous les jours.,Dum fufu tiirey ga goy zaari kul.
Le tisserand crée de beaux tissus.,Carkwa ga kay kaayante tee.
La marmite bout sur le feu.,Kusu ga koroŋ nuune boŋ.
Le canari garde l'eau fraîche.,Kusu ga hari yayandi.
Les feuilles de moringa sont nutritives.,Alžanna tuuri fitey ga boori gaaham se.
La tortue marche lentement.,Kuŋkuru ga dira maan-maan.
Le masque traditionnel est sacré.,Furmo laadakoyaa gonda hanna.
La hyène rôde autour du village.,Koro do daba koyraa windiri.
Le manguier donne beaucoup de fruits.,Mangoo tuuri ga ize-ŋwaari boobo hay.
La sauce est préparée avec des épices.,Ham ga hanse nda kondiyaŋ.
Le savon traditionnel est fait avec des cendres.,Safuney laadakoyaa ga tee boosu nda.
Le guérisseur connaît les plantes médicinales.,Safarkoy ga safar tuuriyaŋ bay.
La calebasse est décorée avec des motifs.,Gaasu ga taalam nda šifanayaŋ.
Le mil pousse bien cette année.,Dumoo ga beeri boryo jiiri woo.
La natte est tissée à la main.,Biska ga kayna nda kabe.
Le pont traverse la rivière.,Dooti ga isa deesi.
La digue protège contre les inondations.,Isa miɲo ga gaabu haroo ma si too gandaa.
L'examen final aura lieu lundi.,Neere kokoraa ga tee atinni.
Le jardinier arrose les plantes.,Lamba-koy ga tuuriyaŋ hari.
La clôture protège le jardin.,Ceeri ga lamboo jeeri.
Le baobab est un arbre sacré.,Koo ti tuuri hannante.
Les filets de pêche sèchent au soleil.,Haamo hilley ga kogu wayna ra.
La dot est négociée avant le mariage.,Nooru ga šelaŋ hiiji jine.
Le toit de la case est en paille.,Fuwo boŋo ga tee subu ra.
Le troupeau se dirige vers le point d'eau.,Almaney ga koy hari do.
L'huile d'arachide est utilisée pour cuisiner.,Dembi jii ga goy ŋwaari hinayan ra.
Le lion est le roi des animaux.,Muusu ti adabbey bonkooni.
La cérémonie traditionnelle a lieu ce soir.,Batuyaŋ laadakoyaa ga tee hõ wiciri.
Le tambour annonce une nouvelle importante.,Gaŋgaa ga alhabar beeri bayrandi.
Le portail de la maison est en fer.,Fuwo miɲo ga tee guuru ra.
Le paludisme est traité avec des médicaments.,Saaji wirci ga jeeri nda safar.
Le coq chante au lever du jour.,Gorgaa ga cindi za alžimma ra.
La boutique vend des produits variés.,Bitiki ga jinay dumi booboyaŋ neera.
Le boucher découpe la viande.,Wayboro ga hamoo dunbu.
La piste est praticable en saison sèche.,Fondo ga boori dirayan se kogay waate.
Les nattes sont tressées par les femmes.,Woyey ga biskayaŋ kayna.
Le scorpion noir est très dangereux.,Dindi bibi ga bara gumo.
La maison en banco reste fraîche.,Labu fuwo ga yay.
Le varan se cache dans les rochers.,Kuduwa ga tugu tondiyaŋ game.
La corne d'antilope sert d'instrument de musique.,Jera hilli ga goy doonay jinay se.
Le mil germé sert à faire la bière locale.,Dum zankaa ga goy biyaa tee se.
La saison des pluies apporte l'espoir.,Hari kaŋyan waate ga naata nda bine.
Le feu de brousse est dangereux.,Saajo nuune ga bara.
La chèvre broute les feuilles d'acacia.,Hinciya ga cille tuuri fitey ŋwa.
Le karité donne des fruits oléagineux.,Bulanga ga ize-ŋwaari noo.
"La nuit, les étoiles brillent.","Cini ra, handarey ga dii."
Le grand-père raconte des histoires.,Kaaga ga fillayaŋ deede.
La digue protège le village des inondations.,Isa miɲo ga koyraa jeeri hari tooyan ga.
Le sable fin est utilisé pour la construction.,Labu kayna ga goy cinari se.
La coquille d'escargot est solide.,Nkiši kaaru ga koroŋ.
Le jeune homme part à la pêche.,Arwasu ga koy haamo dii.
La jarre d'eau est lourde.,Hari kusu ga tiŋa.
Le balafon joue une mélodie traditionnelle.,Balafon ga dooni laadakoyaa kar.
La flûte est faite en roseau.,Šeeleŋ ga tee kaabu ra.
Le tabac est séché au soleil.,Taba ga kogu wayna ra.
La vache donne du lait frais.,Haw ga waa taaga noo.
Le poison de flèche est très puissant.,Biraw naaji ga gaabiyan boobo.
La termite construit une grande termitière.,Nkuwa ga fuwo beeri cin.
Le chapeau de paille protège du soleil.,Subu fuula ga jeeri wayna ga.
La corne de buffle est utilisée pour les amulettes.,Ganji haw hilli ga goy tilayaŋ se.
Le rat palmiste mange les arachides.,Nkuurey ga dembi ŋwa.
La danse des masques est sacrée.,Furmo ganayan gonda hanna.
Le chasseur utilise un arc et des flèches.,Hawkaw ga biraw nda biraw ŋwaari goy.
La tortue se cache dans sa carapace.,Kuŋkuru ga tugu nga kaaru ra.
Le miel sauvage est récolté dans les arbres.,Saaji yuu ga hegay tuuriyaŋ ra.
La hutte temporaire abrite les bergers.,Bukko ga kuro-koyyaŋ gaabu.
Le chat sauvage chasse la nuit.,Saaji musu ga haw cini ra.
La marmite en terre cuit les aliments.,Labu kusu ga ŋwaari ton.
Le devin consulte les cauris.,Gunandi-koy ga kukey guna.
La fourmi rouge pique fort.,Duŋya ciray ga ton.
Le palmier à huile produit de l'huile.,Teenay ya jii tuuri ga jii hay.
La cérémonie du mariage dure trois jours.,Hiiji batu ga tee jirbi hinza.
Le vautour plane dans le ciel.,Taaku ga dira beene.
La pluie fine humidifie le sol.,Hari kaŋyan kayney ga laboo tayandi.
Le bambou sert à faire des toits.,Kaabu ga goy fuwo boŋ tee se.
La gazelle court très vite.,Jera ga zuru cahãn boobo.
Le caïman se cache dans la rivière.,Zanba ga tugu isa ra.
La chasse aux lions était un rite de passage.,Muusu hawyan tee laada alfatiya.
Le mortier est creusé dans un tronc d'arbre.,Hugu ga fanandi tuuri beeri ra.
La fleur de baobab est comestible.,Koo fita ga ŋwa.
Le tambour annonce l'arrivée du chef.,Gaŋga ga bonkooni kaaray bayrandi.
La calebasse décorée est un objet d'art.,Gaasu taalamante ti daarijo jinay.
Le mil est pilé pour faire de la farine.,Dumoo ga kar ka hamni tee.
La biche traverse la savane.,Jera ga hawsa deesi.
Le serpent avale sa proie entière.,Gondaa ga nga ŋwaaro gunum.
La lune éclaire le chemin la nuit.,Handu ga fondaa kuyan cini ra.
Le collier traditionnel est fait de perles.,Jindawari laadakoyaa ga tee perliyaŋ ra.
La fumée du feu éloigne les moustiques.,Nuune dullu ga buney gaaray.
Le charbon ardent cuit le pain.,Deene koroŋaa ga takula ton.
La vieille femme tresse des nattes.,Woyboro žeena ga biskayaŋ kayna.
Le riz est cuit à la vapeur.,Mo ga ton dullu doga ra.
La pintade pond des œufs tachetés.,Kama ga tondi šifante hay.
Le margouillat se chauffe au soleil.,Bondabonda ga koroŋ wayna ra.
La gourde d'eau est suspendue à l'arbre.,Hari kulba ga deeji tuuri ga.
Le manguier donne de l'ombre.,Mangoo tuuri ga bii noo.
La houe traditionnelle est en bois et en fer.,Dullu laadakoyaa ga tee bundu nda guuru ra.
Le désert du Ténéré est immense.,Tenere saajo ga beerandi.
La couronne du chef est ornée de cauris.,Bonkooni fuulaa ga taalam nda kukey.
Le grenier protège les grains.,Bado ga dumoo jeeri.
La farine de manioc est blanche.,Bataata hamni ga kaaray.
Le palmier doum fournit des feuilles pour la vannerie.,Pangale tuuri ga fiteyaŋ noo kokondoyaŋ se.
La saison sèche facilite les déplacements.,Kogay waate ga diraa faalandi.
Le boucher découpe la viande au marché.,Wayboro ga hamoo dunbu hebukõw ra.
La case est construite en matériaux locaux.,Fuwo ga cin nda gooro laadakoyaa.
Le mouton sera sacrifié pour la fête.,Feejoo ga sarga batu se.
La lanterne éclaire le village la nuit.,Fitila beeri ga koyraa kuyan cini ra.
Le sable du fleuve est utilisé pour construire.,Isa laboo ga goy cinayan se.
La femme pile le mil chaque matin.,Woyoo ga dumoo kar susubay kul.
Le troupeau de chèvres rentre au village.,Hincey kuruoo ga willi koyraa ra.
La poudre de gombo sèche au soleil.,Kurbey hamni ga kogu wayna ra.
Le feu de bois chauffe la marmite.,Bundu nuune ga kusu konna.
La girafe mange les feuilles des grands arbres.,Aljaanabu ga tuuri beeriyaŋ fitey ŋwa.
Le puits est au centre du village.,Day-izoo go koyraa bindi ra.
La flûte traditionnelle est jouée lors des fêtes.,Šeeleŋ laadakoyaa ga kar batuyaŋ ra.
Le marabout récite des versets coraniques.,Alfaga ga Alkuran ayaa caw.
La saison des mangues est appréciée de tous.,Mangoo waate ga kan borey kul se.
Le lézard change de couleur.,Gondakaala ga nga nooru barmay.
La récolte de cette année est abondante.,Jiiri woo hegaa ga boobo.
Le sable chaud brûle les pieds.,Labu konnante ga cewey ton.
La maison en paille est fraîche en été.,Subu fuwo ga yay konni waate.
Le figuier donne des fruits sucrés.,Tokoyo tuuri ga ize-ŋwaari kaanantey hay.
La pierre à moudre écrase les grains.,Tondi fufu ga dumoo fufu.
Le serpent mue chaque année.,Gondaa ga nga kuro barmay jiiri foo kul.
La calebasse flotte sur l'eau.,Gaasu ga hari boŋ daaru.
Le feu de brousse se propage rapidement.,Saajo nuune ga koy cahãn.
La pâte d'arachide est très nourrissante.,Dembi hamni ga boori gaaham se gumo.
Le tam-tam résonne dans la nuit.,Gaŋga ga hẽeni cini ra.
La sauce de feuilles de baobab est visqueuse.,Koo fita ham ga dobu.
Le chasseur poursuit l'antilope.,Hawkaw ga jera gana.
La rosée matinale mouille l'herbe.,Susubay hinday ga subu tayandi.
Le chameau peut rester plusieurs jours sans boire.,Yo ga hin ka goro jirbi boobo bila nda ka haŋ.
La pierre à sel est léchée par les animaux.,Adabbey ga ciiri tondi haŋ.
Le toit de chaume protège de la pluie.,Subu boŋo ga jeeri hari kaŋyan ga.
La sagesse des anciens guide le village.,Dori borey lakkalo ga koyraa juwal.
Le bœuf tire la charrue.,Haw aru ga fari goy dabare cendi.
La crème de mil est servie au petit déjeuner.,Dumoo doondi ga tee susubay ŋwaari.
Le lièvre court plus vite que la tortue.,Nzoonfu ga zuru ka bisa kuŋkuru.
La hyène rit dans la nuit.,Koroo ga haaru cini ra.
Le ciel est rempli d'étoiles brillantes.,Beene ga too nda handarey diiyantey.
La sauterelle détruit les cultures de mil.,Doo ga dumoo hegay halaci.
Le puits communautaire appartient à tout le village.,Jamaa day-izoo ti koyraa kul wane.
La saison des pluies dure trois mois.,Hari kaŋyan waate ga tee handu hinza.
Le griot chante les louanges du chef.,Jeserey ga bonkooni sifayaŋ don.
La fleur de l'hibiscus est rouge.,Folley fitaa ga ciray.
Le singe grimpe dans les arbres.,Foono ga žigi tuuriyaŋ boŋ.
La cérémonie funéraire honore les morts.,Buko buuyan batu ga buko beerandi.
Le taureau est fort et puissant.,Haw aru gonda gaabi.
La sève de l'arbre guérit les blessures.,Tuuri haroo ga biyey jeeri.
Le canari d'eau reste frais sous l'arbre.,Hari kusu ga yay tuuri cire.
La poule couve ses œufs.,Gorgo ga nga tondiyaŋ gorandi.
Le chacal hurle dans la nuit.,Nzurkutu ga holi cini ra.
La lance du guerrier est acérée.,Wongu-kwa yaaji ga kaan.
Le feu de paille s'éteint rapidement.,Subu nuune ga wii cahãn.
La cérémonie d'initiation forme les jeunes.,Huraa batuyaŋ ga arwaasuyaŋ aladabu.
Le parc national protège les animaux sauvages.,Ganji adabbey ganda ga saaji almaneyaŋ jeeri.
La saison des récoltes apporte la joie.,Hegay waate ga kande farha.
Le grenier à mil est rempli après la récolte.,Dumoo bado ga too hegay banda ga.
La pêche est bonne pendant la saison des pluies.,Haamo diiyaŋ ga boori hari kaŋyan waate.
Le crocodile se cache dans les eaux profondes.,Zanba ga tugu hari guusante ra.
La calebasse sert à puiser l'eau.,Gaasu ga goy hari gaa se.
Le gecko se colle au mur.,Gaanbiize ga deeji cetoo ga.
La feuille de moringa est nutritive.,Alžanna tuuri fitoo ga boori gaaham se.
Le toit de la case est conique.,Fuwo boŋo ga šifandi.
La corne du buffle est utilisée comme trompe.,Ganji haw hilli ga goy ciya se.
Le poisson séché se conserve longtemps.,Haamo kogante ga gay.
La flûte en bambou produit une mélodie douce.,Kaabu šeeleŋ ga jinde kaana hay.
La pirogue avance sur le fleuve.,Hi ga koy jine isa ra.
Le panier est tressé avec des fibres.,Kokondo ga kayna nda šiney.
La case du chef est au centre du village.,Bonkooni fuwo go koyraa bindi ra.
Le lion rugit dans la savane.,Muusu ga yolgo hawsa ra.
La bouillie de mil est le petit déjeuner traditionnel.,Doondi ti susubay ŋwaari laadakoyaa.
Le sable du désert est brûlant.,Saajo laboo ga koroŋ gumo.
La marmite en terre cuit lentement.,Labu kusu ga ton maan-maan.
Le tambour appelle à la danse.,Gaŋga ga ciya gana se.
La sécheresse menace les cultures.,Kogay ga fariyaŋ kuubi.
Le serpent se faufile entre les rochers.,Gondaa ga naaru tondiyaŋ game.
La sagesse se transmet de génération en génération.,Lakkalo ga bisa zamana ka koy zamana.
Le bœuf laboure le champ.,Haw aru ga fari haabu.
Le soleil se couche à l'horizon.,Wayna ga kaŋ beene nda ganda ga.
La fleur de l'acacia sent bon.,Cille tuuri fitaa ga maa.
Le berger mène son troupeau au pâturage.,Kuro-koy ga nga almaney gonandi subu do.
La natte en paille est fraîche.,Subu biskaa ga yay.
Le feu de cuisine est allumé chaque jour.,Ŋwaari hinay nuune ga diinandi zaari kul.
La corde est tressée avec des fibres végétales.,Karfu ga kayna nda tuuri šiney.
Le lait caillé est servi avec le couscous.,Waa moray ga tee kouskous bande.
La saison sèche dure longtemps.,Kogay waate ga gay.
Le scorpion se cache sous les pierres.,Dindi ga tugu tondiyaŋ cire.
La cérémonie du baptême réunit la famille.,Maa daŋyan batu ga hugu borey margu.
Le vent souffle fort pendant l'harmattan.,Hew ga faala harmatan waate.
La jarre d'eau est en argile.,Hari kusu ga tee labu ra.
La dune de sable se déplace avec le vent.,Labu kuuku ga dira nda hew.
Le poison de flèche est mortel.,Biraw naajoo ga wiiya.
La gazelle court rapidement dans la savane.,Jera ga zuru cahãn hawsa ra.
La citrouille pousse rapidement.,Kula ga beeri cahãn.
Le baobab est un arbre centenaire.,Koo ti tuuri kaŋ ga jiiri zangu tee.
La poterie traditionnelle est un art ancien.,Kusu-teeyan laadakoyaa ti daarijo žeena.
Le mil est la base de l'alimentation.,Dumoo ti ŋwaaroo hugu.
La danse des masques est réservée aux initiés.,Furmo ganayan si tee kala borey kaŋ hura se.
Le chameau traverse le désert.,Yo ga saajo deesi.
La calebasse sert à mesurer les céréales.,Gaasu ga goy dumiyaŋ neešay se.
Le tam-tam annonce une naissance.,Tam-tam ga zankey hayyan bayrandi.
La margelle du puits est en pierre.,Day-ize miɲo ga tee tondi ra.
Le lézard se cache dans les fissures.,Gondakaala ga tugu futtayaŋ ra.
La sauce d'arachide accompagne le riz.,Dembi ham ga tee mo bande.
Le chasseur connaît la forêt.,Hawkaw ga saajo bay.
La cueillette des fruits sauvages est une activité saisonnière.,Saaji ize-ŋwaari koguyan ti waati goy.
Le bouclier protège le guerrier.,Kortal ga wongu-koy jeeri.
La hyène rôde autour du village la nuit.,Koroo ga yaara koyraa windiri cini ra.
Le feu de brousse est dangereux pour les animaux.,Saajo nuune ga bara adabbey se.
La corne sert à appeler le troupeau.,Hilli ga goy ciya almaney se.
Le lion chasse dans la savane.,Muusu ga haw hawsa ra.
La saison des pluies reverdira la nature.,Hari kaŋyan waate ga tuuriyaŋ subanandi.
Le boucher vend la viande au marché.,Wayboro ga ham neera hebukõw ra.
La cruche d'eau fraîche désaltère.,Hari yeray kusu ga hari jaw bana.
Le chasseur suit les traces des animaux.,Hawkaw ga adabbey cey banda gana.
La lune éclaire la nuit.,Handu ga cini kuyan.
Le scorpion se cache dans le sable.,Dindi ga tugu labu ra.
La natte est tressée par les femmes.,Woyey ga biska kayna.
Le canari garde l'eau fraîche.,Kusu ga hari yeray gaabu.
La houe sert à cultiver la terre.,Dullu ga goy fari haabu se.
Le mil est récolté à la main.,Dumoo ga hegay nda kabe.
Le feu de bois chauffe la case.,Bundu nuune ga fuwo kiitandi.
La pêche se fait avec des filets.,Haamo diiyaŋ ga tee nda hilleyaŋ.
Le sable du désert est fin.,Saajo laboo ga kacca.
La marmite en terre cuit doucement.,Labu kusu ga ton kacce-kacce.
Le bois mort sert de combustible.,Bundu bukoo ga goy nuune diinay se.
La corbeille est remplie de fruits.,Kokondo ga too nda ize-ŋwaariyaŋ.
Le berger guide son troupeau.,Kuro-koy ga nga almaney juwal.
La sécheresse menace les récoltes.,Kogay ga hegay kuubi.
Le sorgho est une céréale résistante.,Heemar ti dumoo kaŋ ga šendi.
La case traditionnelle est ronde.,Fuwo laadakoyaa ga kuuku.
Le fleuve déborde pendant l'hivernage.,Isaa ga too hari kaŋyan waate.
La cérémonie de baptême est joyeuse.,Maa daŋyan batu ga kaan.
Le menuisier fabrique des meubles.,Bundu goykaw ga alhuzunay tee.
La rivière déborde après les pluies.,Isa ga boori hari kaŋyan banda.
Le bijoutier travaille l'argent et l'or.,Jaari-tarkwa ga nzorfu nda wura goy.
Le sorgho est récolté en octobre.,Heemar ga hegay oktobur handu ra.
La femme pile le mil dans le mortier.,Woyoo ga dumoo kar hugu ra.
Le piment est très épicé.,Kabe ga ton.
La mare est pleine pendant l'hivernage.,Kongo ga too hari kaŋyan waate.
Le hérisson se cache sous les buissons.,Funfuŋ ga tugu tuuri kanbey cire.
La courge pousse rapidement.,Dujol ga beeri cahã.
Le hibou chasse la nuit.,Kuu ga ŋwaari ceeci cini ra.
La pintade sauvage est difficile à attraper.,Saaji kama ga šendi diryan se.
Le panier tressé est solide.,Kokondoo kaynante ga koroŋ.
La jarre conserve l'eau fraîche.,Kusu ga hari yay.
Le van sert à séparer le grain.,Zabarandoo ga goy dumoo fay se.
Le fossé empêche l'eau de s'écouler.,Guusu ga ganji haroo ma dere.
La lampe à pétrole éclaire la nuit.,Fitila ga kuyan noo cini ra.
Le beurre de karité soigne la peau.,Bulanga jii ga kuro jeeri.
La sauterelle détruit les cultures.,Doo ga hegay halaci.
Le forgeron répare les outils agricoles.,Guuru-ŋwaakwa ga fari goy jinay hanse.
La gourde contient de l'eau pour le voyage.,Kulba ga hari gaabu diraa se.
Le palmier dattier produit des dattes.,Teenay tuuri ga teenay hay.
La vipère est un serpent venimeux.,Gondi ti gondaa kaŋ gonda naaji.
Le sable du désert est chaud.,Saajo labu ga koroŋ.
La cendre est utilisée pour faire du savon.,Boosu ga goy safuney tee se.
Le pilon écrase le mil dans le mortier.,Hintira ga dumoo kar hugu ra.
La ruche produit du miel.,Yuu zankey fuwo ga yuu hay.
Le âne transporte les marchandises.,Farka ga jinawey zaa.
La termitière s'élève dans la savane.,Nkuwa fuwo ga kay hawsa ra.
Le bouclier protège le guerrier.,Kortal ga wonkalkwa jeeri.
La lance est une arme traditionnelle.,Yaaji ti wongu jinay laadakoyaa.
Le chapeau protège du soleil.,Fuula ga boŋo jeeri wayna ga.
La poudre médicinale guérit la toux.,Safar hamni ga dundumi jeeri.
Le soufflet active le feu de la forge.,Punfunay ga nuune dinandi.
La fumée s'élève au-dessus du village.,Dullu ga žigi koyraa boŋ.
Le criquet est un insecte comestible.,Doo ti ganda koobu kaŋ ga ŋwaari.
La citrouille pousse près de la case.,Kula ga beeri fuwo jere.
Le miel sauvage est délicieux.,Saajo yuu ga kan.
La corne sert à appeler au rassemblement.,Hilli ga goy ciya marguyan se.
Le puits est creusé profondément.,Day-ize ga fanandi guusu.
La pirogue est taillée dans un tronc d'arbre.,Hi ga tee tuuri beeri ra.
Le vent souffle fort aujourd'hui.,Hew ga faala hõ.
La chaux blanchit les murs.,Caw kara ga cetey kaarandi.
Le lézard se réchauffe au soleil.,Gondakaala ga koroŋ wayna ra.
La graine de néré sert à faire le soumbala.,Dooso izoo ga goy sumbala tee se.
Le serpent se faufile dans l'herbe.,Gondaa ga naaru subu ra.
La canne à sucre est sucrée.,Sukari tuuri ga kaan.
Le piège attrape les animaux nuisibles.,Kumsay ga adabba laaley dii.
La rosée humidifie l'herbe le matin.,Hinday ga subu tayandi za susubay.
Le grillon chante la nuit.,Fašišaa ga don cini ra.
La feuille de baobab est utilisée en sauce.,Koo fitoo ga goy ham ra.
Le porc-épic a des piquants.,Sabaku gonda karfe.
La maladie est soignée par les plantes.,Wircoo ga jeeri nda tuuriyaŋ.
Le puits communautaire dessert tout le village.,Jamaa day-izoo ga gomnati koyraa kul.
La case ronde est fraîche en été.,Fuwo kuukante ga yaay konni waate.
Le palmier doum fournit des fibres.,Kuršey tuuri ga šiney noo.
La racine de la plante est médicinale.,Tuuri linji gonda safar.
Le chameau peut porter de lourdes charges.,Yo ga hin ka jinay tiŋa zaa.
La corbeille est fabriquée avec des feuilles de palmier.,Kokondo ga tee teenay tuuri fitey ra.
Le rat de Gambie creuse des terriers.,Ganda-ber ga guusu fanandi.
La calebasse est utilisée comme récipient.,Gaasu ga goy hari jisiyaŋ se.
Le miel est récolté dans la brousse.,Yuu ga hegay saajo ra.
La cour de la maison est balayée tous les jours.,Fuwo batama ga firti zaari kul.
Le charbon de bois sert à la cuisine.,Deeši ga goy ŋwaari hinayan se.
La chasse est une activité traditionnelle.,Haw ti goy laadakoyaa.
Le marché hebdomadaire attire beaucoup de monde.,Jirbi hebu ga borey boobo candi.
Le hibiscus sert à préparer une boisson fraîche.,Follerey ga goy hayni yeray tee se.
La chenille se transforme en papillon.,Noonay ga bare firfenjey.
Le tamarinier donne des fruits acides.,Bosoo tuuri ga ize-ŋwaari moryaŋ noo.
La datte est un fruit sucré.,Teenay ti ize-ŋwaari kaŋ ga kan.
Le fonio est une céréale nutritive.,Ceene ti ŋwaari kaŋ ga boori gaaham se.
La grenouille vit près de l'eau.,Nkeŋkeŋ ga goro hari jere.
Il était une fois un petit lion qui vivait dans la savane.,Waati fo ra handiyaŋ kayna fo goono saaji ra.
Le soleil se lève sur le village endormi.,Wayna ga tun koyraa kaani boŋ.
La petite fille aimait cueillir des fleurs près de la rivière.,Ize way kayna maabu ga baa a ma doonu zaa isa jindo.
L'éléphant est le plus grand animal de la forêt.,Tarkwa ti hamuzu kul ibeeriyo tuuri kuuro ra.
Le fermier plantait des graines de mil chaque saison.,Faariko ga haabu saybu zaarimey waati kul.
Les étoiles brillent comme des diamants dans le ciel nocturne.,Handarey ga nyalala sanda diamant beene cino ra.
Le vieux sage racontait des histoires aux enfants du village.,Dottijo zeena ga deede koyraa izey se.
La tortue marchait lentement mais sûrement sur le chemin.,Kuuru-gandey ga dira susubay amma nda alhakiika fonda ra.
La pluie tombait doucement sur les toits des cases.,Hari ga kaŋ susubay huuy boŋey boŋ.
Le petit garçon apprenait à pêcher avec son grand-père.,Ize aru kayna ga cawandi haamu zaa nga kaaga do.
La lune éclairait le chemin des voyageurs perdus.,Hando ga yeeti fonda dirako daabuney se.
Le berger gardait son troupeau de chèvres dans les collines.,Kurkawkaa ga nga hincini kuro batoo gondey ra.
La grand-mère préparait une délicieuse soupe pour le dîner.,Kaagawo ga hani kaananta soolu hawya se.
Les oiseaux construisaient leurs nids dans les grands arbaux baobabs.,Curoyey ga ngey kufu cina tuuri beerey gaabey ra.
Le chat noir dormait paisiblement sur le toit de la maison.,Muusu bi ga jirbi baani nda handu gaa fuwo boŋo ga.
La rivière coulait doucement à travers la vallée verdoyante.,Isa ga zunbay sukkan gooro subu-fiyo bande.
Le vent faisait danser les feuilles des arbres.,Hew ga naŋ tuurey fitey ma gan.
Le chasseur suivait les traces d'un lion dans la savane.,Sorko ga handiyan ce-hamney gana saaji ra.
Les enfants jouaient joyeusement sous le grand manguier.,Zankey ga hooray nda kaani mangoo beeri cire.
La nuit tombait rapidement sur le désert silencieux.,Cino ga kaŋ cahãyan nda sahra sinoono boŋ.
Le roi convoqua tous les villageois pour une grande fête.,Kokoyo na koyraa borey kul cee batu beeri se.
Le serpent se cachait sous les rochers près de la source d'eau.,Gondey ga tugu tondey cire hari moso jeroo ga.
La mère berçait doucement son bébé pour l'endormir.,Nyao ga nga izo kayna zinji-zinji susubay ka naŋ a ma jirbi.
Le feu de camp illuminait les visages des conteurs d'histoires.,Nuune danji ga deede coolkey moy yeeti.
Le vieux baobab avait vécu plus de mille ans.,Gaabo zeena na jiiri zemberi foo banda bisa.
Les nuages annonçaient l'arrivée de la saison des pluies.,Buroy ga hari waato kaayano feeni.
Le guérisseur connaissait tous les secrets des plantes médicinales.,Safaajo ga bayra subu daarey kul gundeey.
La hyène riait dans la nuit en cherchant sa proie.,Koro ga haaru cino ra a ga nga ŋwaari ceeci.
Le forgeron fabriquait des outils pour tout le village.,Gurusio ga gomniyaŋ te koyraa kul se.
Les femmes pilaient le mil en chantant des chansons traditionnelles.,Wayborey ga saybu kar i ga doonandi alhaadaa donney.
Le jeune homme rêvait de voyager vers les terres lointaines.,Arwasu ga hinna ka naaru laabu morey ra.
Le caméléon changeait de couleur pour se cacher des prédateurs.,Dangay ga nga noono barmay ka tugu naŋkaari hamey se.
Les écoliers écoutaient attentivement les leçons du maître.,Caw zankey ga haŋyaŋey maa boriyaŋ nda alfazey.
Le puits du village était le lieu de rencontre de tous.,Koyraa day-izey ti borey kul kubayyaŋ nango.
La girafe pouvait atteindre les feuilles les plus hautes des arbres.,Ziraafa ga hin ka too tuuri fitey kul ibeeriyo do.
Le mariage durait trois jours avec des danses et des festins.,Hiijaa ga kay jirbi hinza nda ganyan da ŋwaari beeri.
Le tisserand créait de magnifiques motifs sur ses étoffes.,Carkaw ga asariyaŋ hanno naŋ nga zaara boŋ.
Le griot racontait l'histoire des ancêtres avec sa voix mélodieuse.,Jesere ga kaydey taarikey filla nga jindey kaani nda.
L'arc-en-ciel apparut après la forte pluie d'été.,Hari-goney bangay hari beeri kaŋyanoo banda.
Le potier façonnait des jarres pour conserver l'eau fraîche.,Kusu-teeko ga kuso te ka hari yeegante gaabu.
Les tambours résonnaient dans la nuit pour annoncer la naissance d'un prince.,Garbey ga cino ra hẽeni kokoyo ifo hayyaŋ bangandi se.
Le scorpion se cachait dans le sable chaud du désert.,Dingankom ga tugu sahra laabu konno ra.
Les pêcheurs rentraient avec leurs filets pleins de poissons.,Haamu-zaakey ga ye nda taajey go too nda haamo.
La saison sèche rendait la recherche d'eau difficile pour les animaux.,Jaw wato ga naŋ hamuze ma maa zaama hari ceeci ra.
Le dromadaire pouvait voyager plusieurs jours sans boire.,Yo-yo ga hin ka naaru jirbi boobo bila nda a ma haŋ.
Les lucioles illuminaient la nuit comme de petites étoiles dansantes.,Cino hamni kayna ga cino yeeti sanda handarey kayna kaŋ ga gan.
Le tailleur cousait de beaux boubous pour la fête du village.,Teylor ga kwaayey hanno karaga koyraa batuzaa se.
"La sécheresse avait duré trois ans, causant beaucoup de souffrance.","Jaw wato dinya jiiri hinza ka kay, a na zarabi boobo naŋ."
Le sorcier jetait des sorts pour protéger le village des mauvais esprits.,Gunakaa ga gundehiiri te ka koyraa Hunbur game ra.
Les greniers étaient remplis après la bonne récolte de cette année.,Jiiri wo heemar hanno ga naŋ sarkaarey go too too.
Le faucon tournoyait dans le ciel à la recherche d'une proie.,Seego ga beene zaka-zaka ka hugu kuna.
La source d'eau était sacrée pour les habitants du village.,Hari moso go hanandi koyraa borey se.
Le grondement du tonnerre annonçait l'arrivée de l'orage.,Beene ciriyaŋo ga hari beero kaayaŋo bayrandi.
Les termites construisaient d'immenses monticules dans la plaine.,Mooru ga baygu beerey cina gooro ra.
Le bébé souriait en reconnaissant le visage de sa mère.,Ize kayo ga gaaba nda a na nga nyaŋo moo bay.
Les contes étaient racontés à la lumière de la lune.,Deedey ga fillandi hando yeeti gaa.
Le hibou observait silencieusement du haut de l'arbre.,Kufooni ga guna siino tuuri beene.
La danse de la pluie était exécutée par les hommes du village.,Koyraa arey ga hari ganyan te.
Le calebassier donnait des fruits utilisés comme récipients.,Gaasu tuuri ga izey no kaŋ ga goy sanda kusu.
Le crocodile guettait sa proie près de la berge de la rivière.,Ngoroa ga batu nga ŋwaari isa mee ga.
Les femmes tressaient les cheveux des jeunes filles avant la cérémonie.,Wayborey ga wande zanka hamney kalam jinama batuzaa jine.
Le papillon volait de fleur en fleur dans le jardin coloré.,Firfiro ga deesi doonizaa ga ka koy doonizaa ga koonizaa boobo ra.
Le guépard était l'animal le plus rapide de la savane.,Gupar ti hamuza kul cahãntaa saaji ra.
La cérémonie d'initiation préparait les jeunes garçons à devenir des hommes.,Jinama batuzaa ga soolu aru zankay i ma te arey.
La gazelle bondissait avec grâce pour échapper au lion.,Jeeri ga sar nda boori ka hun handiyan se.
Le panier tressé pouvait contenir toute la récolte de mangues.,Caakayzaa kalamantaa ga hin ka mangoo heemarey kul daabu.
Le soleil couchant teintait le ciel de rouge et d'orange.,Wayna kaŋo ga beene loolo ciray nda turaare noono.
Les gouttes de rosée brillaient comme des perles sur les feuilles.,Sayni tonsayaŋ ga nyalalandi sanda alyaati tuuri fitey ga.
Le pagne coloré de la jeune femme attirait tous les regards.,Wandiyo batuzaa caama ga boŋey kul bare nga do.
La fumée s'élevait doucement des toits des cases.,Dullu ga tun susubay huuy boŋey ga.
L'aigle royal planait majestueusement au-dessus des montagnes.,Doba beeri ga deesi nda darza tongey boŋey boŋ.
Le criquet chantait toute la nuit dans l'herbe haute.,Doonyey ga don cino kul subu kuuko ra.
Les villageois se réunissaient sous l'arbre à palabres pour discuter.,Koyraa borey ga margu tuuri nda noone cire ka caw.
La lumière des étoiles guidait les voyageurs dans la nuit noire.,Handarey yeeto ga fonda cabe dirako zaaney se cino bi ra.
Le chacal rusé trompait toujours les autres animaux.,Zokom carmayko ga waati kul hamuza jerey darga.
Les bijoux en or de la princesse scintillaient au soleil.,Kokoy ize wande wuragasayyaŋ ga nyalala wayna ra.
Le vent du désert soufflait du sable dans toutes les directions.,Sahra hewo ga laabo faaru gandaa kul ra.
La hutte était construite avec des branches et de la paille.,Huwo go cinante nda tuuri kambey nda subu koogu.
Les flammes du feu dansaient dans la nuit fraîche.,Nuune deene yaŋ ga gan cino yegante ra.
Le miel sauvage était recueilli dans les troncs d'arbres creux.,Yuu hawraa ga zaa tuuri kuusey kuunante ra.
Le zèbre galopait à travers la plaine pour échapper aux prédateurs.,Zebru ga zuru gooro ra zaman ka naŋkaarey game zaman.
La pirogue glissait silencieusement sur l'eau calme de la rivière.,Hiiri ga zullu siino isa hari baananta boŋ.
Les écoliers récitaient leur leçon en chœur sous le manguier.,Caw zankey ga ngey cawo zalla rebey ga mangoo cire.
Le singe cueillait des fruits mûrs au sommet de l'arbre.,Foontoo ga ize ninte zaa tuuri boŋo ra.
La gourde d'eau était attachée à la ceinture du voyageur.,Hari goo ga haw dirako gambaara ga.
Les masques traditionnels représentaient les esprits de la nature.,Alhaadaa biyey ga baykaarina arwahosey cebe.
Le poisson-chat se cachait dans la boue au fond de la rivière.,Haamu nya-bisaa ga tugu laabo ra isa guuso ra.
La chenille se transformera bientôt en un magnifique papillon.,Noonutoy ga tuubi ka te firfir kaano waati kayna ra.
Le troupeau d'éléphants se déplaçait lentement vers le point d'eau.,Tarkwa kurey ga zuru susubay hari nango do.
Les fourmis transportaient des miettes de nourriture vers leur fourmilière.,Nguŋgey ga ŋwaari hamni zeyante zaa ka koy ngey kufu do.
Le mil poussait haut dans les champs après les bonnes pluies.,Saybu ga zaka beeri faarey ra hari hanno banda.
La chouette hululait dans la forêt sombre.,Kufooni ga ba tuuri kuuro bi ra.
Le féticheur préparait ses remèdes à base de plantes et de racines.,Safaajo ga nga doreyzo te nda subu da linjiyaŋ.
Les coquillages colorés étaient utilisés comme monnaie d'échange.,Caama ijiyey go goyante sanda nooru zeeriyay ra.
Le serpent python se lovait autour d'une branche d'arbre.,Gondi beeriya ga nga boŋ haw tuuri kamba ga.
La sagesse des anciens était transmise oralement de génération en génération.,Zeeno lakkal ga bisandi me-har ra zaman ga zaman.
Le tam-tam résonnait pour appeler les villageois à se rassembler.,Garbey ga hẽeni ka koyraa borey cee marga se.
La flûte du berger apaisait le troupeau inquiet.,Kurkawko foodaa ga kur laaley sukun.
L'autruche courait plus vite que tous les autres oiseaux.,Jaambatiiri ga zuru ka bisa curoy jerey kul.
Les criquets avaient dévoré toutes les récoltes cette année-là.,Dooney n'ka heemrey kul ŋwa jiiri woodin ra.
Le devin lisait l'avenir dans les cauris jetés sur le sol.,Gunekaa ga hiino caw kwaarey kaŋ a ga zey laabo ra.
La datte sucrée était le fruit préféré des enfants du désert.,Tamaro kaano ti sahra zankey izey kaŋ i ga ba ka bisa.
Les hommes construisaient une digue pour protéger le village des inondations.,Arey ga hari zurbandi cina ka koyraa hallasi hari toonoo ga.
La pintade sauvage courait en zigzag pour échapper au chasseur.,Saaji kumbi ga zuru zaman ka sorko zamba.
Le bouvier gardait les vaches loin des champs cultivés.,Haw kurokaa ga hawey batu ka mooru faari koyantey.
Les taches de la girafe lui permettaient de se camoufler parmi les arbres.,Ziraafa noono go daŋaro g'a ga naŋ a ma tugu tuurey gamey ra.
La poussière rouge couvrait tout pendant la saison sèche.,Laabu ciray ga hay kul daabu jaw waato ra.
Le mil germait rapidement après les premières pluies.,Saybu ga cahãnya zay hari jina banda.
La mère apprenait à sa fille à préparer le couscous traditionnel.,Nyaa ga nga ize wayo caw a ma alhaada kusu-kusu hina.
Le sable chaud brûlait les pieds des marcheurs.,Laabu koona ga dirako zaaney cewey ton.
L'ombre du baobab offrait un refuge contre la chaleur écrasante.,Gaabo biyo ga tugu nooney no koono beeria game ra.
Les sculptures en bois représentaient les héros ancestraux.,Bundey biyey ga kaydooni arsabagey cebe.
Le lièvre rusé gagnait toujours la course contre la tortue.,Zaban carmantaa ga waati kul zuru zurari hin kuuru-gandey ga.
Le bois sec craquait dans le feu de la cuisine.,Tuuri koogo ga farsi haw nuune ra ahasaawo ra.
Les marabouts priaient pour la paix et la prospérité du village.,Alfa yaŋ ga adduwa te alaafiya nda duuray koyraa se.
Le fleuve Niger serpentait à travers le pays comme un grand serpent bleu.,Niger isa ga laaboo kuubi sanda gondi beeri bulaa.
Le mendiant recevait l'aumône devant la grande mosquée.,Garaasanko ga sargey ta mesalle beeri jine.
La poupée de chiffon était le jouet préféré de la petite fille.,Zaara bidando ti wande zanka kayna haamuraa kaŋ a ga hanse ka ba.
Le coq chantait pour annoncer l'arrivée du jour.,Gorongu ga ciya ka zaarikaa kaayano bayandi.
Les étoiles filantes traversaient le ciel pendant la nuit d'été.,Handarey zuzurantey ga beene dunbu konno wato cino ra.
Le charbon ardent servait à faire fondre le métal pour le forgeron.,Danjo konnantaa go goyante ka guusa menandi gurusijo se.
La racine amère était utilisée comme remède contre la fièvre.,Linjiyaŋ fottantey go goyante sanda dore gaaham konnayaŋ se.
Le devin jetait les osselets pour prédire l'avenir du chef.,Gunakaa ga birigusiiyey zey ka boŋkoyno hiino har.
Les scarifications sur le visage indiquaient l'appartenance tribale.,Ndunbu moo ga goyo ga alkabiilaa cebandi.
La chauve-souris dormait la tête en bas dans la grotte obscure.,Zombombi ga jirbi nda boŋo cabu ganda tondi fuwo bi ra.
Le chemin sinueux menait au sommet de la colline sacrée.,Fonda kuubanta go koy ka too tondi honnante beene.
Le voyageur partageait ses histoires de terres lointaines.,Dirako zanka ga nga deede laabo mooro zama.
La colombe symbolisait la paix dans les contes traditionnels.,Tubaniya go alaafiya alaamey cabe alhaada deedey ra.
Les bracelets en argent tintaient au poignet de la jeune mariée.,Nzorfu zeeriyey ga turan wayboro tajo kamba zuu ga.
Le manguier donnait des fruits sucrés pendant la saison chaude.,Manguwaa ga izey kaaney no konno waato ra.
Le pagne tissé à la main était un cadeau précieux.,Caama go tafante nda kamba ti nooya hanno.
L'encens parfumait l'air pendant les cérémonies religieuses.,Yudura ga hew bana addiini batey ra.
Le canari d'eau gardait l'eau fraîche même pendant les journées chaudes.,"Hari kuso ga hari yegantey gaabu, baa zaari konnayaŋ ra."
La légende racontait la création du monde par un dieu bienfaisant.,Taari ga addunyaa teeyanoo fillandi ilaahi boryante.
Les jumeaux étaient considérés comme bénis par les esprits.,Feejey go diiyante sanda albarka zaa arwahey ga.
Le miel était recueilli des ruches suspendues aux branches des arbres.,Yuu ga zeyandi zinji kuusu kaŋ goo tuurey kambey ga.
Les plumes du paon ornaient la coiffe du chef lors des cérémonies.,Mala hamney ga kokoyo boŋ batuyaŋo caama teeyaŋey waati.
La hyène affamée rôdait autour du village pendant la nuit.,Koro heraykooni ga koyraa windi cino ra.
L'arc et les flèches étaient les armes préférées des chasseurs.,Biraw nda bibiyaŋ ti sorkey wongunihayay kaŋ i ga ba ka bisa.
La vache sacrée ne pouvait être ni tuée ni mangée.,Haw hanandiya si hin ka wiiyandi wala ka ŋwandi.
Le ciel s'assombrissait annonçant l'arrivée imminente de la tempête.,Beene ga bi ka almangay kaŋyaŋo bangandi.
Le danseur masqué tournoyait au centre du cercle des spectateurs.,Biyo ganyana ga kuubi-kuubi gobukaa ganey gamoo ra.
La marmite en terre cuite mijotait sur le feu de bois.,Kesero go hina tuuri nuune boŋ.
Les abeilles bourdonnaient autour des fleurs parfumées.,Yuu ga hẽeni doonu yeeti ga kaŋ yaŋ ga ban.
La cérémonie du nom avait lieu sept jours après la naissance.,Maa zamba batuyaŋo ga tee jirbi iyya hayyanoo banda.
Le sable du désert changeait de couleur avec la lumière du jour.,Sahra laaboo ga noono bare zaarikaa yeeto nda.
Le fruit du karité était récolté pour fabriquer du beurre.,Si izey go zeyante ka zuneeri te.
Les éclairs illuminaient brièvement la savane obscure.,Beene-maljey ga saaji yeeti zay zay zay cino bi ra.
Le chasseur tendait des pièges pour attraper les petits gibiers.,Sorko ga kumsayaŋ feeri ka gan kayyaŋ hamni kaynamey.
La calebasse était décorée de motifs géométriques colorés.,Gaasoo go tafante nda asariyaŋ caama.
Le figuier sauvage poussait au bord de la rivière.,Jeejii tuuri hawraa ga zay isa mee ga.
Les chevaux galopaient librement dans la plaine herbeuse.,Bari yaŋ ga zuru ngey boŋ gooro subu ra.
Le tissage était un art transmis de mère en fille.,Tafa ti goy nga nyaa ga soobay nd'a nga ize wande se.
La grand-mère connaissait toutes les herbes médicinales de la région.,Kaagawo ga bayra gandaa subu dorey kul.
Le toit de chaume protégeait la case de la pluie et du soleil.,Subu boŋo ga fuwo hallasi hari nda wayna ra.
Les perles colorées ornaient les tresses des jeunes filles.,Tonbi caama ga wande zanka hamney kalamante taalam.
Le lait frais était versé dans une calebasse propre.,Waa taajaa go zuurante gaasu hanante ra.
Les chants de deuil s'élevaient de la maison du défunt.,Bu cawey ga zaka bukaa fuwo ra.
Le Niger est un pays enclavé en Afrique de l'Ouest.,Niger manti labu ga beene Afrik Wane ra.
Le fleuve Niger traverse le pays du nord-ouest au sud-est.,Isa hari ga bisa labu nord-ouest ka koy sud-est do.
Niamey est la capitale du Niger.,Niamey ga ti Niger faaba koira.
Le désert du Sahara couvre une grande partie du territoire nigérien.,Sahara saaji ga daabu Niger labu bobo.
Le massif de l'Aïr est une région montagneuse au nord du Niger.,Aïr tondi tondey ga ti tondi kusu Niger azawa here.
Les oasis sont importantes pour la survie dans le désert.,Hari gurbi yaŋ ga ti haya beeri saaji ra funaandi se.
Le climat du Niger est généralement chaud et sec.,Niger waati alhaali ga ti konno nda koogu.
La saison des pluies dure de juin à septembre.,Hari jiiri ga tun juin ka koy septembre.
L'harmattan est un vent sec qui souffle du Sahara.,Harmattan ti haw koogu kaŋ ga hẽe ka fun Sahara.
"Le lac Tchad est partagé entre le Niger, le Nigeria, le Tchad et le Cameroun.","Tchad banga ga zamna Niger, Nigeria, Tchad nda Cameroun game."
Les frontières du Niger ont été tracées pendant la colonisation.,Niger hirrey bangandi kolonizasyon waati.
Le point culminant du Niger est le mont Idoukal-n-Taghès dans l'Aïr.,Niger tondi kuuku beeri ti Idoukal-n-Taghès tondi Aïr ra.
Le Niger est divisé en huit régions administratives.,Niger ga zamna kwaara iddu cindi hinka.
Agadez est la plus grande ville du nord du Niger.,Agadez ti koira beeri Niger azawa here.
Le parc national du W est une réserve naturelle importante.,W gandakoira ga ti gannikoy naŋ kaŋ gonda alkadar.
La vallée du fleuve Niger est fertile pour l'agriculture.,Isa hari gooroo ga ti farri labu kaŋ ga boori.
Les dunes de sable sont caractéristiques du désert nigérien.,Labutaasi booso yaŋ ga ti Niger saaji alhaaliy.
Le Niger partage une frontière avec l'Algérie au nord.,Niger nda Alzeri ga goo nda hirri baytal azawa here.
La région de Diffa fait face au lac Tchad.,Diffa kwaara mo ga Tchad banga here.
Le paysage du Niger varie du désert aux savanes.,Niger labu alhaali ga waani saaji ka koy subey do.
Les falaises de Tiguidit sont des formations rocheuses impressionnantes.,Tiguidit tondi caraw yaŋ ti tondey kaŋ ga hanse ka boori.
Le bassin des Iullemeden contient d'importantes réserves d'eau souterraine.,Iullemeden gooroo ra hari beeri goo labu cire.
La transhumance est pratiquée par les éleveurs nomades au Niger.,Almaney hawandiko ga tee alman kurukoy kaŋ ga bar-bar Niger ra.
Les plateaux du Djado sont situés dans le nord-est du Niger.,Djado batama beeri yaŋ goo Niger dandi-wallafay here.
La réserve naturelle nationale de l'Aïr et du Ténéré est la plus grande d'Afrique.,Aïr nda Ténéré gandakoira ti Afrik ikul ibeeranta.
Le fleuve Niger est une source vitale d'eau pour le pays.,Isa hari ti hari jaare kaŋ gonda alkadar laabo se.
Les inondations peuvent être dévastatrices pendant la saison des pluies.,Hari boobayaŋ ga hin ka hasara laabo hari jiiri waate.
Le secteur agricole est affecté par la désertification.,Fari goyo ga duu hasara saaji tontoni se.
Les puits artésiens sont essentiels dans les régions arides.,Hari luluwey gonda alkadar labu koogante yaŋ ra.
Le barrage de Kandadji est un projet important pour le Niger.,Kandadji hari daabu ti goytaari beeri Niger se.
Les caravanes traversaient le Sahara pour le commerce du sel.,Caravan yaŋ ga bisa Sahara saaji cirow maarey se.
La ville de Zinder était une ancienne capitale du Niger.,Zinder koira manti Niger faaba koira zeena.
Le massif du Termit est connu pour sa biodiversité unique.,Termit tondi tondey ga bara nda ngey fundey dumi-dumiyaŋ.
Les failles du Téfidet sont des formations géologiques anciennes.,Téfidet labu kayey ti geolozi tondi daaru zeena yaŋ.
Le système de l'aquifère du bassin du lac Tchad est partagé entre plusieurs pays.,Tchad banga labu cire hari ga zamna laabey game.
La forêt classée de Gorou-Bassounga est menacée par la déforestation.,Gorou-Bassounga subu gandakoira goo hasara ra tuurey kooney se.
Le Damergou est une région historique du centre du Niger.,Damergou ti tarikey kwaara Niger game ra.
Les mares temporaires sont importantes pour la biodiversité locale.,Gooru-ize kaŋ ga tonton ga ti haya beeri nongoo fundey dumi-dumey se.
L'uranium est extrait dans la région d'Arlit au Niger.,Uranium ga fanandi Arlit kwaara ra Niger laabo ra.
Le Ténéré est l'une des régions les plus arides du Sahara.,Ténéré ti nongo foo kaŋ ga hanse ka koogu Sahara ra.
Les arbres sont rares dans le désert mais essentiels pour l'écosystème.,Tuurey si boobo saaji ra amma i gonda alkadar nongoo fundey goroyo se.
La ville de Maradi est un centre commercial important.,Maradi koira ti maarey nongo beeri.
Le fleuve Komadougou Yobé marque une partie de la frontière avec le Nigeria.,Komadougou Yobé isa ga ci Niger nda Nigeria game hirri.
Le massif du Mounio est situé près de la frontière nigériane.,Mounio tondi tondey goo Nigeria hirri jere.
Les tempêtes de sable sont fréquentes dans les régions désertiques.,Labutaasi haw yaŋ ga boobo saaji kwaara yaŋ ra.
La mare de Bosso est un site important pour les oiseaux migrateurs.,Bosso gooru ti nongo beeri curo dumi yaŋ kaŋ ga tun nongu foo ka koy afo do se.
La région du Manga est caractérisée par ses nombreuses dépressions.,Manga kwaara ga bayrandi nda nga gooru boobo yaŋo.
Le parc national de la Pendjari s'étend jusqu'au Bénin voisin.,Pendjari gandakoira ga koy hala Benin laabo kaŋ ga man a.
Le kori de Ouallam est un cours d'eau saisonnier important.,Ouallam gooru ti hari kaŋ ga koy waati fo ra kaŋ gonda alkadar.
Les chotts sont des lacs salés qui se forment dans les dépressions désertiques.,Chotts ti ciiri bangey kaŋ ga te nongey kaŋ ga zumbu saaji ra.
La Grande Barrière est une région de dunes longitudinales.,Grande Barrière ti kuukukuwaaro kaŋ gonda labutaasi kuuku yaŋ.
Le peuple touareg est traditionnellement nomade dans le désert.,Touareg jama ga ti alman kurukoy kaŋ ga bar-bar saaji ra.
Les îles du fleuve Niger abritent des écosystèmes uniques.,Isa hari gurbo yaŋ gonda fundey goroyo dumi yaŋ kaŋ si boobo.
Le méandre du Niger près de Gaya forme une frontière naturelle.,Isa hari gango kaŋ ga man Gaya ga te labu hirri kaŋ ga fatta ngey boŋ.
L'erg du Ténéré est constitué de vastes étendues de dunes de sable.,Ténéré labutaasi ga ti labutaasi beeri kaŋ ga koy moŋ.
Le Manga est une région de cuvettes interdunaires.,Manga ti kuwaara kaŋ gonda gooruwey labutaasi game ra.
Le forage de puits profonds permet d'accéder aux nappes phréatiques.,Luluwey kaŋ ga zurga guusu ra ga naŋ boro ma duu labu cire hari.
Le climat sahélien est caractérisé par une courte saison des pluies.,Sahel waati alhaali ga bayrandi nda hari jiiri kayna.
Le sol latéritique est commun dans certaines régions du Niger.,Latérit labu ga bara Niger kwaara fooyaŋ ra.
Les vallées fossiles témoignent d'un passé plus humide.,Gooruwey kaŋ koogu ga cabe kaŋ waati fo hari ga boobo nongoo.
L'exploitation minière affecte le paysage dans certaines régions.,Kusunga goyo ga hanse ka bare kwaara fooyaŋ alhaali.
La réserve de Gadabédji protège la faune sahélienne.,Gadabédji gandakoira ga jejebu Sahel do alman dumiyey ga.
Le lac de Madarounfa est une source d'eau douce importante.,Madarounfa banga ti hari kaano beeri.
Les monts Bagzane dans l'Aïr atteignent plus de 2000 mètres d'altitude.,Bagzane tondey Aïr ra ga hanse ka koy beene ka bisa metre 2000.
Le kori Teloua coule pendant la saison des pluies près d'Agadez.,Teloua gooru ga hari zaara hari jiiri waate Agadez jere.
La mare d'Albarkaïzé est un point d'eau permanent dans une zone aride.,Albarkaïzé gooru ti hari gurbi kaŋ si koogu waati kul labu koogante ra.
Le canyon de Djado présente des formations rocheuses spectaculaires.,Djado guusu beero ga cabe tondi alhaali yaŋ kaŋ ga hanse ka boori.
Les palmeraies de Bilma sont des oasis importantes dans le désert.,Bilma teenay tuurey ti hari gurbi yaŋ kaŋ gonda alkadar saaji ra.
Le massif de Termit abrite des espèces endémiques menacées.,"Termit tondi tondey ra fundikooni yaŋ goo kaŋ si duwandi nongu kulu kala no din, de i goo hasaray ra."
La vallée de la Komadougou est fertile pour l'agriculture.,Komadougou gooru ti labu kaŋ ga boori farri se.
Le plateau du Djado est riche en gravures rupestres préhistoriques.,Djado batama beeri goo nda tondi feeriyaŋ zeena.
Les sources thermales de Tafadek sont situées dans le massif de l'Aïr.,Tafadek hari konno funko goo Aïr tondi tondey ra.
Le Niger est exposé aux risques de sécheresse et de désertification.,Niger ga hin ka duu hasaraw koogay nda saaji tontoniyaŋ se.
La région du Damagaram entoure la ville de Zinder.,Damagaram kwaara ga windi Zinder koira.
Les falaises de Koutous présentent des formations géologiques uniques.,Koutous tondi caraw yaŋ ga cabe geolozi tondi alhaali kaŋ si boobo.
Le Niger est traversé par le tropique du Cancer.,Tropique du Cancer ga bisa Niger labu boŋ.
La région de l'Azawak est connue pour son élevage de bovins.,Azawak kwaara ga bayrandi nda nga alman hawandi beero.
Le désert de Tal est une extension du Sahara dans le sud-est du Niger.,Tal saaji ti Sahara korokasinay Niger dandi-waynakasinay here.
Les pluies diluviennes peuvent causer des inondations soudaines.,Hari beeri kaaney ga hin ka kate hari boobay kaŋ ga kaa zaari folloŋ.
Le barrage de Takeita régule les eaux pour l'irrigation.,Takeita hari daabu ga faaba hari jisiyaŋ fari hari nooyaŋ se.
Les dallols sont d'anciennes vallées fluviales aujourd'hui asséchées.,Dallols ti isa hari goorawey zeena kaŋ koogu sohõ.
Le Dallol Bosso est verdoyant pendant la saison des pluies.,Dallol Bosso ga suubandi hari jiiri waate.
Le Dallol Maouri est un ancien affluent du fleuve Niger.,Dallol Maouri manti isa-ize zeena kaŋ ga zuru ka koy Isa beeri ra.
Les terres argileuses sont propices à la culture du mil.,Labu tiksa yaŋ ga boori hamo duma se.
La mare de Tabalak est un site Ramsar pour les oiseaux migrateurs.,Tabalak gooru ti Ramsar nongo curey se kaŋ ga tun nongu foo ka koy afo do.
Le climat du Niger connaît une grande variabilité des précipitations.,Niger waati alhaali ga waani-waani hari kaaniyaŋ fondaa ra.
Les mares salées du Manga sont exploitées pour le sel.,Manga ciirey gooruwey ga tee goy nda ey cirri se.
Le Liptako nigérien est une région aurifère.,Niger Liptako ti kwaara kaŋ ra wura ga bara.
La région de Maradi est considérée comme le grenier du Niger.,Maradi kwaara ga honnandi sanda Niger ŋwaari jisi nangu.
Les salines de Teguidda-n-Tessoum sont exploitées traditionnellement.,Teguidda-n-Tessoum ciirey ga tee goy nda ey alaada ra.
Le lac de Guidimouni est une ressource importante pour la pêche locale.,Guidimouni banga ti haya beeri kaŋ ga nafa nongoo ham-ize diiyan goyo se.
Les koris sont des cours d'eau temporaires formés pendant la saison des pluies.,Kori yaŋ ti hari zuru kaŋ ga bara hari jiiri waate hinne.
Le plateau du Djado est parsemé de formations rocheuses érodées.,Djado batama beeri ra tondi alhaali yaŋ kaŋ haw nda hari i zaa.
La vallée de l'Azawagh était autrefois un affluent majeur du fleuve Niger.,Azawagh gooru manti isa-ize beeri kaŋ ga zuru ka koy Isa beeri ra.
Les oasis de Bilma sont un point de passage des caravanes transsahariennes.,Bilma hari gurbey ti caravan yaŋ kaŋ ga bisa Sahara saaji ra.
Le Dallol Fogha forme une frontière naturelle avec le Bénin.,Dallol Fogha ga te hirri kaŋ ga fatta nga boŋ Niger nda Benin game.
Les boisements d'acacias sont caractéristiques du paysage sahélien.,Akasiya tuurey ga ti Sahel nongoo alhaaliy.
La mare de Dan Doutchi attire de nombreuses espèces d'oiseaux.,Dan Doutchi gooru ga candi curo dumi boobo yaŋ ga.
Le Koutous est une région de collines et de vallées fertiles.,Koutous ti kuwaara kaŋ gonda kuuru-kuuru nda gooru kaŋ ga boori farri se.
Les villages sont souvent construits près des points d'eau.,Kwaara kayney ga cinandi hari gurbi jere.
La plaine de Tamesna s'étend entre l'Aïr et la frontière malienne.,Tamesna batama ga sallay za Aïr ka koy Mali hirro do.
Le massif du Termit est un refuge pour la faune sauvage.,Termit tondi tondey ti furari nongo saaji alman yaŋ se.
Les falaises de l'Ader Doutchi offrent des paysages spectaculaires.,Ader Doutchi tondi caraw yaŋ ga cabe nongo alhaali yaŋ kaŋ ga hanse ka boori.
Le fleuve Niger forme un delta intérieur au Mali avant d'entrer au Niger.,Isa beeri ga te gooru booboyaŋ Mali ra jina za a mana kaa Niger.
Les forages profonds permettent d'accéder à l'eau dans les régions désertiques.,Luluwa guusantey ga naŋ boro ma duu hari saaji nongey ra.
La mare d'Oursi est partagée entre le Niger et le Burkina Faso.,Oursi gooru ga zamna Niger nda Burkina Faso game.
Le parc national du W est nommé d'après la forme du fleuve Niger à cet endroit.,W gandakoira maa zandi zama Isa beeri wangu waliyando ga hima W harfu.
Les termitières géantes modifient le paysage de la savane.,Mohinta beeri ga bare subu gandey labu alhaali.
La frontière entre le Niger et l'Algérie traverse le désert du Sahara.,Niger nda Alzeri game hirrey ga bisa Sahara saaji ra.
Le plateau de Djado est riche en sites archéologiques.,Djado batama beeri ra archeolozi nongey boobo goo.
Le bassin du lac Tchad est une dépression tectonique.,Tchad banga ti labu zumbante kaŋ tektonik nango goo.
Les mares d'Abalak sont vitales pour les pasteurs nomades.,Abalak gooruwey gonda alkadar alman kurukoy kaŋ ga bar-bar se.
Le fleuve Niger connaît une crue annuelle importante.,Isa beeri ga tonton jiiri kulu kaŋ ga ti haaya beeri.
Les vents dominants transportent le sable et modifient les dunes.,Haw beerey ga zaa taasi ka bare taasi boosey.
Le Niger possède d'importantes ressources en eaux souterraines.,Niger goo nda labu cire hari beeri.
La région de Gouré est connue pour ses cuvettes oasiennes.,Gouré kwaara ga bayrandi nda nga hari gurbey gooruwey.
L'exploitation de l'uranium a transformé la ville d'Arlit.,Uranium goyo na Arlit koira barmay.
Le lac de Madarounfa est menacé par l'ensablement.,Madarounfa banga goo hasara ra taasi kaŋteeyan se.
Les sécheresses récurrentes affectent l'agriculture nigérienne.,Koogay kaŋ ga kaa waati nda waati ga hasara Niger farri goyey.
Le massif de l'Aïr est un exemple de montagne désertique.,Aïr tondi tondey ti saaji tondi tondey dumi foo.
Les salines de Bilma produisent du sel depuis des siècles.,Bilma ciirey ga cirri tee za jiiri zangu boobo.
La mare de Toumnia est un lieu de pêche important.,Toumnia gooru ti ham-ize dii nongo beeri.
Le barrage de Kandadji pourrait transformer l'agriculture locale.,Kandadji hari daabu ga hin ka bare nongoo farri goyo.
Les eaux souterraines du Niger sont menacées par la pollution.,Niger labu cire hari ga hasara žiibi kaŋyan se.
Le plateau du Manguéni est situé dans la région d'Agadez.,Manguéni batama beeri goo Agadez kwaara ra.
Le Niger partage le lac Tchad avec trois autres pays.,Niger nda labu hinza ga zamna Tchad banga.
Le climat hyperaride du Ténéré rend la vie très difficile.,Ténéré waati alhaali kaŋ ga hanse ka koogu ga naŋ hunaroo ma šendi.
La mare de Tabalak est un site de repos pour les oiseaux migrateurs.,Tabalak gooru ti fulanzamay nongo curey se kaŋ ga tun nongu foo ka koy afo do.
Les grottes de Djaba abritent des peintures rupestres préhistoriques.,Djaba tondi guusuwey ra fee boobo kaŋ ga zeena goo.
Le Niger est confronté à l'avancée du désert vers le sud.,Niger goo hasaraw ra saaji kaŋ ga zuru ka koy gurma here se.
La plaine de l'Irhazer est une ancienne zone lacustre.,Irhazer batama manti banga nongo zeena.
Les oasis du Kawar sont situées sur une ancienne route commerciale.,Kawar hari gurbey goo maarey fondo zeena boŋ.
Le Dallol Bosso est une vallée fertile qui traverse le pays.,Dallol Bosso ti gooru kaŋ ga boori farri se kaŋ ga bisa laabo ra.
La falaise de Tiguidit marque la limite sud du massif de l'Aïr.,Tiguidit tondi caraw ga cabe Aïr tondi tondey gurma here hirro.
Les baobabs sont des arbres emblématiques des savanes nigériennes.,Baobab tuurey ga ti Niger subu laabey tuuri bayrantey.
La ville de Diffa est située près du lac Tchad.,Diffa koira goo Tchad banga jere.
Le Niger est traversé par des routes migratoires d'oiseaux importantes.,Curo yaŋ ka bar-bar fondey beeri ga bisa Niger ra.
Les dunes de l'erg du Ténéré peuvent atteindre 300 mètres de hauteur.,Ténéré labutaasi boosey ga hin ka too metre 300 kuuyan.
La réserve de faune de Tamou protège les derniers éléphants du Niger.,Tamou almaney gandakoira ga jejebu Niger fiil korfo kokorantey ga.
Le Niger est riche en fossiles préhistoriques dans certaines régions.,Niger ra alman nda tuuri zeena kaŋ buu boobo ga duwandi kwaara fooyaŋ ra.
Les tourbières du lac Tchad stockent du carbone depuis des millénaires.,Tchad banga cire labu tik ga gaabu kaŋ ra carbone ga jisandi za jiiri zenber boobo.
La ville d'Iférouane est une oasis dans le massif de l'Aïr.,Iférouane koira ti hari gurbi Aïr tondi tondey ra.
Les zones humides du Niger sont protégées par la convention de Ramsar.,Niger labu yaŋ kaŋ ga tay goo jejebu cire nda Ramsar hadu šenni.
Le climat du Niger varie du tropical au désertique.,Niger waati alhaali ga waani-waani za tropical ka koy saaji waate.
Le sol latéritique est riche en fer et en aluminium.,Laterit labu ga ti guuru nda aluminium labu.
Les palmiers doums sont caractéristiques des oasis nigériennes.,Doum teenay tuurey ga ti Niger hari gurbey alhaaliy.
La mare d'Albarkaïzé est alimentée par la nappe phréatique.,Albarkaïzé gooru ga duu hari labu cire hari ga.
Le football est le sport le plus populaire au Niger.,Football manti sport kaŋ ga baa ka tonton Niger ra.
Les joueurs s'entraînent tous les jours.,Foobalkoyey ga boŋ talastim zaari kulu.
L'équipe nationale du Niger s'appelle le Mena.,Niger kunda nationally se ga ciindi Mena.
Le stade est plein de spectateurs.,Fiildo mo ga too nda gunakoy.
L'arbitre a sifflé la fin du match.,Ciitiko na fiira kaŋ matchey ben.
Le joueur a marqué un but spectaculaire.,Hooke-koyo na bii kaŋ ga boori.
Les supporters encouragent leur équipe.,Nookey ga ngey kundaa yaahaaandi.
La coupe d'Afrique des nations est une compétition importante.,Afrika gandawey kopo ga ti konkur beeri.
Le gardien de but a fait un arrêt impressionnant.,Mee-batukaw na batu kaŋ ga boori tee.
Le match s'est terminé par un match nul.,Matchey ben nda sasabango.
Le joueur a reçu un carton rouge.,Hooke-koyo du karto ciray.
Le championnat national commence en octobre.,Daama kunda sintin handu iyyanta ra.
La ligue des champions est très suivie au Niger.,Champion ligue ga hanga boobo Niger ra.
Le basketball gagne en popularité.,Basketball ga tonton kaaney ra.
Les jeunes préfèrent jouer au football après l'école.,Zankoy ga ba ka football hook lakol banda.
L'athlétisme est pratiqué dans les écoles.,Athlétisme ga te lakoley ra.
La course à pied est bonne pour la santé.,Zuru ga boori gahamo baani se.
Le volleyball se joue sur la plage du fleuve.,Volleyball ga hookey isa gurma.
Le champion de lutte traditionnelle est respecté.,Kokari sooka ga du beeray.
La lutte traditionnelle attire beaucoup de spectateurs.,Kokari ga kate gunakaw boobo.
Le marathon de Niamey a lieu chaque année.,Niamey marathon ga te jiiri kulu.
Les cyclistes parcourent le pays pendant le Tour du Niger.,Velo-zura-koyey ga ganda beeroo dira Niger Tour waate.
Les compétitions interscolaires sont importantes pour les jeunes.,Lakol game konkurey ga bara nafa zankey se.
Le tennis se joue principalement dans les clubs privés.,Tennis ga hook zanta club subaney ra.
Le golf est un sport pour les élites.,Golf ti sport aristokrat-ize se.
La natation est enseignée dans certaines écoles.,Zinjiyaŋ ga cawandi lakol fooyaŋ ra.
Le karaté est populaire parmi les jeunes.,Karaté ga ba arwasu zankoy game.
Les équipes de quartier organisent des tournois.,Kuray kaŋ kundey ga turnuwayey sijil.
Le rugby est moins connu au Niger.,Rugby si bay boobo Niger ra.
Les jeux traditionnels font partie de la culture.,Alarwasa hookeyaŋ goo culture ra.
Le sport aide à développer l'esprit d'équipe.,Sport ga kunda fondaa tunandi.
Les infrastructures sportives sont insuffisantes.,Sport goy-niiney si wasa.
Le gouvernement investit dans le sport.,Gomnati ga nooru daŋ sport ra.
Les femmes participent de plus en plus aux activités sportives.,Woyey ga tonton kanbe-daŋ sport ra.
Les sportifs représentent le pays aux compétitions internationales.,Sport-teerey ga gaakasina ganda adduɲɲa konkurey ra.
Le taekwondo enseigne la discipline.,Taekwondo ga hinidaŋ cawandi.
L'équitation est un sport noble.,Bari-kaaru ti sport noble.
Les arts martiaux enseignent le respect.,Arts martiaux ga beeray cawandi.
La boxe demande beaucoup d'entraînement.,Boxe ga talastim boobo ceeci.
Le handball est joué dans les écoles secondaires.,Handball ga hook lakol boŋday ra.
La gymnastique développe la souplesse.,Gymnastik ga gaahamo yaynandiyaŋ tunandi.
Les jeunes talents sont repérés lors des compétitions.,Zankey kaŋ goo nda fondo ga bay konkurey ra.
Le sport unifie les différentes ethnies.,Sport ga alkabiila dumi-dumey margasu.
Le badminton se joue en double ou en simple.,Badminton ga hook ihinka-ihinka wala afo-afo.
Les échecs demandent de la concentration.,Echec ga laakal battaŋ ceeci.
Le ping-pong est un sport olympique.,Ping-pong ti sport olympique.
La pétanque est jouée par les personnes âgées.,Pétanque ga hook dottijey do.
Le billard est un jeu d'adresse.,Billard ti hook kaŋ ga feeriro ceeci.
Les sports extrêmes sont dangereux.,Sport kaŋ ga jaŋtu ga ti albaasi.
Le parachutisme procure des sensations fortes.,Parachutisme ga kate bine hansa beeri.
Le canoë-kayak se pratique sur le fleuve Niger.,Canoë-kayak ga te isa beeri ra.
Le tir à l'arc nécessite de la précision.,Biraw ga feeriro ceeci.
Le hockey sur gazon n'est pas populaire au Niger.,Hockey sur gazon si woori Niger ra.
Le patin à glace est impossible à pratiquer au Niger.,Patin à glace si hin ka te Niger ra.
Le ski est un sport d'hiver.,Ski ti hewmar sport.
Les Jeux Olympiques réunissent tous les pays.,Jeux Olympiques ga gandawey kul marga.
La médaille d'or est le rêve de chaque athlète.,Wura meedailli ti athlète kulu hindiri.
L'équipe a remporté le championnat.,Kunday du championnat.
Le marathon est une course de 42 kilomètres.,Marathon ti zuruyan kilomeetar 42.
Les haltères sont utilisés pour la musculation.,Haltère ga te musculation ra.
Le surf se pratique sur l'océan.,Surf ga te teeko boŋ.
Le yoga améliore la flexibilité.,Yoga ga gaahamo yaynandiyaŋ boryandi.
L'aérobic est bon pour le cœur.,Aerobik ga boori bine se.
La danse sportive est également une compétition.,Gaaney sport ti konkur mo.
Le cricket est populaire dans les pays anglophones.,Cricket ga woori angilize gandawey ra.
Le baseball est un sport américain.,Baseball ti ameriki sport.
Le Frisbee est un jeu de plage.,Frisbee ti isa-hook.
Le paintball est un jeu d'équipe.,Paintball ti kunda-hook.
La plongée sous-marine révèle les merveilles aquatiques.,Plongée sous-marine ga hari boŋ caadirtarey cebe.
L'escrime est un sport d'élégance.,Escrime ti sport kaŋ goo nda annuura.
Le judo enseigne le respect de l'adversaire.,Judo ga iberikasin beeray cawandi.
Le triathlon combine trois disciplines.,Triathlon ga margasu teeri hinza.
Le biathlon mélange ski et tir.,Biathlon ga ski nda haŋabiraw margasu.
Le décathlon teste dix compétences différentes.,Décathlon ga feeriro dumi way caw.
L'heptathlon est pour les femmes.,Heptathlon ga ti woyey se.
La musculation développe les muscles.,Musculation ga gaahamo tunandi.
Le pilates renforce le centre du corps.,Pilates ga gaaham game gaabandi.
Le CrossFit est un entraînement intense.,CrossFit ti talastim gaabante.
Le parkour utilise l'environnement urbain.,Parkour ga koyra windila goy.
Le skate est populaire parmi les adolescents.,Skate ga ba arwasu zankoy do.
Le roller est un moyen de transport et un sport.,Roller ti dirakoy nda sport.
Le BMX permet de faire des figures acrobatiques.,BMX ga naasey kaŋ ga hansa teyandi.
Le VTT permet d'explorer la nature.,VTT ga naasey fondo no ka addunyaa guna.
Le polo se joue à cheval.,Polo ga hook bari boŋ.
Le water-polo se joue dans l'eau.,Water-polo ga hook hari ra.
Le curling se joue sur la glace.,Curling ga hook hargu boŋ.
La planche à voile nécessite du vent.,Planche à voile ga hew ceeci.
Le kitesurf combine surf et cerf-volant.,Kitesurf ga surf nda cerf-volant margasu.
Le snowboard est un sport de glisse.,Snowboard ti sport kaŋ ga zay.
Le rafting se pratique en eaux vives.,Rafting ga te hari kaŋ ga zuru ra.
L'escalade demande de la force et de l'équilibre.,Tontonyan ga gaabi nda sasabango ceeci.
Le tir sportif exige de la concentration.,Tir sportif ga laakal battaŋ ceeci.
Le saut en hauteur est une discipline olympique.,Beene karyan ti olympique discipline.
Le saut en longueur mesure la détente.,Kuuyan karyan ga fanda neesi.
Le triple saut est technique.,Triple saut ga bara teknik boobo.
Le lancer de javelot est une discipline ancienne.,Yaaji cetayan ti zamanko sport.
Le lancer de poids demande de la force.,Tonko cetayan ga gaabi ceeci.
Le lancer de disque était pratiqué dans la Grèce antique.,Disque cetayan cindi Gres beenante ra.
Le lancer de marteau est spectaculaire.,Marteau cetayan ga hansa.
Le marathon est épuisant.,Marathon ga fargandi.
Le semi-marathon fait 21 kilomètres.,Semi-marathon ga te kilomeetar 21.
La course de haies est technique.,Hing-kaataray zuruyan goo nda teknik.
Le 100 mètres est la course la plus rapide.,Meetar zangu ti zuruyan kaŋ ga cahã ka tonton.
Le relais 4x100 est une course d'équipe.,Relais 4x100 ti kunda zuru ize.
Le 400 mètres est très dur.,Meetar zangu taaci ga jaŋtu gumo.
Le 800 mètres combine vitesse et endurance.,Meetar zangu ahakku ga cahãyan nda duumiyan margasu.
Le 1500 mètres est la distance du mile métrique.,Meetar zenber nda zangu gu ti mile metrik mooru.
Le 3000 mètres steeple a des obstacles.,Meetar zenber hinza steeple goo nda yaaday.
Le 5000 mètres est une course de fond.,Meetar zenber gu ti zurari kuuku.
Le 10000 mètres est la plus longue distance sur piste.,Meetar zenber way ti zurari kuukanten fiildo boŋ.
La marche athlétique a des règles strictes.,Dirakoyan athletique goo nda ašariya šendayaŋ.
Le saut à la perche est impressionnant.,Gobu nda perche ga hansa.
L'haltérophilie est un sport de force.,Haltérophilie ti gaabi sport.
La gymnastique artistique est gracieuse.,Gymnastik artistique goo nda annuura.
La gymnastique rythmique utilise des accessoires.,Gymnastik rythmique ga jinay fooyaŋ goy.
Le trampoline permet de faire des sauts spectaculaires.,Trampoline ga bey ka gobu kaŋ ga hansa te.
Le plongeon est un mélange de gymnastique et de natation.,Cililiyaŋ ti gymnastik nda zinjiyan margasu.
La natation synchronisée est artistique.,Natation synchronisée ti artistik sport.
Le water-polo est physique.,Water-polo ga gaaham gaabi goy.
L'aviron se pratique en équipe.,Aviron ga te nda kunda.
Le canoë est une embarcation traditionnelle.,Canoë ti duula alamusey.
Le kayak est plus petit que le canoë.,Kayak ga kacca nda canoë.
La voile olympique a plusieurs catégories.,Voile olympique goo nda fasaley boobo.
Le motocross est bruyant.,Motocross ga yooje.
Le supercross se déroule dans des stades.,Supercross ga te fiildo beerey ra.
Le trial est un sport d'adresse à moto.,Trial ti moto boŋ feeriro sport.
L'enduro est une course de longue distance en moto.,Enduro ti moto boŋ zurari kuuku.
Le speedway se court sur un circuit ovale.,Speedway ga te fiildo kurkur-dendi ra.
La Formule 1 est le sommet du sport automobile.,Formula 1 ti mobil sport beene.
Le rallye se déroule sur des routes ouvertes.,Rallye ga te fondo feerikoyyaŋ boŋ.
Le karting est accessible aux enfants.,Karting ga hin ka te zankey do.
Le NASCAR est populaire aux États-Unis.,NASCAR ga woori Amerika ra.
Le drag racing est une course d'accélération.,Drag racing ti cahãndi zurari.
La dérive automobile est un sport de précision.,Automobile dérive ti feeriro sport.
Le monster truck écrase des voitures.,Monster truck ga moobiley boosa.
Le stock-car est un sport de contact.,Stock-car ti sport kaŋ ga gaaham goy.
Le football américain est violent.,Football américain ga hanse.
Le rugby à XV comporte quinze joueurs.,Rugby à XV goo nda boro way cindi gu.
Le rugby à XIII est différent du rugby à XV.,Rugby à XIII ga waana nda rugby à XV.
Le hockey sur glace est rapide.,Hockey sur glace ga cahã.
Le patinage artistique est élégant.,Patinage artistique goo nda annuura.
Le patinage de vitesse est une course.,Patinage de vitesse ti zuru-hokey.
Le bobsleigh se pratique en équipe.,Bobsleigh ga te nda kunda.
Le skeleton est dangereux.,Skeleton ga jaŋtu.
La luge peut être un sport ou un loisir.,Luge ga hin ka ti sport wala binekaani.
Le biathlon combine ski de fond et tir.,Biathlon ga ski de fond nda haŋa biraw margasu.
Le combiné nordique mélange saut à ski et ski de fond.,Combiné nordique ga ski boŋ gobuyaŋ nda ski de fond margasu.
Le ski alpin est une descente rapide.,Ski alpin ti zumayankaŋ ga cahã.
Le skicross est une course d'obstacles en ski.,Skicross ti gaataray zuru ize ski boŋ.
Le ski acrobatique est spectaculaire.,Ski acrobatique ga hansa.
Le ski de fond est une épreuve d'endurance.,Ski de fond ti duumiyan konkur.
Le saut à ski est impressionnant.,Ski boŋ gobuyan ga hansa.
Le surf des neiges a plusieurs disciplines.,Harandaasu surf goo nda teerey boobo.
Le squash se joue dans une salle fermée.,Squash ga hook fu daabu ra.
Le racquetball est similaire au squash.,Racquetball ga hima nda squash.
Le cricket peut durer plusieurs jours.,Cricket ga hin ka gay jirbi boobo.
Le baseball est le sport national américain.,Baseball ti Amerika sport national.
Le softball est une variante du baseball.,Softball ti baseball dumi.
Le golf miniature est accessible à tous.,Golf miniature ga hin ka te boro kulu do.
Le bowling est un sport de précision.,Bowling ti feeriro sport.
Les quilles sont un jeu traditionnel.,Quilles ti alamusey hook.
Le tir à l'arc nécessite de la concentration.,Biraw ga laakal battaŋ ceeci.
Le tir au pigeon d'argile est olympique.,Tir au pigeon d'argile ti olympik sport.
Le tir sportif comprend plusieurs épreuves.,Tir sportif goo nda konkur boobo.
La chasse n'est pas considérée comme un sport par tous.,Hanno si honga sanda sport boro kulu do.
La pêche sportive relâche les poissons.,Pêche sportive ga hamsey taŋ.
La corrida est controversée.,Corrida boŋ kakaw ga boobo.
Le rodéo est populaire aux États-Unis.,Rodeo ga woori Amerika ra.
L'équitation comporte plusieurs disciplines.,Équitation goo nda teeri boobo.
Le dressage est une discipline équestre.,Dressage ti bari sport teeri.
Le saut d'obstacles est spectaculaire.,Yaaday boŋ gobuyan ga hansa.
Le concours complet est exigeant.,Concur timmante ga šendi.
Les courses hippiques attirent les parieurs.,Bari zurari ga kate caar-teerey.
Le polo est un sport équestre d'équipe.,Polo ti bari kunda sport.
Le kayak-polo se joue dans une piscine.,Kayak-polo ga hook bange ra.
Le hockey subaquatique se joue au fond de l'eau.,Hockey subaquatique ga hook hari cire.
L'ultimate est joué avec un frisbee.,Ultimate ga hook nda frisbee.
Le sepak takraw est un sport asiatique.,Sepak takraw ti Azi sport.
Le kabaddi est un sport de contact indien.,Kabaddi ti India gaham goyyan sport.
Le korfbal est mixte.,Korfbal ga woyyaŋ nda arey marga.
Le netball est populaire dans les pays du Commonwealth.,Netball ga woori Commonwealth gandawey ra.
Le tchoukball est un sport sans contact.,Tchoukball ti sport bila gaaham goyyan.
Le goalball est joué par des non-voyants.,Goalball ga hook danaw-siiyaŋ do.
Le torball est similaire au goalball.,Torball ga hima nda goalball.
Le showdown est un tennis de table pour non-voyants.,Showdown ti table tennis danaw-siiyan se.
Le cecifoot est un football pour malvoyants.,Cecifoot ti football moy-siiyan yaadakoy se.
Le volley assis est pratiqué par des personnes handicapées.,Volley assis ga hook malule borey do.
Le basket en fauteuil est paralympique.,Basket en fauteuil ti paralympique sport.
Le rugby en fauteuil est physique.,Rugby en fauteuil ga gaaham gaabi goy.
L'escrime en fauteuil demande de la précision.,Escrime en fauteuil ga feeriro ceeci.
Le tennis en fauteuil est spectaculaire.,Tennis en fauteuil ga hansa.
Le para-athlétisme comprend plusieurs disciplines.,Para-athlétisme goo nda teeri boobo.
La natation paralympique est compétitive.,Natation paralympique ti konkur.
Le tir paralympique exige de la concentration.,Tir paralympique ga laakal battaŋ ceeci.
La boccia est similaire à la pétanque.,Boccia ga hima nda pétanque.
Le powerchair football se joue en fauteuil électrique.,Powerchair football ga hook fauteuil électrique ra.
Le hockey sur luge est paralympique.,Hockey sur luge ti paralympique.
Le para ski alpin est rapide.,Para ski alpin ga cahã.
Le para snowboard est récent aux Jeux Paralympiques.,Para snowboard mana gay Jeux Paralympiques ra.
Le football à 5 est joué par des non-voyants.,Football à 5 ga hook danaw-siiyan do.
Le football à 7 est joué par des infirmes moteurs cérébraux.,Football à 7 ga hook borey kaŋ ga ti cerebral moteur malule do.
Le para-badminton est technique.,Para-badminton goo nda teknik.
Le para-tennis de table est rapide.,Para-tennis de table ga cahã.
Le triathlon paralympique est exigeant.,Triathlon paralympique ga jaŋtu.
Le paratriathlon combine trois sports.,Paratriathlon ga sport hinza margasu.
Le para-aviron est un sport d'équipe.,Para-aviron ti kunda sport.
Le para-canoë est récent aux Jeux Paralympiques.,Para-canoë mana gay Jeux Paralympiques ra.
Le para-cyclisme a plusieurs catégories.,Para-cyclisme goo nda fasaley boobo.
Le para-équestre est élégant.,Para-équestre goo nda annuura.
Le parataekwondo est paralympique depuis peu.,Parataekwondo mana gay kaŋ a te paralympique.
Le parajudo est adapté aux malvoyants.,Parajudo ga hanse moy-siiyaŋ yaadakoy se.
Le volleyball de plage se joue à deux.,Isa volleyball ga hook boro hinka.
Le football de plage se joue pieds nus.,Isa football ga hook ce gaa koonu.
Le handball de plage est spectaculaire.,Isa handball ga hansa.
Le rugby de plage est moins connu.,Isa rugby si bay boobo.
Le tennis de plage se joue sur le sable.,Isa tennis ga hook taasi boŋ.
"Bonjour, comment allez-vous?","Fofo, mate no go?"
"Je vais bien, merci.","Ay go baani, fofo."
Comment vous appelez-vous?,Mate ti ni maa?
Je m'appelle Ibrahim.,Ay maa Ibrahim.
D'où venez-vous?,Man no ni fun?
Je viens de Niamey.,Ay fun Niamey.
Quel âge avez-vous?,Jiiri marje ni gaa?
J'ai vingt-cinq ans.,Ay gaa jiiri waranka cindin.
Quelle heure est-il?,Waati foo no?
Il est dix heures du matin.,Susubay waati iway.
Avez-vous faim?,Ni heray?
"Oui, j'ai très faim.","Oho, ay heray gumo."
Que voulez-vous manger?,Ifo no ni ga ba ka ŋwa?
Je voudrais du riz.,Ay ga ba muusu.
L'eau est très importante pour la vie.,Hari ga hima hunayan se gumo.
Je dois aller au marché.,Ay ga hima ka koy habu.
Combien coûte ce tissu?,Jeeda marje no zankey woo?
Le soleil se lève à l'est.,Wayna ga tun wayna funay do.
La lune brille dans le ciel.,Handu ga kayna beene.
Les enfants jouent dans la cour.,Zankey ga hooroo batama ra.
Ma mère prépare le repas.,Ay nyaŋo ga ŋwaari hina.
Mon père est agriculteur.,Ay baabo fari-teeri no.
L'école est fermée aujourd'hui.,Lokol ga dabu hunkuna.
J'aime lire des livres.,Ay ga ba ka tira caw.
La saison des pluies commence bientôt.,Hari jiiri ga mati ka sintin.
Le Niger est un beau pays.,Nijer laabu hanno no.
Nous devons protéger l'environnement.,Iri ga hima ka kubaroo batu.
Le téléphone ne fonctionne pas.,Telefon si goy.
J'ai perdu mes clés.,Ay na ay kufaley mursu.
Cette robe est très belle.,Kwaayey woo ga boori gumo.
Le repas est prêt.,Ŋwaari ban.
Je vais dormir maintenant.,Ay ga koy jirbi sohõ.
Le village est loin de la ville.,Kwaara ga mooru koyra.
Le fleuve Niger est très long.,Isa hari ga ku gumo.
La route est en mauvais état.,Fondo si boori.
Il fait très chaud aujourd'hui.,Konno ga korna hunkuna.
"Demain, il va pleuvoir.","Suba, hari ga kaŋ."
Le médecin est absent.,Lokotoro si no.
Mon frère est malade.,Ay arma ga wirci.
Nous allons à la mosquée.,Iri ga koy alfijir.
Le champ de mil est grand.,Heeno fari ga beeri.
J'ai besoin d'acheter des médicaments.,Ay ga Safari day nooru ga.
Le thé est trop sucré.,Attaaya gaa sukur boobo.
La radio diffuse les nouvelles.,Radiyo ga alhabar ci.
L'électricité est coupée.,Kurant hun.
La voiture est en panne.,Mooto bara.
Il y a beaucoup de monde au marché.,Boro boobo go habu ra.
Ma sœur se marie demain.,Ay waymey ga hiiji suba.
Les vaches mangent de l'herbe.,Hawyey ga subu ŋwa.
Le berger surveille son troupeau.,Hawjom ga nga almaney batu.
L'oiseau construit son nid.,Curo ga nga fitilla tee.
Le chef du village a convoqué une réunion.,Kwaara jine-boro na margu ce.
La récolte a été bonne cette année.,Hegay boori jiiri woo.
Le puits est à sec.,Day koogu.
Ma grand-mère raconte des histoires.,Ay kaaya wande ga fillaa deede.
Les jeunes dansent pour la fête.,Arwasu ga gan jingar se.
Le commerçant vend des tissus.,Fataakey ga zankey neera.
L'artisan fabrique des bijoux.,Zankey-teeri ga taalam tee.
Le bois est utilisé pour faire du feu.,Tuuri ga goy nuune ra.
Les feuilles tombent des arbres.,Tuuri kobey ga kaŋ.
La saison sèche est difficile.,Jaw jiiri ga korno.
Le poisson est frais.,Hamiisa ga taaji.
Le vent souffle fort.,Haw ga hẽ nda gaabi.
La mosquée est au centre du village.,Alfijir go kwaara bindi ra.
Les enfants apprennent le Coran.,Zankey ga Alkoraana caw.
Le maïs pousse bien.,Masara ga zayandi boori.
La lune est pleine ce soir.,Handu ga too cini woo.
Le forgeron répare la houe.,Guuru-teeri ga saahẽ hanse.
La femme puise de l'eau au puits.,Woyborey ga hari gaa day ra.
L'homme cultive son champ.,Aru ga nga fari beeri.
Le tailleur coud des vêtements.,Zankay-dumbuŋko ga darbay dubbu.
Le marabout prie pour la communauté.,Alfaga ga adduwa jamaa se.
Je parle zarma et français.,Ay ga dendi nda faransi ciine.
La tradition est importante.,Alaada ga hima.
Les ancêtres nous ont laissé un héritage.,Kaayey na iri noo tubundi.
La calebasse est pleine de lait.,Gaasu ga too nda waa.
Le thé se boit trois fois.,Attaaya ga haŋandi cee hinza.
Le sac est lourd à porter.,Saaku ga tiŋ ka jare.
La fumée monte dans le ciel.,Dullu ga tun beene.
Le sel donne du goût à la sauce.,Ciiri ga kaŋ ham subu ga.
La nuit est calme et silencieuse.,Cini ga baani nda siw.
Le chameau traverse le désert.,Yo-yo ga saaji deesi.
Le mil est pilé dans le mortier.,Heeno ga sosandi hugu ra.
Le henné décore les mains des femmes.,Alhinna ga woyborey kambe taalam.
Les griots chantent les louanges.,Jesere-borey ga saabu don.
La hyène rôde autour du village.,Koro ga yaara kwaara kuryom.
Le lion est le roi des animaux.,Muusu ti almaney bonkoono.
La tortue marche lentement.,Kunturuumi ga dira susubante.
L'éléphant a de grandes oreilles.,Alhindi gonda hanji bambata.
Le serpent se cache dans l'herbe.,Gondi ga tugu subu ra.
La girafe a un long cou.,Kankanji gonda jinde ku.
Le scorpion est dangereux.,Dundu ga hansa.
La gazelle court rapidement.,Jerba ga zuru cahãnte.
Le singe grimpe aux arbres.,Waandaray ga ziji tuuri boŋ.
La poule pond des œufs.,Gorko ga tondi hay.
Le coq chante au lever du soleil.,Gorgori ga ciya wayna funyan waate.
La chèvre mange les feuilles.,Hincin ga tuuri kobey ŋwa.
Le mouton est sacrifié pour la fête.,Feeji ga koosandi jingar se.
La vache donne du lait.,Haw ga waa no.
Le chat attrape les souris.,Muuso ga ceebey di.
Le chien garde la maison.,Hansi ga fuwo batu.
L'âne porte de lourdes charges.,Farka ga jeraw tiiney zaa.
Le cheval court vite.,Bari ga zuru waasi.
Le taureau est fort.,Haw aru ga koon.
La grenouille saute dans l'eau.,Tooru ga sar hari ra.
L'abeille fait du miel.,Yuu ga yu tee.
La fourmi travaille dur.,Zeeri ga goy gumo.
Le papillon est coloré.,Kurkutu ga noorunte.
Le moustique transmet le paludisme.,Sunsun ga saaye nooru gandey.
La mouche se pose sur la nourriture.,Hammay ga goro ŋwaari boŋ.
Le crocodile vit dans le fleuve.,Isa-kopto ga goro isa hari ra.
Le hibou sort la nuit.,Koorukoobu ga fatta cini ra.
La chauve-souris dort la tête en bas.,Takafaranji ga jirbi nda boŋ cire.
Le feu de brousse est dangereux.,Saaji nuune ga hansa.
Les étoiles brillent dans le ciel.,Handarey ga nyala beene.
La pluie arrose les plantes.,Hari ga kali tuuri-izey.
Le tonnerre fait peur aux enfants.,Beene ciine ga zankey humburandi.
L'éclair illumine le ciel.,Meli-meli ga beene yeeri.
L'arc-en-ciel apparaît après la pluie.,Forkongo ga bangay hari banda.
Le nuage cache le soleil.,Buru ga wayna daabu.
La terre est sèche pendant la saison chaude.,Laabu ga koogu konno jiiri ra.
La poussière vole avec le vent.,Kuslu ga deesi nda haw.
La brousse est pleine d'animaux sauvages.,Saaji ga too nda ganda almaney.
Le fleuve déborde pendant la saison des pluies.,Isa ga too hari jiiri ra.
Le champ de riz a besoin d'eau.,Muusu fari ga hari ceeci.
Les légumes poussent bien.,Subu-ŋwaari ga zayandi boori.
Le palmier donne des dattes.,Dabindi ga dabinno izey no.
Le manguier est en fleur.,Mangoo ga boose.
La tomate est rouge et juteuse.,Tomatiti ga ciray nda ga yaasa.
L'oignon fait pleurer.,Albasallu ga boro hẽandi.
Le piment est très épicé.,Tonka ga korni gumo.
Le gingembre est bon pour la santé.,Citta ga boori gaaham baani se.
Le citron est acide.,Leemoo ga morra.
La mangue mûre est douce.,Mangoo nin ga kaan.
La banane est bonne pour l'énergie.,Kodowaru ga boori gaabi se.
La papaye aide la digestion.,Papay ga faaba gunde daama se.
L'ananas est juteux.,Goriba ga yaasa.
La patate douce est nourrissante.,Dankali ga ŋwaari boori no.
Le manioc est un aliment de base.,Rogo ti ŋwaari maana.
L'igname peut être bouilli ou frit.,Kudaku ga hin ka hina wala ka sooso.
Le sorgho sert à faire la bouillie.,Keeno ga goy busuuli hinari se.
Le pain est fait avec de la farine.,Takula ga tee nda hamni.
Le lait est bon pour les os.,Waa ga boori biriyey se.
Le fromage est fait avec du lait.,Fromage ga tee nda waa.
Le beurre est utilisé pour cuisiner.,Bu ga goy ŋwaari hinari se.
Le sucre rend les aliments doux.,Sukur ga ŋwaarey kaandi.
Le sel est extrait de la terre.,Ciiri ga kaa laabu ra.
Le miel est produit par les abeilles.,Yu ga fun yuu do.
La viande doit être bien cuite.,Ham ga hima ka hina boori.
Le poisson est riche en protéines.,Hamiisa gonda protein boobo.
Les œufs sont nutritifs.,Tondi gonda ŋwaari yaati boobo.
Les haricots donnent de la force.,Dunguri ga gaabi no.
L'arachide est cultivée partout.,Gujiya ga beera nangu kulu.
La sauce est bien épicée.,Ham subu ga korni boori.
Le couscous est un plat traditionnel.,Basi ti ŋwaari folloŋa alaada ŋwaari.
Le tô se mange avec les doigts.,Dumbari ga ŋwandi nda kambe.
Le riz est un aliment de base.,Muusu ti ŋwaari maana.
Le maïs peut être grillé ou bouilli.,Masara ga hin ka tonandi wala ka hina.
La soupe chaude réconforte.,Ham subu koonu ga bine kaanandi.
Le jus de fruit est rafraîchissant.,Tuuri-ize hari ga yeynandi.
L'eau potable est essentielle.,Hari haŋaani ga waajib.
Le thé vert est bon pour la santé.,Attaaya subu ga boori gaaham baani se.
Le café réveille le matin.,Caafe ga boro tunandi susubay.
La bière traditionnelle est faite avec du mil.,Doolo ga tee nda heeji.
Le vin de palme se récolte le matin.,Dabinyaa ga koosandi susubay.
L'eau de coco est naturellement sucrée.,Kookoyaa hari gonda sukur zaariyaŋ.
La pharmacopée traditionnelle utilise des plantes.,Laabu safar ga goy nda tuuriizey.
Le paludisme est une maladie grave.,Saaye ti jangiri beeri.
Le diabète touche de plus en plus de personnes.,Diabète ga boro boobo di ka tonton.
La tension artérielle doit être contrôlée.,Kuri tension ga hima ka guna.
La vaccination protège contre les maladies.,Pikiri ga boro hallasi jangirey ga.
L'hygiène prévient les infections.,Hanseyan ga jangirey ganji.
Le lavage des mains est important.,Kambe nyunayan ga hima.
Le SIDA est une maladie dangereuse.,SIDA ti jangiri futtu.
La grossesse dure neuf mois.,Gunde ga gay handu yagga.
L'accouchement a lieu à l'hôpital.,Hayari ga te lokotoro fuwo ra.
Le nouveau-né doit être allaité.,Ize taajey ga hima ka naanandi.
La circoncision est une tradition importante.,Bandiyan ti alaada beeri.
Le planning familial aide les familles.,Windi cinarey planifikaasiyon ga winde faaba.
La santé est une richesse.,Baani ti arzaka.
Le docteur prescrit des médicaments.,Lokotoro ga safar hantum.
L'infirmier fait les piqûres.,Lokotoro kacine ga pikiri kar.
La sagefemme aide à l'accouchement.,Woy lokotoro ga faaba hayari ra.
L'hôpital manque de médicaments.,Safar ga kuma lokotoro fuwo ra.
La clinique est plus chère que l'hôpital public.,Kliniik ga ka zey kono dey lokotoro fuwo.
Le guérisseur traditionnel connaît les plantes.,Safar-teeri ga tuuriizey bay.
La science étudie le monde.,Science ga aduɲɲa guna.
La physique explique les phénomènes naturels.,Physique ga bayandi zaariyaŋ hayey.
La chimie étudie les substances.,Chimie ga jinawey guna.
La biologie étudie les êtres vivants.,Biologie ga hundikoyney guna.
Les mathématiques sont utiles dans la vie quotidienne.,Mathematiques ga hanse zaari kulu duniyan ra.
L'addition est la première opération qu'on apprend.,Margayan ti goyo jinaa kaŋ boro ga caw.
La soustraction permet de calculer la différence.,Kaccyan ga faaba ka dumi kabu.
La multiplication est une addition répétée.,Yebuyan ti margayan kaŋ ga ye.
La division partage en parts égales.,Zamnu ga zamnu sasabante te.
La géométrie étudie les formes.,Geometrie ga takaaley guna.
Le cercle est une forme ronde.,Kurkuru ti takaala kurkurante.
Le carré a quatre côtés égaux.,Kaare gonda caraw taaci kaŋ ga sasaba.
Le triangle a trois côtés.,Triangle gonda caraw hinza.
Le rectangle a deux côtés plus longs.,Rectangle gonda caraw hinka kaŋ ga ku ka tonton.
La géographie étudie la Terre.,Geographie ga laabo guna.
Le Niger est un pays enclavé.,Nijer ti laabu kaŋ teeko ga kuma.
Le Sahara est un grand désert.,Saharaa ti saaji beeri.
Le fleuve Niger traverse plusieurs pays.,Isa Kwaara ga bisa laabey boobo ra.
L'Afrique est un continent.,Afiriki ti dunia laabu koyra beeri.
L'Europe est au nord de l'Afrique.,Eroop go Afiriki azawa haray.
L'Asie est le plus grand continent.,Aazi ti dunia laabu koyra beeri beeri.
L'Amérique a été découverte par Christophe Colomb.,Christophe Colomb na Ameriki gar.
L'Australie est un continent et un pays.,Ostrali ti dunia laabu koyra beeri nda laabu.
L'Antarctique est couvert de glace.,Antartik ga daabu nda harmahari.
L'océan Atlantique sépare l'Afrique et l'Amérique.,Atlantik teeko ga Afiriki nda Ameriki fay.
L'océan Pacifique est le plus grand océan.,Pasifik teeko ti teeko kulu ibeeroo.
L'océan Indien borde l'Afrique de l'Est.,Osendy teeko ga Afiriki waynakaŋay haray deesi.
La Méditerranée est une mer entre l'Europe et l'Afrique.,Mediteraane ti teeko kaŋ go Eroop nda Afiriki game.
La mer Rouge sépare l'Afrique et l'Asie.,Teeko Ciray ga Afiriki nda Aazi fay.
Le lac Tchad est partagé par quatre pays.,Caad goolo ga zamundi laabu taaci game.
Le mont Kilimanjaro est la plus haute montagne d'Afrique.,Kilimanjaro tondi ti Afiriki tondi kulu ikuyoo.
Les montagnes de l'Aïr sont au Niger.,Ayr tondey go Nijer ra.
Le climat sahélien est sec.,Sahel kongey ga koogu.
La forêt tropicale est humide.,Tuuri saaji tropikal ga yaasa.
Le pétrole est une ressource naturelle.,Patrol ti alman kaŋ ga duwandi zaariyaŋ.
L'uranium est exploité au Niger.,Uranium ga ceecandi Nijer ra.
L'or est un métal précieux.,Wura ti guuru hanno.
Le fer est utilisé pour fabriquer des outils.,Guuru ga goy jinay teeyan ra.
Le sel est extrait des mines.,Ciiri ga ceecandi guusu ra.
Le charbon est une source d'énergie.,Salmay ti gaabi hundey affoo.
L'énergie solaire utilise le soleil.,Wayna gaabi ga goy nda wayna.
L'énergie éolienne utilise le vent.,Haw gaabi ga goy nda haw.
L'énergie hydraulique utilise l'eau.,Hari gaabi ga goy nda hari.
L'électricité est produite par des centrales.,Kurant ga tee kurant teeyan fuwo ra.
Le barrage retient l'eau.,Baraazi ga hari gaay.
Le puits fournit de l'eau.,Day ga hari no.
Le forage va chercher l'eau profonde.,Forage ga guusu guusante te.
La pompe remonte l'eau.,Pompe ga hari sambu.
L'irrigation permet de cultiver en saison sèche.,Hari nooriyan ga fari beeri jaw jiiri ra.
L'école enseigne aux enfants.,Lokol ga cawandi zankey se.
L'enseignant explique la leçon.,Cawandiko ga darse bayandi.
Bonjour tout le monde.,Fofo borey kul.
Comment vas-tu aujourd'hui ?,Mate ni go hunkuna?
"Je vais bien, merci.","Ay go baani, barka."
Quel est ton nom ?,Mate ni maa?
Mon nom est Ali.,Ay maa ga ti Ali.
Où habites-tu ?,Man ni ga goro?
J'habite à Niamey.,Ay ga goro Niamey.
Quel âge as-tu ?,Jiiri combien ni du?
J'ai vingt ans.,Ay du jiiri waranka.
Que fais-tu dans la vie ?,Ifo no ni ga te alhaali ra?
Je suis étudiant.,Ay ga ti almajiri.
Il est agriculteur.,A ga ti farkoŋ.
Elle est enseignante.,A ga ti karamkwa.
Nous allons au marché.,Iri ga koy kaaso.
Ils jouent au football.,I ga baloon catu.
J'aime manger du riz.,Ay ga ba mo ŋwaari.
Elle boit de l'eau.,A ga hari haŋ.
Le soleil brille.,Wayna ga ka.
Il pleut beaucoup.,Hari ga ka gumo.
Ferme la porte s'il te plaît.,Ma fuwo daŋ alhanan.
Ouvre la fenêtre.,Ma fonetaro feeri.
Je suis fatigué.,Ay farga.
Je veux dormir.,Ay ga ba ay ma kani.
"Réveille-toi, il est tard.","Tun, wati bisa."
Lave tes mains avant de manger.,Ma ni kambey nyun za ni ga ŋwa.
Ce plat est délicieux.,Ŋwaari wo kaano.
Donne-moi de l'argent.,No ay se nooru.
Je n'ai pas d'argent.,Ay sinda nooru.
Combien ça coûte ?,Foti no a ga te?
C'est trop cher.,A ga daabu gumo.
Peux-tu m'aider ?,Ni ga hin ka ay faaba?
"Oui, bien sûr.","To, tabati."
Merci beaucoup.,Barka sosso.
De rien.,Abda.
Au revoir.,Kala tonton.
À demain.,Kala suba.
Bonne nuit.,Kani baani.
J'ai faim.,Haray ga ay di.
J'ai soif.,Goyo ga ay di.
Où sont les toilettes ?,Man no salga go?
C'est par ici.,Ne la no.
C'est par là.,Goo la no.
Je ne comprends pas.,Ay mana faham.
Parle plus lentement s'il te plaît.,Ma sanni te da hawru alhanan.
Que signifie ce mot ?,Ifo no sanni wo ga konno?
Je parle un peu zarma.,Ay ga zarma sanni kayna.
J'apprends le zarma.,Ay ga zarma dondon.
C'est facile.,A ga farhã.
C'est difficile.,A ga sandi.
Je suis heureux.,Ay bina kaan.
Je suis triste.,Ay bina sara.
Il fait chaud.,Haw ga gullo.
Il fait froid.,Sumay ga te.
J'ai besoin d'un médecin.,Ay ga laabukaw (médecin) laamiya.
Je suis malade.,Ay ga jante.
Ma tête me fait mal.,Ay boŋo ga ay doori.
Prends ce médicament.,Ma yaajo wo haŋ.
Le village est petit.,Kwaaroo ga kayna.
La ville est grande.,Birno ga beeri.
J'aime lire des livres.,Ay ga ba tira cawyan.
Quel est ton livre préféré ?,Mee no ga ti ni tira ka ni ga ba?
J'écoute de la musique.,Ay ga donko maa.
La musique est belle.,Donko kaano.
Je regarde la télévision.,Ay ga televiziyoŋ guna.
Le film était intéressant.,Film no kaano.
Nous allons au cinéma ce soir.,Iri ga koy sinema hunkuna wiciri.
Mon père travaille dur.,Ay baaba ga goy da gaabi.
Ma mère cuisine bien.,Ay nya ga ŋwaari tuusu kaano.
J'ai un frère et une sœur.,Ay du arme fo da wayme fo.
Mes enfants vont à l'école.,Ay izey ga koyকল (école).
L'école commence à huit heures.,Karamay ga sintin guuru ahakku.
Les élèves étudient leurs leçons.,Almajirey ga ngey dersej dondon.
Le professeur explique la leçon.,Karamkwa ga dersej fahamandi.
J'ai oublié mon stylo.,Ay dirma ay alkalamo.
Peux-tu me prêter un crayon ?,Ni ga hin ka ay no kireyoŋ (crayon)?
Le chat dort sur le canapé.,Muuso ga kani kanape boŋ.
Le chien aboie.,Hansi ga gilli.
Les oiseaux chantent le matin.,Curkoy ga dooni subba.
J'ai vu un serpent dans le jardin.,Ay di gondi fo kaley ra.
N'aie pas peur.,Ma si humburu.
Le cheval court vite.,Bariya ga zuru da waasu.
La vache donne du lait.,Hawey ga wa no.
Les moutons broutent l'herbe.,Feejey ga subu ŋwa.
Le lion est le roi des animaux.,Muusu beero no ga ti almaney bonkoono.
L'éléphant est très grand.,Yee no ga beeri gumo.
Le fleuve Niger est long.,Isa ga ku.
Il y a beaucoup de poissons dans le fleuve.,Hamisa beeri no go isoo ra.
Les pêcheurs attrapent du poisson.,Hamisadinkey ga hamisa di.
Nous mangeons du poisson grillé.,Iri ga hamisa sumbalante ŋwa.
Le désert est vaste et sec.,"Saajiya ga beeri, a ga koogu."
Il y a des chameaux dans le désert.,Yollomey go saajiya ra.
Le vent souffle fort.,Haw ga fufu da gaabi.
Les arbres bougent avec le vent.,Turey ga yanje da haw.
Plante des arbres pour l'environnement.,Ma tuuri tilam environnemaŋ se.
L'eau est essentielle à la vie.,Hari ga tilas fundi se.
Ne gaspille pas l'eau.,Ma si hari halaci.
Fais bouillir l'eau avant de la boire.,Ma hari fafagu za ni g'a haŋ.
La propreté est importante pour la santé.,Hananyaŋ ga tilas lafiya se.
Lave-toi régulièrement.,Ma ni fooru hananyaŋ waati kul.
Mange des fruits et des légumes.,Ma tuuri albarkey da kobtey ŋwa.
Fais du sport pour rester en forme.,Ma sport te zama ni ma goro laafiya.
Le repos est aussi important.,Fondi mo ga tilas.
Je vais au champ avec mon âne.,Ay ga koy fari ay farka banda.
Nous cultivons le mil et le sorgho.,Iri ga hayni da hamni tay.
La récolte sera bonne cette année.,Fari ga albarka te jiiri wo.
"Après la récolte, il y a la fête.","Fari zumbo banda, ceeci go no."
Les femmes pilent le mil.,Wayborey ga hayni guuru.
Elles préparent le tô.,I ga tuwo te.
Le tô est un plat traditionnel.,Tuwo ga ti ndaari kaanu.
J'aime la sauce gombo.,Ay ga ba ganji foori.
Viens manger avec nous.,Kaa iri ma ŋwa.
La nourriture est prête.,Ŋwaaro mooru.
Assieds-toi ici.,Ma goro ne.
Prends une chaise.,Ma karga di.
La maison est propre.,Fuwo ga hanan.
J'ai balayé la cour.,Ay na windoo kookari.
Les enfants jouent dans la cour.,Zankey ga fooru windoo ra.
"Ne fais pas de bruit, le bébé dort.","Araŋ ma si jinde te, zanka kayno ga kani."
Raconte-moi une histoire.,Ma baaro te ay se.
Il était une fois un roi et une reine.,"Waati fo, bonkooni fo da nga wande go no."
Ils vivaient dans un grand château.,I goro fu beeri fo ra.
Le roi était sage et juste.,"Bonkoono gonda laakari, a ga adilitaray te."
La reine était belle et gentille.,"Bonkoono wandey kaano, a ga baani."
"Un jour, un dragon attaqua le royaume.","Han fo, dragon fo na laabo kar."
Le héros a combattu le dragon.,Gasso na wongu te da dragono.
Il a sauvé la princesse.,A na bonkoono ize wayo faaba.
Et ils vécurent heureux.,I goro nda kaani bina hala abada.
C'est une belle histoire.,Baaro wo kaano.
J'ai un rendez-vous à dix heures.,Ay gonda randevu guuru way.
Je dois partir maintenant.,Ay ga hima ay ma dira sohon.
Sois prudent sur la route.,Ma haggoy da fonda.
Le voyage était long.,Diraw ku.
Nous sommes arrivés sains et saufs.,Iri to da lafiya.
Bienvenue chez nous.,Foofo iri do.
Fais comme chez toi.,Ma te sanda ni fu no.
Je voudrais acheter des tomates.,Ay ga ba ay ma tomati day.
Combien coûte le kilo de tomates ?,Kilo tomati foti?
Donne-moi aussi des oignons.,No ay se albasa mo.
Voici votre monnaie.,Ni nooro banda ne.
Le marché est animé.,Kaaso ga yulwa.
Il y a beaucoup de monde.,Boro boobo go no.
Les vendeurs crient leurs prix.,Neerakoy ga ngey hayey sanda jinde sambu.
J'ai acheté un beau tissu.,Ay na fari kaano fo day.
Je vais le donner au tailleur.,Ay g'a no tayloro se.
Il va me coudre une robe.,A ga bankaaray te ay se.
J'attends le bus.,Ay ga biso hangan.
Le bus est en retard.,Biso na gay.
"Enfin, il arrive.","A go, a kaa."
Monte dans le bus.,Ma biso kuru.
Descends au prochain arrêt.,Ma zun biso kayyaŋo jiina.
Le taxi est plus rapide.,Taksi ga yaw.
Mais il est plus cher.,Amma a ga daabu.
Je préfère marcher.,Ay ga ba ce diraw.
Marcher est bon pour la santé.,Ce diraw ga lafiya no.
Regarde ce bel oiseau.,Ma guna curko kaano wo.
Ses plumes sont colorées.,A kuurey gonda لون boobo.
La fleur sent bon.,Fulawo ga fiti kaano.
Ne cueille pas les fleurs.,Ma si fulawey tuusu.
Respecte la nature.,Ma natuur say.
La lune brille la nuit.,Handu ga ka cin.
Les étoiles scintillent.,Handu bonjarey ga karkar.
Le ciel est clair ce soir.,Beero ga hanan hunkuna wiciri.
"Demain, il fera beau.","Suba, haw ga kaanu."
J'espère qu'il ne pleuvra pas.,Ay ga beeje hari si ka.
Nous avons besoin de pluie pour les cultures.,Iri ga hari laamiya fari se.
La saison des pluies a commencé.,Haray waato sintin.
Les routes sont parfois mauvaises.,Fondoyaŋ ga laala waati fooyaŋ.
Conduis prudemment.,Ma ni masino da hawru.
Le téléphone portable est utile.,Portabal (téléphone portable) gonda nafa.
Je t'appelle ce soir.,Ay ga ni ce hunkuna wiciri.
J'ai reçu ton message.,Ay na ni mesaajo du.
L'internet nous connecte au monde.,Internet ga iri margu nda ndunnya.
Je cherche des informations en ligne.,Ay ga habaru gungun internet ra.
L'ordinateur aide beaucoup au travail.,Ordinatör ga faaba gumo goy ra.
L'électricité est coupée.,Elektrisite ko.
Nous utilisons des lampes à pétrole.,Iri ga lampi petrol te.
La science progresse chaque jour.,Science ga koy jina zaari kul.
Les scientifiques font des recherches.,Scientifikey ga recherche te.
La médecine sauve des vies.,Medecine ga fundi faaba.
L'hôpital est loin d'ici.,Hopital ga mooru ne.
L'infirmière prend soin des malades.,Infirmière ga jantukwa haggoy.
La vaccination protège contre les maladies.,Vaccination ga borey gaay da cutey.
L'ingénieur conçoit des bâtiments.,Ingénieur ga cinari plan te.
Ce pont est une grande construction.,Kööprü wo ga ti cina beeri.
Les ouvriers travaillent sur le chantier.,Goykoy ga goy chantier ra.
La sécurité au travail est primordiale.,Goy nangu lafiya ga tilas.
Porte ton casque.,Ma ni kasko (casque) daŋ.
Le mécanicien répare la voiture.,Mekanisiyeŋ ga motoro hanse.
Ma voiture est en panne.,Ay motoro laala.
Le pneu est crevé.,Pneu bu.
Il faut changer la roue.,A ga hima i ma teeko barmay.
Le menuisier fabrique des meubles.,Saajikwa ga fu kaasey te.
Cette table est en bois.,"Taabaley wo, bundu no."
Le bois est un matériau naturel.,Bundu ga ti hay ka Natur no.
Le forgeron travaille le fer.,Kurmkwa ga guuru goy.
Il fabrique des outils.,A ga goy jinay te.
La houe est utile pour cultiver.,Kalma ga nafa fari tayyan se.
Le potier fait des pots en argile.,Bumakonda ga buumey te da laabu.
Ces poteries sont magnifiques.,Buumey wo kaano.
L'artisanat local est riche.,Nangu kambe goyo gonda arzaka.
Achetons des produits locaux.,Iri ma nangu hayey day.
Cela soutient l'économie.,Woodin ga ekonomi faaba.
L'éducation est la clé du développement.,Karam ga ti laabu albarka fonda.
Tous les enfants doivent aller à l'école.,Zankey kul ga hima i ma koy karam.
L'analphabétisme est un problème.,Alfa si bayyan ga ti problem.
Apprendre à lire et à écrire est essentiel.,Cawyan da hantumyan dondon ga tilas.
La bibliothèque a beaucoup de livres.,Bibliotek gonda tira boobo.
Je vais emprunter un livre.,Ay ga koy tira gaayu.
Lis chaque jour.,Ma caw zaari kul.
L'histoire est intéressante.,Taariki ga kaanu.
Nous apprenons du passé.,Iri ga hay dondon zaman gaa.
La géographie nous apprend sur le monde.,Geografi ga iri dondonandi ndunnya boŋ.
Les mathématiques sont parfois difficiles.,Matematik ga sandi waati fooyaŋ.
Mais elles sont utiles.,Amma i gonda nafa.
Un plus un égale deux.,Afo da afo ga te ihinka.
Calcule cette somme.,Ma lasaabu wo te.
Le Niger est un pays d'Afrique de l'Ouest.,Niijer ga ti Afirik Uest laabu.
Sa capitale est Niamey.,A laabu birno ga ti Niamey.
Le drapeau nigérien a trois couleurs.,Niijer darawo gonda لون ihinza.
"Orange, blanc et vert.","Oranz, funay da verd."
"La devise est Fraternité, Travail, Progrès.","Devise no ga ti Fraternité, Goy, Progrès."
Il y a plusieurs ethnies au Niger.,Boro dumi boobo go Niijer ra.
Elles vivent en harmonie.,I ga goro nda lafiya.
La paix est précieuse.,Lafiya gonda alhorma.
Nous devons la préserver.,Iri ga hima iri m'a haggoy.
La solidarité est importante.,Borey ma cere gaay ga tilas.
Aide ton prochain.,Ma ni gorokasin faaba.
Ne juge pas les autres.,Ma si boro cee.
Sois honnête et sincère.,Ma te adilante da bine folokante.
Le mensonge ne mène nulle part.,Congu si boro konda nangu fo.
La vérité finit toujours par triompher.,Cimi ga hin banda.
Travaille dur pour réussir.,Ma goy da gaabi zama ni ma du albarka.
La paresse est mère de tous les vices.,Farga ga ti laala kul nya.
Sois courageux face aux difficultés.,Ma te gaabikooni hasaraw jine.
N'abandonne jamais tes rêves.,Ma si ni miiley naŋ abada.
L'espoir fait vivre.,Beejo no ga fundi no.
Souris à la vie.,Ma haaru fundi se.
Le bonheur est dans les choses simples.,Kaani bina go hay kayney ra.
Partage ce que tu as.,Ma ni hayey fay da borey.
La générosité est une grande qualité.,Kulu ga ti tabi'a beeri.
Respecte les personnes âgées.,Ma boro zeeney say.
Elles ont beaucoup d'expérience.,I gonda expérience boobo.
Écoute leurs conseils.,Ma ngey saawarey maa.
Les jeunes sont l'avenir du pays.,Zankey no ga ti laabo suba.
Il faut bien les éduquer.,A ga hima i m'i dondonandi kaani.
Protégeons l'environnement pour les générations futures.,Iri ma environnemaŋ gaay suba izey se.
La pollution est un danger.,Pollution ga ti kankami.
Ne jette pas les ordures par terre.,Ma si fumbu daŋ ganda.
Utilise les poubelles.,Ma poubelley goyandi.
Recycle tes déchets.,Ma ni fumbey te hay fo ka i ga hin ka goyandi koyne.
L'eau propre est une ressource limitée.,Hari hanante ga ti arzaka ka si boobo.
Économise l'énergie.,Ma enerji daabu.
Éteins la lumière en sortant.,Ma fitilla wi za ni ga fatta.
Plante un arbre aujourd'hui.,Ma tuuri fo tilam hunkuna.
Chaque geste compte.,Goy kulu gonda nga alhorma.
"Ensemble, nous pouvons faire la différence.","Iri marganta, iri ga hin ka barmay kaa."
Le changement climatique est une réalité.,Klima barmay ga ti cimi.
Nous devons agir maintenant.,Iri ga hima iri ma goy sohon.
Les énergies renouvelables sont une solution.,Enerji ka i ga te koyne ga ti fonda.
Le soleil est une source d'énergie.,Wayna ga ti enerji funa.
Les panneaux solaires produisent de l'électricité.,Panno soler ga elektrisite te.
C'est une technologie propre.,Teknoloji hanante no.
L'avenir est entre nos mains.,Suba go iri kambey ra.
Soyons responsables.,Iri ma te borey ka ga ngey boŋ bay.
Je me brosse les dents chaque matin.,Ay ga ay hinjey nyun subba kul.
Elle prépare le petit déjeuner.,A ga subba futu te.
Nous mangeons du pain avec du beurre.,Iri ga buru ŋwa da bötör.
Le café me réveille.,Kafe ga ay tunandi.
Je prends une douche rapide.,Ay ga nyun da waasu.
Je m'habille pour aller au travail.,Ay ga bankaaray daŋ zama ay ma koy goy.
Le trajet dure trente minutes.,Diraw ga te minti waranza.
Je commence le travail à neuf heures.,Ay ga goy sintin guuru yegga.
J'ai beaucoup de dossiers à traiter.,Ay gonda dosiye boobo ka ay ga hima ay m'i goy.
La réunion est à quatorze heures.,La réunion go guuru ihinka wiciri kambu.
Je déjeune à la cantine.,Ay ga zaari ŋwaari ŋwa kantin ra.
"Le soir, je rentre à la maison.","Wiciri, ay ga ye fu."
Je dîne avec ma famille.,Ay ga wiciri ŋwaari ŋwa ay almayaaley banda.
Nous discutons de notre journée.,Iri ga iri zaaro sanni te.
Je lis un peu avant de dormir.,Ay ga caw kayna za ay ma kani.
"Le week-end, je me repose.","Wikend, ay ga fondi."
Je rends visite à mes amis.,Ay ga koy ay corey guna.
Nous allons parfois à la campagne.,"Waati fooyaŋ, iri ga koy saaji."
L'air y est plus pur.,Haw ga hanan noodin.
J'aime la tranquillité de la nature.,Ay ga ba natuur lafiya.
Les vacances approchent.,Konje ga maan.
Où irons-nous cette année ?,Man no iri ga koy jiiri wo?
Peut-être à la mer.,Taka teeko gaa.
Ou à la montagne.,Wala tondi boŋ.
J'ai besoin de changer d'air.,Ay ga laabukaw haw barmay laamiya.
Voyager ouvre l'esprit.,Diraw ga laakal feeri.
On découvre de nouvelles cultures.,Boro ga kultür taji dondon.
On rencontre des gens différents.,Boro ga kubay da boro dumi waani.
C'est enrichissant.,A ga arzaka tonton.
Mon passeport est à jour.,Ay paspor go da wati.
J'ai fait ma valise.,Ay na ay kwaara te.
N'oublie pas ton appareil photo.,Ma si ni foto jinay dirma.
Pour prendre des souvenirs.,Zama ni ma fonguyaŋ di.
Le train part à l'heure.,Treŋ ga tun nga waato ra.
L'avion décolle bientôt.,Avion ga tun sohondi.
Attache ta ceinture de sécurité.,Ma ni sentir (ceinture) haw.
Le vol sera agréable.,Avion diraw ga kaanu.
Bon voyage !,Fonda baani!
Écris-moi quand tu arrives.,Ma hantum ay se waati ka ni to.
Je pense à toi.,Ay ga ni fongu.
Tu me manques.,Ay ga ni gungun.
Prends soin de toi.,Ma ni boŋ haggoy.
À bientôt.,Kala banda kayna.
Le ciel est bleu aujourd'hui.,Beero ga bulu hunkuna.
Les nuages sont blancs.,Burmu ga funay.
Un arc-en-ciel est apparu après la pluie.,Kataka te haro banda.
C'est magnifique à voir.,A kaano gunaa.
Le tonnerre gronde au loin.,Beero ga guuru noodin mooru.
L'éclair a zébré le ciel.,Mollo na beero kotte.
J'aime l'odeur de la terre après la pluie.,Ay ga ba laabo fitilla haro banda.
Les plantes poussent bien.,Subey ga te kaani.
Les fleurs s'ouvrent au soleil.,Fulawey ga feeri wayna ra.
Les abeilles butinent les fleurs.,Ciisey ga fulawey haŋ.
Elles fabriquent du miel.,I ga yu te.
Le miel est sucré et bon pour la santé.,"Yu ga day, a ga lafiya no."
Le caméléon change de couleur.,Ganjakoko ga nga fär barmay.
Le crocodile vit dans l'eau.,Ganyo ga goro hari ra.
Le singe grimpe aux arbres.,Fono ga tuuri kuru.
Il mange des bananes.,A ga namooni ŋwa.
La girafe a un long cou.,Jiraf gonda ce kuuku.
Elle mange les feuilles des arbres.,A ga tuuri kobtey ŋwa.
Le zèbre a des rayures noires et blanches.,Burtu gonda ceeri bi da funay.
Chaque animal est unique.,Alman kul gonda nga dumi.
Nous devons protéger les animaux sauvages.,Iri ga hima iri ma alman saajey gaay.
Le braconnage est interdit.,Alman wi kaŋ ga saba ga ti haram.
Les parcs nationaux préservent la faune.,Park nasyonal ga almaney gaay.
Visitons un parc national.,Iri ma koy park nasyonal fo guna.
C'est une expérience inoubliable.,A ga ti expérience ka boro si dirma.
Le silence de la brousse est apaisant.,Saaji siiraw ga bine serendi.
Écoutons les bruits de la nature.,Iri ma natuur jinde maa.
Le criquet chante dans l'herbe.,Koree ga dooni subu ra.
La fourmi travaille sans cesse.,Hunci ga goy waati kul.
Elle amasse des provisions pour l'hiver.,A ga ŋwaari margu sumay se.
La cigale chante tout l'été.,Sigale ga dooni koraŋ kul.
Soyons prévoyants comme la fourmi.,Iri ma te sanda hunci ka ga hay fongu.
La patience est une vertu.,Suuru ga ti tabi'a kaano.
Tout vient à point à qui sait attendre.,"Boro ka suuru, a ga du nga muraado."
Ne te décourage pas facilement.,Ma si bine buri da farhã.
Persévère dans tes efforts.,Ma ni gaabo gaay ni goyo ra.
La réussite est au bout de l'effort.,Albarka go goy gaabo banda.
Crois en toi-même.,Ma ni boŋ naanay.
Tu as du potentiel.,Ni gonda hinne.
Développe tes talents.,Ma ni talentey beeriandi.
Apprends de tes erreurs.,Ma dondon ni firfiryey ra.
Personne n'est parfait.,Boro kulu si timme.
L'important est de toujours essayer.,Hay ka bisa kul ga ti boro ma si gay da ceeciyan.
Sois positif et optimiste.,Ma te bine kaanokwa da beeje kwa.
"La vie est belle, malgré les défis.","Fundi ga kaanu, baa da hasara go no."
Chaque jour est une nouvelle chance.,Zaari kul ga ti dama taji.
Saisis ta chance.,Ma ni dama di.
Fais de ton mieux.,Ma ni hinne kul te.
Et sois fier de toi.,Kala ni ma farhã da ni boŋ.
Le respect mutuel est la base de toute relation.,Cere sayyan no ga ti alakaw kul sintina.
Écoute attentivement quand quelqu'un parle.,Ma maa kaani waati ka boro ga sanni te.
Ne coupe pas la parole.,Ma si sanni dagu.
Exprime ton opinion poliment.,Ma ni miila cabe da aladab.
Accepte les différences.,Ma barmay yadda.
Nous sommes tous différents et uniques.,"Iri kul barmay, iri kul gonda iri dumi."
La diversité est une richesse.,Barmay ga ti arzaka.
Apprenons les uns des autres.,Iri ma dondon iri cere gaa.
La tolérance est essentielle pour vivre ensemble.,Suuru ga tilas zama iri ma goro care banda.
Combattons l'ignorance par l'éducation.,Iri ma jahilci wongu da karam.
Un esprit ouvert apprend plus.,Laakal feerante ga dondon ka bisa.
Pose des questions si tu ne comprends pas.,Ma hãlli te nda ni mana faham.
Il n'y a pas de question stupide.,Hãlli laalo si no.
La curiosité est une bonne chose.,Hay bay laala ga kaanu.
Elle mène à la découverte.,A ga konda hay taji bayyaŋ gaa.
Explore le monde qui t'entoure.,Ma ndunnya ka ga ni windi guna.
Il y a tant de choses à apprendre.,Hay boobo go no ka boro ga hin ka dondon.
La connaissance est un pouvoir.,Bayray ga ti gaabi.
Utilise-la sagement.,M'a goyandi da laakari.
Partage tes connaissances avec les autres.,Ma ni bayray fay da borey.
Aider les autres à apprendre est gratifiant.,Boro faaba a ma dondon ga bine kaandi.
L'enseignant joue un rôle crucial.,Karamkwa goyo ga tilas gumo.
Respecte tes enseignants.,Ma ni karamkoy say.
Ils te guident sur le chemin du savoir.,I ga ni candi bayray fonda boŋ.
L'école est un lieu d'apprentissage et de socialisation.,Karam nangu ga ti dondonyaŋ da marguyan nangu.
Fais-toi des amis à l'école.,Ma corey te karam nangoo ra.
Les amis sont importants dans la vie.,Corey ga tilas fundi ra.
Un véritable ami est un trésor.,Coro cimi ga ti arzaka.
Sois loyal envers tes amis.,Ma te naanaykwa ni corey se.
Soutiens-les dans les moments difficiles.,M'i gaay waati sandey ra.
Célébrez ensemble les moments de joie.,Araŋ ma kaani bina ceeci care banda.
La communication est clé dans une amitié.,Sanni teyan ga tilas corotaray ra.
Parle ouvertement de tes sentiments.,Ma ni bine sanni te da feeray.
Le pardon est nécessaire pour maintenir les liens.,Yafa ga tilas zama alakaw ma goro.
Ne garde pas de rancune.,Ma si bine bi daŋ.
La vie est trop courte pour les conflits.,Fundi ga kuuru ka bisa wongu se.
Cherche toujours la paix et la réconciliation.,Ma lafiya da sulha gungun waati kul.
La famille est le premier cercle social.,Almayaaley no ga ti marguyan sintina.
Prends soin de tes parents.,Ma ni hayrey haggoy.
Ils t'ont élevé avec amour.,I na ni beeriandi da baakasinay.
Respecte tes frères et sœurs.,Ma ni armey da ni waymey say.
L'entraide familiale est précieuse.,Almayaal cere faaba gonda alhorma.
Les traditions familiales nous unissent.,Almayaal adetey g'iri margu.
Transmets les valeurs positives à tes enfants.,Ma tabi'a kaaney no ni izey se.
Sois un bon exemple pour eux.,Ma te misaalu kaano i se.
L'amour est le ciment de la famille.,Baakasinay no ga ti almayaal daŋanta.
Exprime ton amour à tes proches.,Ma ni baakasino cabe ni borey se.
Un simple mot gentil peut faire une grande différence.,Sanni kaano fo kayna ga hin ka barmay beeri te.
La gentillesse coûte peu mais vaut beaucoup.,"Baani teyan si hay kul day, amma a alhorma ga baa."
Sois attentif aux besoins des autres.,Ma boro laamey guna.
Un petit geste de bonté illumine la journée.,Baani teyan kayna ga zaaro kaarayandi.
Le monde a besoin de plus de compassion.,Ndunnya ga suuji laamiya ka bisa.
Mets-toi à la place des autres.,Ma ni boŋ daŋ boro waani nango ra.
Essaie de comprendre leurs perspectives.,Ma ceeci ka ngey miiley faham.
L'empathie renforce les liens humains.,Suuji ga boro alakey gaabandi.
La musique adoucit les mœurs.,Donko ga biney serendi.
Chante ta chanson préférée.,Ma ni doono ka ni ga ba dooni.
Danse comme si personne ne te regardait.,Ma gambu sanda boro kulu si ni guna.
L'art exprime ce que les mots ne peuvent dire.,Art ga hay cabe ka sanni si hin ka ci.
Visite un musée ou une galerie d'art.,Ma koy musée wala art galeri guna.
Laisse-toi inspirer par la créativité.,Ma naŋ kreyativite m'i ni no inspiration.
"Dessine, peins, écris, crée quelque chose.","Ma dessiné, ma penturé, ma hantum, ma hay fo te."
L'expression créative est libératrice.,Kreyativite cabe ga boro feeri.
N'aie pas peur de te tromper en apprenant une langue.,Ma si humburu ni ma firfiri waati ka ni ga sanni fo dondon.
L'erreur fait partie de l'apprentissage.,Firfiri go dondonyaŋo ra.
Sois patient avec toi-même.,Ma suuru da ni boŋ.
Pratique régulièrement.,Ma te waati kul.
Parle avec des locuteurs natifs si possible.,Ma sanni te da sanno borey nda a ga hin ka te.
Regarde des films ou écoute de la musique dans la langue cible.,Ma film guna wala ma donko maa sanno ka ni ga baa ra.
Chaque nouvelle langue ouvre une nouvelle fenêtre sur le monde.,Sanni taji kul ka ni dondon ga fonetar taji feeri ndunnya boŋ.
C'est un voyage passionnant.,Diraw kaano no.
Bonne chance dans ton apprentissage !,Allah ma ni faaba ni dondonyaŋo ra!
Le cuisinier prépare un repas savoureux.,Kuisiniye ga ŋwaari kaano fo sobay.
Les ingrédients sont frais.,Hayey ka i ga daŋ ŋwaaro ra ga taji.
Il mélange les épices.,A ga épicey margu.
L'arôme remplit la cuisine.,Fitilla ga kuisin kul toonandi.
Le plat mijote doucement.,Ŋwaaro ga mon da hawru.
La table est mise.,Taabaley soola.
Bon appétit à tous !,Araŋ kul ma ŋwa kaani!
Ce gâteau est délicieux.,Gato wo kaano gumo.
Qui veut une autre part ?,May no ga ba afo koyne?
"Je suis rassasié, merci.","Ay kungu, barka."
Faisons la vaisselle ensemble.,Iri ma taasey nyun care banda.
Le jardinier arrose les plantes.,Jardiniye ga subey haŋandi.
Les légumes poussent bien dans le potager.,Kobtey ga te kaani potaje ra.
Il récolte des tomates mûres.,A ga tomati ka mooru tuusu.
Les fruits sont sucrés et juteux.,"Tuuri albarkey ga day, i gonda hari."
Manger sainement est important.,Ŋwaari lafiya ŋwa ga tilas.
Évite la malbouffe.,Ma si ŋwaari laalo ŋwa.
Bois beaucoup d'eau.,Ma hari haŋ gumo.
L'exercice physique régulier est bénéfique.,Sport teyan waati kul gonda nafa.
Marche au moins trente minutes par jour.,Ma ce dira minti waranza zaari kul.
Dors suffisamment pour recharger tes batteries.,Ma kani ka to zama ni ma du gaabi.
Le sommeil répare le corps et l'esprit.,Kani ga gaaham da laakal hanse.
Gère ton stress.,Ma ni stres daabu.
La méditation peut aider.,Méditation ga hin ka faaba.
Prends du temps pour te détendre.,Ma waati di zama ni ma fondi.
Lis un bon livre.,Ma tira kaano fo caw.
Écoute de la musique relaxante.,Ma donko ka ga bine serendi maa.
Passe du temps dans la nature.,Ma waati te natuur ra.
Respire profondément l'air frais.,Ma haw tajo faasu da gaabi.
Observe la beauté des petites choses.,Ma hay kayney kaanoyaŋ guna.
Un lever de soleil est un spectacle magnifique.,Wayna fatta ga ti guna kaano.
Un coucher de soleil colore le ciel.,Wayna kuro ga beero no fär.
La vie est pleine de merveilles.,Fundi to da alaajibi.
Apprécie chaque moment.,Ma waati kul alhorma bay.
Le présent est un cadeau.,Hunkuna ga ti nooru.
Ne vis pas dans le passé.,Ma si goro zaman ra.
Ne t'inquiète pas trop pour l'avenir.,Ma si ni boŋ haw suba se gumo.
Vis l'instant présent.,Ma hunkuna waato goro.
Sois reconnaissant pour ce que tu as.,Ma barka te hay ka ni du se.
La gratitude apporte le bonheur.,Barka teyan ga kaani bina kande.
Tiens un journal de gratitude.,Ma barka teyan tira hantum.
Note trois choses positives chaque jour.,Ma hay hinza ka ga kaanu hantum zaari kul.
Cela change ta perspective.,Woodin ga ni guna barmay.
La pensée positive attire des résultats positifs.,Miila kaano ga hay kaano kande.
Entoure-toi de personnes positives.,Ma ni boŋ margu nda boro kaaney.
Éloigne-toi des influences négatives.,Ma mooru da hay laaley.
Tu es le maître de tes pensées.,Ni no ga ti ni miiley bonkoono.
Choisis de voir le bon côté des choses.,Ma suuba ka hayey tama kaano guna.
"Même dans les difficultés, il y a des leçons à apprendre.","Baa sandayyaŋ ra, derse go no ka boro ga dondon."
Les épreuves te rendent plus fort.,Fitina ga ni gaabandi.
Ne perds jamais espoir.,Ma si ni beejo pati abada.
"Après la pluie, vient le beau temps.","Hari banda, wayna ga fatta."
Chaque problème a une solution.,Problem kul gonda nga fonda.
"Cherche la solution, ne te concentre pas sur le problème.","Ma fonda gungun, ma si ni laakal daŋ problemo boŋ."
Sois créatif dans la recherche de solutions.,Ma te kreyatif fonda gunguna.
Demande de l'aide si nécessaire.,Ma faaba ŋwaaray nda a tilas.
Il n'y a pas de honte à demander de l'aide.,Haawi si no faaba ŋwaarayyan ra.
Nous avons tous besoin d'aide à un moment ou à un autre.,Iri kul ga faaba laamiya waati fo.
L'union fait la force.,Margu ga ti gaabi.
Travaillons ensemble pour un avenir meilleur.,Iri ma goy care banda suba kaano se.
Le dialogue est essentiel pour résoudre les conflits.,Sanni teyan ga tilas zama wongu ma ban.
Écoutons-nous avec respect.,Iri ma care maa da say.
Trouvons des compromis.,Iri ma fonda margante gungun.
La paix commence par soi-même.,Lafiya ga sintin boro boŋ gaa.
Sois en paix avec toi-même.,Ma lafiya te da ni boŋ.
Pardonne-toi tes erreurs.,Ma ni boŋ yafa ni firfiryey se.
Apprends et avance.,"Ma dondon, ma koy jina."
La vie est un apprentissage continu.,Fundi ga ti dondonyaŋ ka si ban.
Reste curieux et ouvert d'esprit.,Ma goro hay bay laala da laakal feerante.
Il y a toujours quelque chose de nouveau à découvrir.,Hay taji go no waati kul ka boro ga bay.
Le monde est vaste et merveilleux.,"Ndunnya ga beeri, a gonda alaajibi."
Voyage et explore.,"Ma dira, ma guna."
Goûte de nouvelles saveurs.,Ma dayyaŋ taji day.
Rencontre de nouvelles personnes.,Ma kubay da boro taji.
Élargis tes horizons.,Ma ni laakal feeri.
Sors de ta zone de confort.,Ma fatta ni nangu ka ni alhaali te.
C'est là que la magie opère.,Noodin no alaajibi ga te.
Prends des risques calculés.,Ma risk di ka ni lasaabu.
"N'aie pas peur de l'échec, c'est une opportunité d'apprendre.","Ma si humburu patiyan, a ga ti dama ka ni ma dondon."
Relève-toi après chaque chute.,Ma tun kaŋyan kul banda.
La résilience est une force.,Suuru gaabi no.
"Célèbre tes succès, petits et grands.","Ma ni albarkey ceeci, kayna wala beeri."
Reconnais tes progrès.,Ma ni jina koyan bay.
Sois fier de ton parcours.,Ma farhã da ni fonda.
"Continue d'avancer, pas à pas.","Ma jina koyan gaay, ce fo ce fo."
Fixe-toi des objectifs clairs.,Ma muraadu hanantey daŋ ni boŋ se.
Élabore un plan pour les atteindre.,Ma plan te zama ni m'i to.
Travaille avec discipline et constance.,Ma goy da disiplin da gaayumi.
La discipline est le pont entre les objectifs et la réalisation.,Disiplin no ga ti kööprü muraadey da i tooyan game.
Reste concentré sur tes priorités.,Ma ni laakal daŋ ni hay ka bisakey boŋ.
Évite les distractions.,Ma si ni laakal bareyandi.
Gère bien ton temps.,Ma ni waato daabu kaani.
"Le temps est précieux, ne le gaspille pas.","Waati gonda alhorma, ma s'a halaci."
Investis ton temps dans ce qui compte vraiment.,Ma ni waato daŋ hay ka gonda alhorma cimi ra.
La lecture enrichit l'esprit.,Cawyan ga laakal taysandi.
Lis des livres sur des sujets variés.,Ma tira caw hay dumi kul boŋ.
La connaissance te donne des ailes.,Bayray ga ni no fafayaŋ.
Partage ce que tu apprends.,Ma hay ka ni dondon fay.
"Enseigner, c'est apprendre deux fois.","Boro dondonandi, ni dondon sorro hinka no."
Sois un éternel apprenant.,Ma te dondonkwa abada.
"Le monde change vite, adapte-toi.","Ndunnya ga barmay da waasu, ma ni boŋ barmay."
L'adaptabilité est une compétence clé.,Boŋ barmay ga ti hinne beeri.
Sois flexible et ouvert au changement.,Ma te hawruante da laakal feerante barmay se.
Le changement est souvent une opportunité de croissance.,Barmay ga ti dama beeriyaŋ se waati boobo.
Accueille les défis comme des occasions de te surpasser.,Ma hasarey yadda sanda dama ka ni ma ni boŋ bisa.
Tu es plus fort que tu ne le penses.,Ni ga gaabi ka bisa mate ka ni ga miila.
Fais confiance à ton intuition.,Ma ni bine bayray naanay.
Elle te guide souvent dans la bonne direction.,A ga ni candi fonda kaano gaa waati boobo.
Prends des décisions éclairées.,Ma anniya te ka ni faham.
Pèse le pour et le contre.,Ma hayey kaano da i laalo lasaabu.
Assume tes choix et tes responsabilités.,Ma ni suubarey da ni alhakey yadda.
L'honnêteté envers soi-même est importante.,Adilitaray boro boŋ se ga tilas.
Connais tes forces et tes faiblesses.,Ma ni gaabey da ni larzantey bay.
Travaille à améliorer tes faiblesses.,Ma goy zama ni ma ni larzantey hanse.
Capitalise sur tes forces.,Ma ni gaabey goyandi.
Chacun a un talent unique à offrir au monde.,Boro kul gonda nga talent folokante ka a ga hin ka no ndunnya se.
Découvre ton talent et partage-le.,"Ma ni talento bay, m'a fay."
Faire ce que tu aimes te rendra heureux.,Hay ka ni ga ba teyan ga ni kaaniandi.
Trouve ta passion et poursuis-la.,"Ma ni baakasinay gungun, m'a gana."
La passion donne de l'énergie et de la motivation.,Baakasinay ga enerji da bine gaabi no.
Ne laisse personne te dire que tu ne peux pas y arriver.,Ma si naŋ boro fo m'i ci ni se ni si hin.
"Si tu y crois, tu peux le faire.","Nda ni n'a naanay, ni ga hin k'a te."
La persévérance vient à bout de tout.,Gaayumi ga hay kul hin.
Les grands accomplissements demandent du temps et de l'effort.,Goy beerey ga waati da gaabi ŋwaaray.
Sois patient et continue de travailler.,"Ma suuru, ma goy gaay."
"Le succès n'est pas final, l'échec n'est pas fatal : c'est le courage de continuer qui compte.","Albarka si ban, patiyan si wi: bine gaabo ka ni ma gaay no ga tilas."
Apprends à gérer tes finances.,Ma dondon mate ka ni ga ni nooro daabu.
Épargne une partie de tes revenus.,Ma ni duuyaŋo fo daŋ ganda.
Investis sagement pour l'avenir.,Ma nooru daŋ goy ra da laakari suba se.
Évite les dettes inutiles.,Ma deeni ka si tilas gaay.
Vis selon tes moyens.,Ma goro mate ka ni hin.
La simplicité volontaire peut apporter la paix d'esprit.,Goro farhã ra da anniya ga hin ka bine lafiya kande.
Ne compare pas ta vie à celle des autres.,Ma si ni fundi te da boro waani wane.
Chacun a son propre chemin.,Boro kul gonda nga fonda.
Concentre-toi sur ton propre parcours et tes progrès.,Ma ni laakal daŋ ni fonda da ni jina koyan boŋ.
La comparaison est le voleur de la joie.,Cere guna ga kaani bina fansi.
Sois content de ce que tu es et de ce que tu as.,Ma kaan da ni boŋ da hay ka ni du.
Cela ne signifie pas de ne pas aspirer à mieux.,Woodin si ye ka ci ma si hay ka bisa laamiya.
Mais apprécie le chemin parcouru.,Amma ma fonda ka ni te alhorma bay.
La gratitude transforme ce que nous avons en suffisant.,Barka teyan ga iri hayey te i ma to.
Prends soin de ta santé mentale autant que de ta santé physique.,Ma ni laakal lafiya haggoy sanda ni gaaham lafiya.
Parle de tes soucis à quelqu'un de confiance.,Ma ni bine haw sanni te boro ka ni ga naanay se.
N'hésite pas à chercher de l'aide professionnelle si besoin.,Ma si humburu ka goykaw faaba ŋwaaray nda a tilas.
Il est courageux de demander de l'aide.,Faaba ŋwaarayyan ga ti gaabi.
Prends des pauses régulières pendant le travail.,Ma fondi waati kul goy ra.
Évite le surmenage.,Ma si goy ka bisa ni gaabo.
L'équilibre entre travail et vie personnelle est important.,Goy da fundi alhaali daŋandi ga tilas.
Consacre du temps à tes loisirs et passions.,Ma waati no ni farhã teyaney da ni baakasinay se.
Cela te ressource et te rend plus productif.,"Woodin ga ni no gaabi, a ga ni te produktif ka bisa."
Apprends à dire non lorsque c'est nécessaire.,Ma dondon ka ni ma ne aywo waati ka a tilas.
Protège ton temps et ton énergie.,Ma ni waato da ni enerji gaay.
Fixe des limites saines.,Ma kambe daŋ ka ga lafiya.
Le respect de soi est fondamental.,Boŋ sayyan ga tilas.
Traite-toi avec la même gentillesse que tu traites les autres.,Ma ni boŋ te da baani sanda mate ka ni ga boro waaney te.
"Tu mérites l'amour et le respect, y compris de toi-même.","Ni ga hima baakasinay da say, ni boŋ wane mo."
Célèbre la diversité culturelle.,Ma kultür barmay ceeci.
Apprends des autres cultures.,Ma dondon kultür waaney gaa.
Le monde est un mélange de couleurs et de traditions.,Ndunnya ga ti fär da adetey margu.
Voyager est un excellent moyen de découvrir cette diversité.,Diraw ga ti fonda kaano ka boro ma barmay wo bay.
"Sois un citoyen du monde, respectueux de toutes les nations.","Ma te ndunnya boro, ka ga laabu kul say."
La paix mondiale est un objectif commun.,Ndunnya lafiya ga ti muraadu ka iri kul ga baa.
Contribuons tous à un monde plus pacifique et juste.,Iri kul ma faaba zama ndunnya ma te ka gonda lafiya da adilitaray ka bisa.
Chaque petite action compte.,Goy kayna kul gonda nga alhorma.
Sois le changement que tu veux voir dans le monde.,Ma te barmay ka ni ga baa ka ni ma di ndunnya ra.
L'espoir est une lumière dans l'obscurité.,Beejo ga ti kaari kubay ra.
Garde toujours une lueur d'espoir dans ton cœur.,Ma beejo kayna daŋ ni bina ra waati kul.
Même les nuits les plus sombres sont suivies d'une aurore.,"Baa cin ka bi sosso, subba ga fatta a banda."
La vie est un cycle de hauts et de bas.,Fundi ga ti jina koyan da banda ye.
Apprends à naviguer sur les vagues.,Ma dondon ka ni ma teeko kurey boŋ dira.
La flexibilité t'aidera à surmonter les tempêtes.,Hawrutarey ga ni faaba ni ma haw beerey bisa.
Rappelle-toi que tu n'es pas seul.,Ma fongu ka ni si ni hinne.
Cherche du soutien auprès de tes proches.,Ma gaayumi ŋwaaray ni borey gaa.
La communauté est là pour t'aider.,Jama go no zama i ma ni faaba.
Offre ton soutien aux autres en retour.,Ma ni gaayumi no boro waaney se mo.
L'entraide rend la vie plus facile et plus belle.,"Cere faaba ga fundi farhandi, a g'a kaayandi."
"Un sourire est contagieux, partage-le.","Haaruyan ga taalam, m'a fay."
Un mot aimable peut égayer la journée de quelqu'un.,Sanni baani fo ga hin ka boro fo zaaro kaarayandi.
La gentillesse est un langage universel.,Baani teyan ga ti sanni ka ndunnya kul ga faham.
Pratique la gentillesse au quotidien.,Ma baani te zaari kul.
"Fais une bonne action chaque jour, aussi petite soit-elle.","Ma goy kaano fo te zaari kul, baa a ma kayna."
Cela aura un impact positif sur toi et sur les autres.,A ga nafa kaano te ni da boro waaney se.
Le bonheur se trouve souvent dans le don.,Kaani bina go nooyan ra waati boobo.
"Donner de son temps, de son attention, de son amour.","Boro ma nga waato no, nga laakal, nga baakasinay."
Ce sont les cadeaux les plus précieux.,Noorey ka bisakey no.
N'oublie jamais de dire merci.,Ma si dirma abada ka ni ma ne barka.
La gratitude ouvre la porte à plus de bénédictions.,Barka teyan ga fu feeri albarka ka bisa se.
"Sois reconnaissant pour les leçons apprises, même les plus difficiles.","Ma barka te dersey ka ni dondon se, baa i ma sandi gumo."
Elles te façonnent et te font grandir.,"I ga ni te, i ga ni beerandi."
"La vie est un voyage, pas une destination.","Fundi ga ti diraw, manti tooyan nangu no."
Profite de chaque étape du voyage.,Ma diraw ce kulu kaanu.
Crée des souvenirs inoubliables.,Ma fonguyaŋ ka boro si dirma te.
"Ris souvent, aime beaucoup, vis pleinement.","Ma haaru waati boobo, ma baakasinay te gumo, ma fundi goro timmante."
"C'est ça, le secret du bonheur.",Woodin no ga ti kaani bina gundo.
Le soleil se lève à l'est.,Wayna ga fatta wayna funay haray.
Il se couche à l'ouest.,A ga kuro wayna kuro haray.
La terre tourne autour du soleil.,Ndunnya ga windi wayna gaa.
Cela prend une année.,A ga jiiri fo te.
La lune tourne autour de la terre.,Handu ga windi ndunnya gaa.
Il y a quatre saisons dans certains pays.,Waati taaci go laabu fooyaŋ ra.
"Printemps, été, automne, hiver.","Printemps, été, automne, hiver."
"Au Niger, il y a principalement une saison sèche et une saison des pluies.","Niijer ra, koraŋ da haray waati no ga baa ka goro."
La saison sèche peut être très chaude.,Koraŋ ga hin ka gullo gumo.
L'harmattan est un vent sec et poussiéreux.,Haw ga ti haw koogu ka gonda laabu fumbu.
La saison des pluies apporte la verdure.,Haray waato ga kobtey te i ma fatta.
C'est la période des semailles.,Subu tilam waati no.
Les agriculteurs travaillent dur dans les champs.,Farkoy ga goy da gaabi farey ra.
Ils espèrent une bonne récolte.,I ga fari albarka beeje.
L'eau est vitale pour l'agriculture.,Hari ga tilas fari se.
L'irrigation aide en cas de sécheresse.,Irrigation ga faaba nda koraŋ go no.
Les barrages retiennent l'eau.,Barajey ga hari gaay.
L'énergie hydroélectrique est produite par la force de l'eau.,"Enerji hydroelektrik, hari gaabo no g'a te."
C'est une source d'énergie renouvelable.,Enerji funa ka i ga te koyne no.
Les panneaux solaires transforment la lumière du soleil en électricité.,Panno soler ga wayna kaaro barmay ka te elektrisite.
Le Niger a un fort potentiel solaire.,Niijer gonda wayna gaabi gumo.
L'énergie éolienne utilise la force du vent.,Enerji eoliyen ga haw gaabo goyandi.
Les éoliennes sont de grandes turbines.,Eoliyen ga ti turbin beeriyaŋ.
La technologie évolue rapidement.,Teknoloji ga barmay da waasu.
Les téléphones intelligents ont de nombreuses fonctionnalités.,Portabal laalantey gonda goy boobo.
"On peut naviguer sur internet, prendre des photos, écouter de la musique.","Boro ga hin ka koy internet ra, foto di, donko maa."
Les applications facilitent la vie quotidienne.,Aplikasyon ga fundi alhaali farhandi.
Les réseaux sociaux nous connectent avec des amis et la famille.,Rezo sosiyal g'iri margu nda corey da almayaaley.
Mais il faut les utiliser avec modération.,Amma a ga hima i m'i goyandi da hawru.
La cyberdépendance est un risque.,Sayberdepandans ga ti kankami.
Protégez vos informations personnelles en ligne.,Araŋ ma araŋ habaru sahasey gaay internet ra.
Ne partagez pas vos mots de passe.,Araŋ ma si araŋ modpas fay.
Soyez vigilant contre les arnaques en ligne.,Araŋ ma haggoy da fansi internet ra.
L'intelligence artificielle (IA) se développe.,Entelijans artifisiyel (IA) ga beeri.
Elle a des applications dans de nombreux domaines.,A gonda goyyaŋ nangu boobo.
"Médecine, transport, industrie...","Medecine, transport, endustri..."
Les robots peuvent effectuer des tâches répétitives ou dangereuses.,Robo ga hin ka goy ka i ga te koyne wala goy kankamey te.
L'impression 3D permet de créer des objets.,Enpresyon 3D ga naŋ boro ma hayey te.
La science explore l'univers.,Science ga univers guna.
Les astronomes étudient les étoiles et les planètes.,Astronom ga handu bonjarey da planetey dondon.
Des télescopes puissants observent l'espace lointain.,Teleskop gaabikooniyaŋ ga nangu moorey guna.
L'homme a marché sur la lune.,Boro na ce daŋ handu boŋ.
Des sondes spatiales explorent d'autres planètes.,Sond espasyal ga planet waaney guna.
La recherche de vie extraterrestre continue.,Fundi waani gunguna ga gaay.
La biologie étudie les êtres vivants.,Biyoloji ga fundikooniyaŋ dondon.
"Cellules, gènes, écosystèmes...","Selil, jen, ekosistem..."
La génétique a fait d'énormes progrès.,Jenetik na jina koyan beeri te.
La médecine personnalisée devient possible.,Medesin ka i ga te boro fo se ga sintin ka hin ka te.
La chimie étudie la matière et ses transformations.,Shimi ga hayey da i barmayey dondon.
Les médicaments sont des produits chimiques.,Yaaji ga ti hay shimi.
La physique étudie les lois fondamentales de l'univers.,Fizik ga ndunnya fonda asasey dondon.
"Énergie, mouvement, lumière...","Enerji, dira, kaari..."
Albert Einstein était un grand physicien.,Albert Einstein ga ti fizisiyen beeri.
Sa théorie de la relativité a changé notre compréhension du temps et de l'espace.,Nga teyori relativite wano na iri fahamyaŋ barmay waati da nangu boŋ.
Les mathématiques sont le langage de la science.,Matematik ga ti science sanni.
Elles sont utilisées dans tous les domaines scientifiques et techniques.,I g'i goyandi science da teknik nangu kul ra.
L'ingénierie applique les connaissances scientifiques pour résoudre des problèmes pratiques.,Enjeniyeri ga science bayray goyandi zama a ma problem pratik fondey cebe.
"Construire des ponts, des routes, des bâtiments.","Kööprü, fonda, cinari cina."
"Concevoir des machines, des appareils électroniques.","Masin, aparey elektronik plan te."
L'ingénieur civil s'occupe des infrastructures.,Enjeniyer sivil ga infrastruktur haggoy.
L'ingénieur en mécanique conçoit des systèmes mécaniques.,Enjeniyer mekanik ga sistem mekanik plan te.
L'ingénieur électricien travaille avec l'électricité.,Enjeniyer elektrisiyen ga goy da elektrisite.
L'ingénieur informaticien développe des logiciels et des systèmes informatiques.,Enjeniyer enformatisyen ga lojisiyel da sistem enformatik te.
L'innovation est essentielle pour le progrès.,Inovasyon ga tilas progres se.
Les jeunes ingénieurs apportent de nouvelles idées.,Enjeniyer zankey ga miila taji kande.
Le travail d'équipe est important dans les grands projets.,Goy margante ga tilas proje beerey ra.
La communication claire est nécessaire.,Sanni teyan hanante ga tilas.
La gestion de projet assure le respect des délais et du budget.,Proje daabu ga waati da nooro sayyan tabatandi.
La sécurité est une priorité absolue sur les chantiers.,Lafiya ga ti hay ka bisa kul shantiyey ra.
Les normes de construction doivent être respectées.,Cina fonda asasey ga hima i m'i say.
Les matériaux de construction doivent être de bonne qualité.,Cina hayey ga hima i ma te kaanu.
"Le béton, l'acier, le bois sont couramment utilisés.","Beton, asiye, bundu, i g'i goyandi waati boobo."
L'architecture combine art et technique.,Arshitektur ga art da teknik margu.
L'architecte dessine les plans des bâtiments.,Arshitekt ga cinarey plan te.
"Il tient compte de l'esthétique, de la fonctionnalité et de la sécurité.","A ga guna kaanoyaŋ, nafa da lafiya."
Les bâtiments écologiques respectent l'environnement.,Cinari ekolojik ga environnemaŋ say.
Ils utilisent des matériaux durables et économisent l'énergie.,"I ga hay ka ga gay goyandi, i ga enerji daabu."
L'urbanisme planifie le développement des villes.,Urbanism ga birni beeriyaŋ plan te.
Il vise à créer des villes agréables à vivre.,A muraado ga ti ka birni te ka goro ga kaanu.
"Avec des espaces verts, des transports publics efficaces.","Da nangu kobtey, transport publik ka ga goy kaani."
La gestion des déchets est un défi majeur pour les grandes villes.,Fumbu daabu ga ti hasara beeri birni beerey se.
Le recyclage et la réduction des déchets sont des solutions.,Resiklaj da fumbu kaynandi ga ti fondey.
L'eau potable doit être accessible à tous.,Hari ka i ga haŋ ga hima a ma goro boro kul se.
Les systèmes d'assainissement sont cruciaux pour la santé publique.,Asenisman sistem ga tilas gumo boro lafiya se.
La recherche scientifique continue d'apporter des solutions aux problèmes mondiaux.,Reshersh syantifik ga gaay ka fondey kande ndunnya problemey se.
"Maladies, faim, pauvreté, changement climatique...","Cuta, haray, talkataray, klima barmay..."
La collaboration internationale est nécessaire pour relever ces défis.,Laabu cere margu ga tilas zama i ma hasarey wo hin.
Chacun peut contribuer à sa manière.,Boro kul ga hin ka faaba nga mate.
L'éducation et la sensibilisation sont des outils puissants.,Karam da laakal tunandi ga ti jinay gaabikooney.
Informons-nous et agissons.,"Iri ma iri boŋ habarandi, iri ma goy."
L'avenir de la planète dépend de nos actions aujourd'hui.,Planet suba ga iri hunkuna goyey boŋ kay.
Soyons des acteurs responsables du changement positif.,Iri ma te barmay kaano goykoy ka ga ngey boŋ bay.
Un petit ruisseau fait une grande rivière.,Hari kayna no ga te isa beeri.
"Chaque effort compte, aussi petit soit-il.","Goy kul gonda nga alhorma, baa a ma kayna."
"Ensemble, nous sommes plus forts.","Iri marganta, iri ga gaabi ka bisa."
"L'union fait la force, la division affaiblit.","Margu ga gaabi no, fayyan ga larzandi."
Travaillons main dans la main pour un monde meilleur.,Iri ma goy kambe da kambe ndunnya kaano se.
Le dialogue interculturel favorise la compréhension et la paix.,Kultür cere sanni teyan ga fahamyaŋ da lafiya taysandi.
Apprenons à connaître et à respecter les autres cultures.,"Iri ma dondon ka iri ma kultür waaney bay, i m'i say."
La diversité est une source d'enrichissement mutuel.,Barmay ga ti cere taysandiyan funa.
Célébrons nos différences et nos points communs.,Iri ma iri barmayey da iri hay ka margantey ceeci.
La tolérance et le respect sont les piliers d'une société harmonieuse.,Suuru da say no ga ti margu ka gonda lafiya tamey.
Luttons contre les préjugés et la discrimination.,Iri ma wongu te da miila laaley da boro fayfayyan.
Tous les êtres humains naissent libres et égaux en dignité et en droits.,"Boro kul ka du ga ti burcini, i ga saba alhorma da alhakku ra."
Défendons les droits de l'homme partout dans le monde.,Iri ma boro alhakkey gaay ndunnya nangu kul.
La justice doit être la même pour tous.,Adilitaray ga hima a ma te afo boro kul se.
L'accès à l'éducation et aux soins de santé est un droit fondamental.,Karam da lafiya duuyan ga ti alhakku asasi.
Investir dans l'éducation des filles est crucial pour le développement.,Nooru daŋyan wayboro izey karam ra ga tilas gumo beeriyaŋ se.
Une femme éduquée éduque toute une nation.,Wayboro ka karam ga laabu kul karamandi.
L'autonomisation des femmes bénéficie à toute la société.,Wayborey gaabandi ga nafa no margu kul se.
L'égalité des genres est un objectif important.,Alboro da wayboro sabayaŋ ga ti muraadu ka tilas.
"Les enfants sont l'avenir, protégeons-les.","Zankey no ga ti suba, iri m'i gaay."
Assurons-leur un environnement sûr et stimulant.,Iri m'i no nangu ka gonda lafiya ka ga laakal tunandi.
Luttons contre le travail des enfants.,Iri ma zanka goy wongu.
Chaque enfant a le droit de jouer et d'apprendre.,"Zanka kul gonda alhakku ka a ma fooru, a ma dondon."
Le sport unit les peuples.,Sport ga borey margu.
"Il enseigne des valeurs comme le respect, la discipline et l'esprit d'équipe.","A ga tabi'a dondonandi sanda say, disiplin da margu bine."
Encourageons la pratique sportive chez les jeunes.,Iri ma sport teyan taysandi zankey game.
Une alimentation équilibrée est essentielle pour une bonne santé.,Ŋwaari daŋante ŋwa ga tilas lafiya kaano se.
"Mangez beaucoup de fruits, de légumes et de céréales complètes.","Araŋ ma tuuri albarkey, kobtey da hayni ka timme ŋwa gumo."
"Limitez la consommation de sucre, de sel et de graisses saturées.","Araŋ ma sukar, ciiri da gresi saturé haŋyan da ŋwaari kaynandi."
Buvez de l'eau régulièrement tout au long de la journée.,Araŋ ma hari haŋ waati kul zaaro ra.
L'hygiène personnelle prévient les maladies.,Boŋ hananyaŋ ga cutey gaay.
Lavez-vous les mains fréquemment avec du savon.,Araŋ ma araŋ kambey nyun da saafa waati boobo.
Consultez un médecin en cas de maladie.,Araŋ ma laabukaw (médecin) guna nda janti go no.
La prévention vaut mieux que la guérison.,Gaayumi ga kaan ka bisa yayandi.
Faites des bilans de santé réguliers.,Araŋ ma lafiya guna waati kul.
La vaccination est un moyen efficace de se protéger.,Vaccination ga ti fonda kaano ka boro ma nga boŋ gaay.
Protégez-vous contre les piqûres de moustiques pour éviter le paludisme.,Araŋ ma araŋ boŋ gaay da suruŋ ganduyaŋ zama araŋ ma paludisme gaay.
Utilisez des moustiquaires imprégnées.,Araŋ ma sansani ka gonda yaaji goyandi.
La santé mentale est aussi importante que la santé physique.,Laakal lafiya ga tilas sanda gaaham lafiya.
N'ayez pas honte de parler de vos problèmes de santé mentale.,Araŋ ma si haawi ka araŋ laakal lafiya problemey sanni te.
Cherchez du soutien et de l'aide professionnelle.,Araŋ ma gaayumi da goykaw faaba ŋwaaray.
La solidarité et l'entraide sont des valeurs fondamentales.,Borey ma cere gaay da cere faaba ga ti tabi'a asasey.
Aidons ceux qui sont dans le besoin.,Iri ma borey ka go laabu ra faaba.
Un petit geste peut faire une grande différence dans la vie de quelqu'un.,Goy kayna fo ga hin ka barmay beeri te boro fo fundi ra.
Soyons généreux de notre temps et de nos ressources.,Iri ma te kulu da iri waato da iri arzakay.
Le bénévolat est une belle façon de contribuer à la société.,Goy ka boro ga te ka si nooru laamiya ga ti fonda kaano ka boro ma faaba margu se.
"Ensemble, construisons un monde meilleur pour les générations futures.","Iri marganta, iri ma ndunnya kaano cina suba izey se."
L'espoir nous guide.,Beejo g'iri candi.
La persévérance nous mène au succès.,Gaayumi g'iri konda albarka gaa.
L'amour conquiert tout.,Baakasinay ga hay kul hin.
La paix commence avec un sourire.,Lafiya ga sintin da haaruyan.
Soyez le changement.,Ma te barmay.
Rêvez grand.,Ma miila beeri.
Travaillez intelligemment.,Ma goy da laakari.
N'abandonnez jamais.,Ma si naŋ abada.
Soyez reconnaissant.,Ma barka te.
Partagez votre bonheur.,Ma ni kaani bina fay.
Aidez les autres.,Ma boro waaney faaba.
Protégez l'environnement.,Ma environnemaŋ gaay.
Plantez des arbres.,Ma tuuri tilam.
Économisez l'eau.,Ma hari daabu.
Réduisez les déchets.,Ma fumbu kaynandi.
Recyclez autant que possible.,Ma resikle mate ka ni ga hin kul.
Utilisez les transports en commun.,Ma transport komun goyandi.
Marchez ou faites du vélo.,Ma ce dira wala ma velo te.
Économisez l'énergie à la maison.,Ma enerji daabu fu ra.
Éteignez les appareils non utilisés.,Ma aparey ka si goy wi.
Choisissez des produits durables.,Ma hay ka ga gay suuba.
Achetez local et de saison.,Ma nangu hayey da waati wane day.
Soutenez les agriculteurs locaux.,Ma nangu farkoy gaay.
Mangez moins de viande.,Ma alman ham ŋwaari kaynandi.
L'élevage a un impact important sur l'environnement.,Alman beeriyaŋ gonda goy beeri environnemaŋ boŋ.
Sensibilisez votre entourage.,Ma ni borey laakal tunandi.
Chaque geste compte pour la planète.,Goy kul gonda nga alhorma planet se.
L'éducation est la clé d'un avenir durable.,Karam no ga ti suba ka ga gay fonda.
Apprenons à vivre en harmonie avec la nature.,Iri ma dondon ka iri ma goro nda lafiya natuur banda.
"La Terre est notre seule maison, prenons-en soin.","Ndunnya no ga ti iri fu folokante, iri m'a haggoy."
"Le temps presse, agissons maintenant.","Waati ga zuru, iri ma goy sohon."
"Pour nous, pour nos enfants, pour les générations futures.","Iri se, iri izey se, suba izey se."
Unissons nos forces pour un avenir meilleur.,Iri ma iri gaabey margu suba kaano se.
Le changement commence par une prise de conscience.,Barmay ga sintin da laakal tunandi.
Puis par l'action.,"Waato dinna, da goy."
Soyons des citoyens actifs et engagés.,Iri ma te sitwayen ka ga goy ka ga ngey boŋ no.
Participons à la vie de notre communauté.,Iri ma iri jama alhaali ra koto.
Exprimons nos opinions et nos idées.,Iri ma iri miiley da iri feerey cabe.
Le débat démocratique est sain.,Deba demokratik ga lafiya.
Respectons les opinions divergentes.,Iri ma miila ka barmay say.
Cherchons le consensus lorsque c'est possible.,Iri ma miila margante gungun nda a ga hin ka te.
La diversité des idées est une richesse.,Miila barmay ga ti arzaka.
"Construisons des ponts, pas des murs.","Iri ma kööprü cina, manti cinari."
La coopération est plus fructueuse que la confrontation.,Margu goy ga nafa no ka bisa wongu.
Apprenons de l'histoire pour ne pas répéter les erreurs du passé.,Iri ma dondon taariki ra zama iri ma si zaman firfiryey te koyne.
La mémoire collective est importante.,Jama fonguyaŋ ga tilas.
Honorons ceux qui se sont battus pour la liberté et la justice.,Iri ma borey ka wongu te burcinitaray da adilitaray se beerandi.
Continuons leur combat pour un monde plus juste.,Iri ma ngey wongoo gaay ndunnya ka gonda adilitaray ka bisa se.
L'espoir d'un avenir meilleur nous motive.,Suba kaano beejo g'iri no bine gaabi.
Chaque génération a son rôle à jouer.,Jiil kul gonda nga goy ka a ga hima a ma te.
Assumons nos responsabilités envers les générations futures.,Iri ma iri alhakey yadda suba izey se.
"Laissons-leur un héritage de paix, de prospérité et de respect de l'environnement.","Iri ma tubu kaŋ ga ti lafiya, arzaka da environnemaŋ sayyan naŋ i se."
C'est notre devoir et notre privilège.,"Iri farilla no, iri dama no mo."
Le voyage de mille lieues commence par un pas.,Diraw ka ga kuuru gumo ga sintin da ce fo.
Faisons ce premier pas ensemble aujourd'hui.,Iri ma ce sintina wo te care banda hunkuna.
Pour un avenir radieux.,Suba ka ga kaaray se.
Merci de votre attention.,Barka araŋ laakal daŋyan se.
Fin de cette série de phrases.,Sanni margu wo bananta ne.
"J'ai faim, je vais manger.","Haray g'ay di, ay ga koy ka ŋwa."
Elle lit un roman passionnant.,A ga roman kaano fo caw.
Nous regardons un film comique.,Iri ga film ka ga haaru guna.
Ils construisent une nouvelle maison.,I ga fu taji fo cina.
Le chat chasse une souris.,Muuso ga zumbu fo gana.
L'oiseau construit son nid.,Curko ga nga bu te.
Le fermier sème des graines.,Farkoŋ ga subu bi tilam.
L'enseignant explique une formule mathématique.,Karamkwa ga formul matematik fo fahamandi.
L'étudiant prend des notes.,Almajirio ga noti hantum.
Le médecin examine le patient.,Laabukaw (médecin) ga jantukwa guna.
L'infirmière fait une piqûre.,Infirmière ga pikiir te.
Le mécanicien répare le moteur.,Mekanisiyeŋ ga motör hanse.
Le chauffeur conduit prudemment.,Soför ga dira da haggoy.
Le boulanger prépare du pain frais.,Bulanje ga buru taji sobay.
Le boucher coupe la viande.,Hamkosokwa ga ham kosu.
Le pêcheur lance son filet.,Hamisadinko ga nga jaari catu.
L'artiste peint un paysage.,Artist ga nangu kaano fo pentire.
Le musicien joue de la guitare.,Donkokwa ga gitaar fooru.
Le danseur exécute des mouvements gracieux.,Gambokwa ga dira kaano te.
Le scientifique mène une expérience.,Syantifik ga esperiyans fo te.
L'écrivain rédige un nouveau chapitre.,Hantumkwa ga shaptar taji fo hantum.
Le journaliste interviewe une personnalité.,Jurnalist ga boro beeri fo interviyu.
Le photographe prend de belles photos.,Fotokwa ga foto kaano di.
Le potier façonne l'argile.,Bumakonda ga laabu te.
Le tailleur coud un vêtement.,Taylor ga bankaaray fo fay.
Le maçon construit un mur.,Mason ga cinari fo cina.
Le menuisier travaille le bois.,Saajikwa ga bundu goy.
Le forgeron chauffe le métal.,Kurmkwa ga guuru dullandi.
L'enfant joue avec ses jouets.,Zanka ga fooru nda nga fooruyan hayey.
Le bébé sourit à sa mère.,Zanka kayna ga haaru nga nya se.
Les amis discutent joyeusement.,Corey ga sanni te da kaani bina.
La famille partage un repas convivial.,Almayaaley ga ŋwaari ŋwa care banda da kaani.
Le chien remue la queue.,Hansi ga nga biriyo yanje.
Le cheval galope dans le pré.,Bariya ga zuru saaji ra.
La vache broute l'herbe fraîche.,Hawo ga subu taji ŋwa.
Le mouton bêle doucement.,Feejo ga jinde te da hawru.
Le coq chante au lever du jour.,Coro ga jinde te wayna fatta.
La poule picore des graines.,Kookaroo ga bi tutubu.
Le canard nage dans la mare.,Kookari hariyo ga hari nyun teeko ra.
Le poisson nage dans l'eau.,Hamiso ga hari nyun hari ra.
L'abeille collecte le nectar.,Ciiso ga fula hari margu.
La fourmi transporte une miette.,Hunci ga ŋwaari kayna fo jare.
Le papillon vole de fleur en fleur.,Kufalafata ga tun fula boŋ ka koy fula fo boŋ.
L'araignée tisse sa toile.,Burtu ga nga gusu te.
Le serpent rampe silencieusement.,Gondi ga ganda dira da siiray.
Le lion rugit dans la savane.,Muusu beero ga jinde te saaji ra.
L'éléphant boit à la rivière.,Yee ga hari haŋ isoo gaa.
Le singe mange une banane.,Fono ga namooni ŋwa.
La girafe atteint les hautes feuilles.,Jiraf ga tuuri kobtey ka go beene to.
Le zèbre court vite pour échapper au danger.,Burtu ga zuru da waasu zama a ma kankami gaay.
Le crocodile se chauffe au soleil.,Ganyo ga nga fooru dullandi wayna ra.
L'hippopotame se baigne dans l'eau.,Bangu ga hari nyun hari ra.
Le léopard grimpe à un arbre.,Gande ga tuuri kuru.
Le rhinocéros a une corne solide.,Rinoseros gonda hilli gaabi.
Le buffle regarde attentivement.,Tooru ga guna da laakal.
L'autruche est un grand oiseau qui ne vole pas.,Nii gonda curko beeri ka si fafa.
Le flamant rose se tient sur une patte.,Flaman roz ga kay ce fo boŋ.
Le pélican a un grand bec.,Pelikan gonda gunde beeri.
L'aigle vole haut dans le ciel.,Zaamo ga fafa beene beero ra.
Le hibou chasse la nuit.,Hilli ga gungun cin.
La chauve-souris sort au crépuscule.,Tukururu ga fatta wayna kuro.
Le vent souffle doucement.,Haw ga fufu da hawru.
Les feuilles tombent des arbres en automne.,Kobtey ga ka tuurey boŋ automne ra.
La neige recouvre le paysage en hiver.,Nej ga nangu kul daabu hiver ra.
Les fleurs s'épanouissent au printemps.,Fulawey ga feeri printemps ra.
Le soleil est chaud en été.,Wayna ga gullo été ra.
La pluie arrose la terre assoiffée.,Hari ga laabu ka goyo g'a di haŋandi.
Un arc-en-ciel apparaît après l'averse.,Kataka ga te hari beero banda.
Les étoiles brillent dans le ciel nocturne.,Handu bonjarey ga ka cin beero ra.
La lune éclaire le chemin.,Handu ga fonda kaarayandi.
Les vagues se brisent sur la plage.,Teeko kurey ga bu teeko daŋay gaa.
Les montagnes se dressent majestueusement.,Tondey ga kay da beeray.
La rivière coule vers la mer.,Isoo ga zuru ka koy teeko gaa.
La forêt est dense et mystérieuse.,"Saaji beero ga kuuku, a gonda gundo."
Une oasis offre de l'eau et de l'ombre.,Oazis ga hari da dulbey no.
Le volcan crache de la fumée.,Volkan ga dullu tu.
Un tremblement de terre secoue le sol.,Laabu zinji ga ganda yanje.
Un tsunami est une vague géante.,Tsunami ga ti teeko kuro beeri.
Un cyclone apporte des vents violents et des pluies torrentielles.,Siklon ga haw gaabi da hari beeri kande.
La foudre frappe un arbre.,Mollo na tuuri fo kar.
Le tonnerre gronde bruyamment.,Beero ga guuru da jinde beeri.
Le brouillard réduit la visibilité.,Dullu ga guna kaynandi.
La rosée recouvre l'herbe le matin.,Sumay hari ga subu daabu subba.
Le givre se forme par temps froid.,Jel ga te sumay waati.
Un glacier est une grande masse de glace.,Glasye ga ti glas beeri.
Un iceberg flotte dans l'océan.,Aysberg ga hari boŋ dira oseyaŋ ra.
Les aurores boréales colorent le ciel polaire.,Oror boreyal ga pol beero no fär.
L'univers est infini et plein de mystères.,"Univers si ban, a to da gundey."
Notre planète Terre est précieuse.,Iri planet Ndunnya gonda alhorma.
Il faut la protéger pour les générations futures.,A ga hima i m'a gaay suba izey se.
Chaque action compte pour l'environnement.,Goy kul gonda nga alhorma environnemaŋ se.
Réduisons notre empreinte écologique.,Iri ma iri ce kambe ekolojik kaynandi.
Adoptons un mode de vie durable.,Iri ma fundi goro ka ga gay te.
"Ensemble, nous pouvons faire la différence.","Iri marganta, iri ga hin ka barmay te."
Soyons responsables et agissons.,"Iri ma te borey ka ga ngey boŋ bay, iri ma goy."
Le savoir est une arme.,Bayray ga ti jinay.
L'ignorance est un fléau.,Jahilci ga ti balaaw.
L'éducation libère l'esprit.,Karam ga laakal feeri.
La lecture ouvre des horizons.,Cawyan ga fonda feeri.
L'écriture exprime les pensées.,Hantumyan ga miila cabe.
L'art nourrit l'âme.,Art ga biya ŋwaarayandi.
La musique apaise le cœur.,Donko ga bine serendi.
La danse exprime la joie.,Gambu ga kaani bina cabe.
Le sport renforce le corps.,Sport ga gaaham gaabandi.
Le jeu développe l'imagination.,Fooruyan ga laakal beeriyaŋ taysandi.
L'amitié est un trésor.,Corotaray ga ti arzaka.
La famille est un pilier.,Almayaaley ga ti taamu.
L'amour est essentiel.,Baakasinay ga tilas.
La foi déplace les montagnes.,Naanay ga tondey candi.
Le courage surmonte les obstacles.,Gaabi ga hasarey bisa.
La persévérance mène à la réussite.,Gaayumi ga konda albarka gaa.
L'honnêteté est la meilleure politique.,Adilitaray no ga ti politik ka bisa.
Le respect est la base de toute relation.,Sayyan no ga ti alakaw kul sintina.
La tolérance enrichit la société.,Suuru ga margu taysandi.
La solidarité nous unit.,Borey ma cere gaay g'iri margu.
Le partage multiplie le bonheur.,Fayyan ga kaani bina tonton.
Le pardon libère.,Yafa ga feeri.
La gratitude embellit la vie.,Barka teyan ga fundi kaayandi.
Le sourire est un cadeau.,Haaruyan ga ti nooru.
Le rire est la meilleure médecine.,Haaruyan no ga ti yaaji ka bisa.
La curiosité stimule l'apprentissage.,Hay bay laala ga dondonyaŋ tunandi.
La créativité inspire l'innovation.,Kreyativite ga inovasyon no inspiration.
Le travail acharné porte ses fruits.,Goy da gaabi ga nga albarka kande.
La discipline est la clé du succès.,Disiplin no ga ti albarka fonda.
La planification prévient les problèmes.,Plan teyan ga problemey gaay.
L'organisation facilite le travail.,Organizasyon ga goy farhandi.
La communication est essentielle.,Sanni teyan ga tilas.
L'écoute active améliore la compréhension.,Maa kaani ga fahamyaŋ taysandi.
La collaboration mène à de meilleurs résultats.,Margu goy ga konda hay kaano gaa.
La confiance est la base du travail d'équipe.,Naanay no ga ti goy margante sintina.
Le leadership inspire et motive.,Bonkoonitara ga inspiration da bine gaabi no.
La vision guide l'action.,Guna jina ga goy candi.
L'adaptabilité est cruciale dans un monde en changement.,Boŋ barmay ga tilas gumo ndunnya ka ga barmay ra.
La résilience aide à surmonter l'adversité.,Suuru ga faaba ka boro ma hasara bisa.
L'optimisme voit des opportunités dans les difficultés.,Bine kaanokwa ga dama di sandayyaŋ ra.
La pensée positive attire le succès.,Miila kaano ga albarka kande.
La méditation calme l'esprit.,Méditation ga laakal serendi.
Le repos est nécessaire pour la productivité.,Fondi ga tilas produktivite se.
L'équilibre est la clé d'une vie saine.,Daŋandi no ga ti fundi lafiya fonda.
La nature nous offre la paix et la sérénité.,Natuur g'iri no lafiya da bine serendi.
Marcher dans la nature est revigorant.,Ce dira natuur ra ga gaabi no.
Observer les étoiles nous fait rêver.,Handu bonjarey guna g'iri no miila.
Écouter le chant des oiseaux est apaisant.,Curkoy dooni maa ga bine serendi.
Sentir le parfum des fleurs est agréable.,Fulawey fitilla maa ga kaanu.
Goûter les fruits de la terre est un plaisir.,Laabu albarkey day ga ti farhã.
"La vie est un cadeau précieux, chérissons-la.","Fundi ga ti nooru ka gonda alhorma, iri m'a baakasina."
Saisissons chaque instant.,Iri ma waati kul di.
Vivons pleinement et sans regrets.,Iri ma goro timmante ka si bine haw.
Soyons la meilleure version de nous-mêmes.,Iri ma te iri boŋ kaano ka bisa.
Le monde attend notre contribution.,Ndunnya ga iri faaba hangan.
Faisons de notre mieux pour le rendre meilleur.,Iri ma iri hinne kul te zama iri m'a te kaano ka bisa.
L'amour et la gentillesse peuvent changer le monde.,Baakasinay da baani teyan ga hin ka ndunnya barmay.
"Commençons par nous-mêmes, ici et maintenant.","Iri ma sintin iri boŋ gaa, ne da sohon."
La science étudie le monde naturel.,Science ga ndunnya ka Natur te dondon.
L'observation est la première étape de la méthode scientifique.,Gunaa no ga ti méthode scientifique sintina ce.
Une hypothèse est une explication proposée.,Hypothèse ga ti fahamandi ka i ga baa ka te.
L'expérimentation teste l'hypothèse.,Expérimentation ga hypothèse guna.
Les données sont collectées pendant l'expérience.,Donnée ga margu expérience waato.
L'analyse des données mène à une conclusion.,Donnée analyse ga konda conclusion gaa.
Une théorie scientifique est bien étayée.,Théorie scientifique gonda gaabi ka i n'a tabatandi.
La physique est l'étude de la matière et de l'énergie.,Physique ga ti hayey da enerji dondonyaŋ.
La chimie étudie la composition des substances.,Chimie ga hayey dumiyaŋ dondon.
La biologie est la science de la vie.,Biologie ga ti fundi science.
L'astronomie étudie les corps célestes.,Astronomie ga beero almaney dondon.
La géologie étudie la Terre.,Géologie ga ndunnya dondon.
Un atome est la plus petite unité de la matière.,Atome no ga ti hay kayna ka bisa kul.
Les molécules sont formées d'atomes liés.,"Molekulley, atomey ka margu no g'i te."
L'eau est une molécule composée d'hydrogène et d'oxygène.,Hari ga ti molekul ka hydrogène da oxygène n'a te.
L'énergie existe sous différentes formes.,Enerji go no dumi boobo ra.
L'énergie cinétique est l'énergie du mouvement.,Enerji cinétik ga ti dira enerji.
L'énergie potentielle est l'énergie stockée.,Enerji potansiyel ga ti enerji ka margu.
La loi de la conservation de l'énergie stipule que l'énergie ne peut être ni créée ni détruite.,Enerji gaayumi fonda ga ne enerji si hin ka te wala ka halaci.
La gravité est une force d'attraction entre les objets.,Gravité ga ti hayey cere jareyan gaabi.
La lumière voyage en ondes.,Kaari ga dira sanda vague.
Le son est une vibration qui se propage.,Jinde ga ti yanje ka ga koy nangu fo.
L'électricité est un flux d'électrons.,Elektrisite ga ti elektron zuru.
Un circuit électrique permet le passage du courant.,Circuit elektrik ga naŋ kuran ma bisa.
Un aimant a deux pôles : nord et sud.,Eman gonda pol ihinka: nord da sud.
"Les pôles opposés s'attirent, les pôles identiques se repoussent.","Pol ka si care hima ga cere jare, pol ka hima care ga cere gaaray."
La photosynthèse est le processus par lequel les plantes fabriquent leur nourriture.,Photosynthèse ga ti fonda ka tuurey ga ngey ŋwaari te d'a.
Les plantes absorbent le dioxyde de carbone et libèrent de l'oxygène.,"Tuurey ga dioxyde de carbone di, i ga oxygène naŋ."
La respiration cellulaire libère l'énergie des aliments.,Respiration cellulaire ga enerji feeri ŋwaarey ra.
L'ADN contient l'information génétique.,ADN no ga information génétik jare.
Les gènes sont des segments d'ADN.,Gène ga ti ADN koso.
Les cellules sont les unités de base de la vie.,Selil no ga ti fundi sintina.
Un microscope permet de voir des objets très petits.,Mikroskop ga naŋ boro ma hay kayna gumo di.
Les bactéries sont des micro-organismes unicellulaires.,Bakteri ga ti mikro-organism ka gonda selil foloko.
Les virus ont besoin d'une cellule hôte pour se reproduire.,Virus ga selil fo ka i ga furo laamiya zama i ma te boobo.
La vaccination aide le corps à se défendre contre les maladies.,Vaccination ga gaaham faaba a ma nga boŋ gaay da cutey.
Les antibiotiques combattent les infections bactériennes.,Antibiotik ga bakteri enfeksiyon wongu.
Le cœur pompe le sang dans tout le corps.,Bina no ga kuri tuti gaaham kul ra.
Les poumons permettent la respiration.,Fufey no ga naŋ boro ma funsu.
Le cerveau contrôle les fonctions du corps.,Boŋ laakalo no ga gaaham goyey daabu.
Le système nerveux transmet les signaux.,Sistem nerve ga signaaley konda.
Le squelette soutient le corps.,Biyaŋ gaaham no ga gaaham gaay.
Les muscles permettent le mouvement.,Muskulley no ga naŋ dira ma te.
La digestion décompose les aliments.,Dijesyon ga ŋwaarey feeri.
Les reins filtrent le sang.,Reins ga kuri suuji.
La peau protège le corps.,Gaaham kuro ga gaaham gaay.
La température est une mesure de la chaleur.,Tanperatir ga ti gullum lasaabu.
L'eau bout à 100 degrés Celsius.,Hari ga fafagu degre Celsius 100 ra.
L'eau gèle à 0 degré Celsius.,Hari ga te glas degre Celsius 0 ra.
La pression est la force exercée sur une surface.,Presyon ga ti gaabi ka i ga daŋ nangu fo boŋ.
"L'air est un mélange de gaz, principalement l'azote et l'oxygène.","Haw ga ti gaz margu, ka baa ka te azot da oxygène."
La couche d'ozone nous protège des rayons ultraviolets.,Kush d'ozon g'iri gaay da wayna ultraviyole.
Le changement climatique est une modification durable du climat.,Klima barmay ga ti klima barmay ka ga gay.
Les énergies renouvelables incluent le solaire et l'éolien.,"Enerji ka i ga te koyne ra, wayna wane da haw wane go no."
"Les combustibles fossiles sont le charbon, le pétrole et le gaz naturel.","Konbustibl fosil ga ti shabon, petrol da gaz naturel."
La combustion libère de l'énergie et du dioxyde de carbone.,Tonyaŋ ga enerji da dioxyde de carbone naŋ.
Un levier est une machine simple.,Leviye ga ti masin farhã.
Une poulie aide à soulever des charges lourdes.,Puli ga faaba ka boro ma jinay tiŋo sambu.
Un engrenage transmet le mouvement.,Angrenaj ga dira konda.
Un moteur convertit l'énergie en mouvement.,Motör ga enerji barmay ka te dira.
Un ordinateur traite l'information.,Ordinatör ga information goy.
Le matériel informatique (hardware) comprend les composants physiques.,"Materiyel enformatik (hardware) ra, hayey ka boro ga di da kambe go no."
Le logiciel (software) est l'ensemble des programmes.,Lojisiyel (software) ga ti program kul marganta.
Internet est un réseau mondial d'ordinateurs.,Internet ga ti ordinatör margu ndunnya kul ra.
Un algorithme est une série d'instructions.,Algoritm ga ti lordi margu.
L'intelligence artificielle (IA) simule l'intelligence humaine.,Entelijans artifisiyel (IA) ga boro laakal hima.
La robotique conçoit et fabrique des robots.,"Robotik ga robo plan te, a g'i te."
Un satellite orbite autour de la Terre.,Satelit ga ndunnya windi.
Un télescope agrandit les objets lointains.,Teleskop ga hay moorey beerandi.
La Station Spatiale Internationale est un laboratoire en orbite.,Estasyon Espasyal Enternasyonal ga ti laboratuwar ka go orbite ra.
Les astronautes explorent l'espace.,Astronot ga espas guna.
La lune est le satellite naturel de la Terre.,Handu no ga ti ndunnya satelit naturel.
Le soleil est une étoile.,Wayna ga ti handu bonji.
Notre système solaire a huit planètes.,Iri sistem soler gonda planet ahakku.
Mars est surnommée la planète rouge.,"Mars, i g'a ce planet biya."
Jupiter est la plus grande planète de notre système solaire.,Jipiter no ga ti planet ka bisa kul iri sistem soler ra.
Une galaxie est un vaste ensemble d'étoiles.,Galaksi ga ti handu bonjarey margu beeri.
La Voie Lactée est notre galaxie.,Vwa Lakte no ga ti iri galaksi.
Les roches sont composées de minéraux.,"Tondey, minerow no g'i te."
Les volcans se forment lorsque le magma atteint la surface.,Volkan ga te waati ka magma ga to ndunnya boŋ.
Les tremblements de terre sont causés par le mouvement des plaques tectoniques.,"Laabu zinji, plak tektonik diraw no g'i te."
L'érosion use les roches et le sol.,Erozyon ga tondey da laabo ŋwa.
Les fossiles sont des restes d'organismes anciens.,Fosil ga ti alman zamaney banda.
Le cycle de l'eau décrit le mouvement de l'eau sur Terre.,Hari diraw ga hari dira ndunnya boŋ cabe.
L'évaporation transforme l'eau liquide en vapeur.,Evaporasyon ga hari ka ga nyun barmay ka te dullu.
La condensation forme les nuages.,Kondansasyon no ga burmu te.
"Les précipitations sont la pluie, la neige ou la grêle.","Presipitasyon ga ti hari, nej wala grêle."
Un ingénieur conçoit et construit des structures.,"Enjeniyer ga cinari plan te, a g'i cina."
Un pont permet de traverser une rivière ou une vallée.,Kööprü ga naŋ boro ma isa wala gooru daŋandi.
Les gratte-ciel sont des bâtiments très hauts.,Grat-siyel ga ti cinari kuuku gumo.
Les routes et les autoroutes facilitent le transport.,Fonda da otorut ga transport farhandi.
Un barrage retient l'eau pour l'irrigation ou l'hydroélectricité.,Baraj ga hari gaay irigasyon wala hidroelektrisite se.
"Les matériaux de construction incluent le béton, l'acier et le bois.","Cina hayey ra, beton, asiye da bundu go no."
La biotechnologie utilise des organismes vivants pour créer des produits.,Biyoteknoloji ga alman fundikooniyaŋ goyandi zama a ma hayey te.
Les OGM sont des organismes génétiquement modifiés.,OGM ga ti alman ka i na ngey jen barmay.
La nanotechnologie travaille à l'échelle atomique et moléculaire.,Nanoteknoloji ga goy atome da molekul lasaabu boŋ.
La distillation sépare les liquides en fonction de leur point d'ébullition.,Distilasyon ga hari ka ga nyun fay ngey fafagu nangu boŋ.
La filtration sépare les solides des liquides.,Filtrasyon ga hay ka gaabi fay da hari ka ga nyun.
Un catalyseur accélère une réaction chimique.,Katalizör ga reaksyon shimik yawandi.
Un acide a un pH inférieur à 7.,Asid gonda pH ka kaynandi 7 gaa.
Une base a un pH supérieur à 7.,Baz gonda pH ka bisa 7.
La neutralisation se produit lorsqu'un acide et une base réagissent.,Netralizasyon ga te waati ka asid da baz ga wongu te.
Le tableau périodique classe les éléments chimiques.,Tablo periyodik ga eleman shimik fayfay.
L'or est un métal précieux.,Wura ga ti metal ka gonda alhorma.
Le fer est un métal couramment utilisé.,Guuru ga ti metal ka i ga baa ka goyandi.
L'aluminium est léger et résistant.,"Aluminyum ga farhã, a ga gaabi."
Le plastique est un matériau synthétique.,Plastik ga ti hay ka i te.
Le verre est fabriqué à partir de sable.,Ver ga te da laabu kayna.
La céramique est cuite à haute température.,"Seramik, i g'a ton gullum beeri ra."
La vitesse est la distance parcourue par unité de temps.,Vites ga ti nangu ka dira waati fo ra.
L'accélération est le changement de vitesse.,Akselerasyon ga ti vites barmay.
La force est égale à la masse multipliée par l'accélération (F=ma).,Gaabi ga saba da tiŋay ka i n'a margu nda akselerasyon (F=ma).
L'inertie est la tendance d'un objet à résister au changement de mouvement.,Inersi ga ti hay fo dira barmay gaayumi.
La friction est une force qui s'oppose au mouvement.,Friksyon ga ti gaabi ka ga dira gaay.
L'optique est l'étude de la lumière.,Optik ga ti kaari dondonyaŋ.
Une lentille peut faire converger ou diverger la lumière.,Lanti ga hin ka kaari margu wala k'a fay.
La réflexion se produit lorsque la lumière rebondit sur une surface.,Refleksyon ga te waati ka kaari ga ye nangu fo boŋ.
La réfraction est la déviation de la lumière lorsqu'elle passe d'un milieu à un autre.,Refraksyon ga ti kaari barey waati ka a ga fun nangu fo ka koy afa.
Un prisme décompose la lumière blanche en couleurs.,Prism ga kaari funay feeri ka te fär.
L'acoustique est l'étude du son.,Akustik ga ti jinde dondonyaŋ.
L'échographie utilise les ondes sonores pour créer des images.,Ekografi ga jinde vaguey goyandi zama a ma foto te.
La thermodynamique étudie la chaleur et le travail.,Termodinamik ga gullum da goy dondon.
Un thermomètre mesure la température.,Termometr ga tanperatir lasaabu.
L'isolation réduit le transfert de chaleur.,Izolasyon ga gullum bisa kaynandi.
Un conducteur thermique transmet bien la chaleur.,Konduktör termik ga gullum konda kaani.
Un isolant thermique transmet mal la chaleur.,Izolan termik si gullum konda kaani.
La statistique analyse et interprète les données numériques.,"Statistik ga donnée nimérik analyse te, a g'i fahamandi."
La probabilité mesure la vraisemblance d'un événement.,Probabilite ga hay fo teyaŋ lasaabu.
La géométrie étudie les formes et les espaces.,Jeometri ga dumiyaŋ da nangey dondon.
Un triangle a trois côtés.,Triyangl gonda kambe ihinza.
Un cercle est une forme ronde.,Serkl ga ti dumi ka ga windi.
L'algèbre utilise des lettres pour représenter des nombres.,Aljebr ga harfu goyandi zama a ma niméro cabe.
Une équation exprime une égalité.,Ekwasyon ga sabayaŋ cabe.
Le calcul différentiel et intégral étudie les taux de changement et les accumulations.,Kalkul diferansiyel da entegral ga barmay lasaabu da marguyaŋ dondon.
La recherche scientifique vise à acquérir de nouvelles connaissances.,Reshersh syantifik muraado ga ti ka bayray taji du.
L'innovation transforme les découvertes en applications utiles.,Inovasyon ga hay ka i bay barmay ka te goy ka gonda nafa.
La technologie améliore notre vie quotidienne.,Teknoloji ga iri zaari kul alhaali taysandi.
Les brevets protègent les inventions.,Breve ga hay ka i te gaay.
La collaboration internationale est importante en science.,Laabu cere margu ga tilas science ra.
Les publications scientifiques partagent les résultats de la recherche.,Publikasyon syantifik ga reshersh albarka fay.
L'examen par les pairs garantit la qualité des publications.,Boro himakwarey gunaa ga publikasyon kaanoyaŋ tabatandi.
L'éthique scientifique guide la conduite de la recherche.,Etik syantifik ga reshersh teyan candi.
La reproductibilité des expériences est cruciale.,Esperiyans te koyne hinne ga tilas gumo.
La curiosité est le moteur de la découverte scientifique.,Hay bay laala no ga ti science bayyaŋ motör.
La persévérance est nécessaire pour surmonter les défis de la recherche.,Gaayumi ga tilas zama boro ma reshersh hasarey bisa.
Les modèles mathématiques simulent des phénomènes complexes.,Model matematik ga hay sandi hima.
La simulation informatique aide à comprendre les systèmes.,Simulasyon enformatik ga faaba ka boro ma sistem faham.
L'analyse de données volumineuses (Big Data) révèle des tendances.,Donnée beeri (Big Data) analyse ga hay ka ga te cabe.
L'apprentissage automatique (Machine Learning) permet aux ordinateurs d'apprendre à partir de données.,Aprantisaj otomatik (Machine Learning) ga naŋ ordinatör ma dondon donnée gaa.
Les réseaux de neurones sont inspirés du cerveau humain.,"Rezo de nöron, boro boŋ laakalo no i n'i himandi."
La cryptographie sécurise les communications.,Kriptografi ga sanni teyan gaay.
La fibre optique transmet les données à grande vitesse.,Fibr optik ga donnée konda da vites beeri.
Le GPS utilise des satellites pour déterminer la position.,GPS ga satelit goyandi zama a ma nangu bay.
Les drones sont des aéronefs sans pilote.,Dron ga ti aviyon ka sinda pilot.
L'impression 3D crée des objets couche par couche.,Enpresyon 3D ga hayey te kush boŋ kush.
La réalité virtuelle (VR) crée des environnements immersifs.,Realite virtüel (VR) ga nangu te ka boro ga du ka furo.
La réalité augmentée (AR) superpose des informations numériques au monde réel.,Realite ogmante (AR) ga information nimérik daŋ ndunnya cimi boŋ.
Les matériaux composites combinent les propriétés de différents matériaux.,Materiyo konpoze ga hay dumi boobo alhaali margu.
Les supraconducteurs n'ont aucune résistance électrique à basse température.,Siprakonduktör sinda rezistans elektrik tanperatir kayna ra.
La fusion nucléaire pourrait fournir une énergie propre et abondante.,Fizyon nikleyer ga hin ka enerji hanante ka boobo no.
La fission nucléaire est utilisée dans les centrales nucléaires actuelles.,"Fizyon nikleyer, i g'a goyandi santral nikleyer ka go sohon ra."
Les isotopes sont des atomes du même élément avec un nombre différent de neutrons.,Izotop ga ti eleman folokante atomey ka gonda nötron lasaabu barmay.
La datation au carbone 14 permet de déterminer l'âge des fossiles.,Datasyon o karbon 14 ga naŋ boro ma fosil jiiri bay.
La spectroscopie analyse la lumière émise ou absorbée par une substance.,Spektroskopi ga kaari ka hay fo ga naŋ wala ka a ga di analyse te.
La chromatographie sépare les composants d'un mélange.,Kromatografi ga margu hayey fay.
Un pendule oscille avec une période régulière.,Pandul ga yanje da waati ka si barmay.
La mécanique des fluides étudie le comportement des liquides et des gaz.,Mekanik de flüid ga hari ka ga nyun da gaz alhaali dondon.
L'aérodynamique concerne le mouvement de l'air autour des objets.,Aerodinamik ga haw dira hayey gaa hima.
La résistance de l'air affecte la vitesse des objets en mouvement.,Haw rezistans ga hay ka ga dira vites di.
Un vaccin contient des antigènes qui stimulent le système immunitaire.,"Vaksen ra, antijen go no ka ga sistem iminiter tunandi."
L'immunologie est l'étude du système immunitaire.,Iminoloji ga ti sistem iminiter dondonyaŋ.
Une pandémie est une épidémie qui se propage à l'échelle mondiale.,Pandemi ga ti epidemi ka ga koy ndunnya kul ra.
L'épidémiologie étudie la distribution et les déterminants des maladies.,Epidemiyoloji ga cutey fayfayyaŋ da i teyantey dondon.
La santé publique vise à améliorer la santé de la population.,Sante publik muraado ga ti ka jama lafiya taysandi.
La prévention est essentielle pour réduire l'incidence des maladies.,Gaayumi ga tilas zama cutey teyaŋ ma kaynandi.
Une alimentation équilibrée contribue à une bonne santé.,Ŋwaari daŋante ga faaba lafiya kaano se.
L'exercice physique régulier est bénéfique pour le corps et l'esprit.,Sport teyan waati kul gonda nafa gaaham da laakal se.
Le sommeil est crucial pour la récupération.,Kani ga tilas gumo fondi se.
Le stress chronique peut nuire à la santé.,Stres ka ga gay ga hin ka lafiya laala.
La génomique étudie l'ensemble des gènes d'un organisme.,Jenomik ga alman fo jen kul dondon.
La protéomique étudie l'ensemble des protéines.,Proteyomik ga protein kul dondon.
L'ingénierie génétique modifie le matériel génétique des organismes.,Enjeniyeri jenetik ga alman materiyel jenetik barmay.
La thérapie génique vise à corriger les maladies génétiques.,Terapi jenik muraado ga ti ka cutey jenetik hanse.
Les cellules souches ont le potentiel de se différencier en différents types de cellules.,Selil sush gonda hinne ka i ma barmay ka te selil dumi boobo.
La bio-informatique utilise l'informatique pour analyser les données biologiques.,Biyo-enformatik ga enformatik goyandi zama a ma donnée biyolojik analyse te.
L'écologie étudie les interactions entre les organismes et leur environnement.,Ekoloji ga alman da ngey nangu care alhaali dondon.
Un écosystème comprend les organismes vivants et leur environnement physique.,"Ekosistem ra, alman fundikooniyaŋ da ngey nangu fiziki go no."
La biodiversité est la variété de la vie sur Terre.,Biyodiversite ga ti fundi dumiyaŋ ndunnya boŋ.
La conservation vise à protéger la biodiversité.,Konservasyon muraado ga ti ka biyodiversite gaay.
La déforestation détruit les habitats naturels.,Tuuri kosuyaŋ ga alman nangu naturelley halaci.
"La pollution affecte l'air, l'eau et le sol.","Polüsyon ga haw, hari da laabo di."
Le recyclage réduit la quantité de déchets.,Resiklaj ga fumbu lasaabu kaynandi.
Le développement durable répond aux besoins du présent sans compromettre l'avenir.,Developpeman dirab ga hunkuna laamey to ka si suba laala.
L'océanographie étudie les océans.,Oseyanografi ga oseyan dondon.
Les courants marins influencent le climat.,Teeko kurey ga klima di.
Les récifs coralliens sont des écosystèmes marins riches.,Resif korayen ga ti ekosistem teeko ka gonda arzaka.
La météorologie prévoit le temps.,Meteoroloji ga haw alhaali bay jina.
Un baromètre mesure la pression atmosphérique.,Barometr ga presyon atmosferik lasaabu.
Un anémomètre mesure la vitesse du vent.,Anemometr ga haw vites lasaabu.
Un hygromètre mesure l'humidité de l'air.,Igrometr ga haw nyun lasaabu.
Les séismes sont mesurés sur l'échelle de Richter.,"Laabu zinji, i g'i lasaabu eshel de Rishter boŋ."
La sismologie est l'étude des tremblements de terre.,Sismoloji ga ti laabu zinji dondonyaŋ.
La paléontologie étudie les fossiles.,Paleontoloji ga fosil dondon.
Les dinosaures ont disparu il y a des millions d'années.,Dinozor naŋ jiiri miliyon boobo ka bisa.
L'évolution est le changement des espèces au fil du temps.,Evolüsyon ga ti alman dumi barmay waati ra.
La sélection naturelle est un mécanisme clé de l'évolution.,Seleksyon naturel ga ti evolüsyon fonda beeri.
Charles Darwin a proposé la théorie de l'évolution par sélection naturelle.,Charles Darwin no na evolüsyon teyori seleksyon naturel do cabe.
L'archéologie étudie les sociétés humaines passées à travers leurs vestiges matériels.,Arkeoloji ga boro zamaney margu dondon ngey hay kaŋ i naŋ banda gaa.
Les artefacts sont des objets fabriqués par l'homme.,Artefak ga ti hay ka boro te.
La datation des artefacts aide à reconstituer l'histoire.,Artefak datasyon ga faaba ka taariki te koyne.
La linguistique étudie le langage.,Lengwistik ga sanni dondon.
La psychologie étudie l'esprit et le comportement.,Psikoloji ga laakal da alhaali dondon.
La sociologie étudie les sociétés humaines.,Sosyoloji ga boro margu dondon.
"L'économie étudie la production, la distribution et la consommation des biens et services.","Ekonomi ga hayey da servis teyan, fayfayyaŋ da i goyandiyaŋ dondon."
L'offre et la demande influencent les prix.,Nooyan da laamiya ga sanda di.
L'inflation est l'augmentation générale des prix.,Enflasyon ga ti sanda kul beeriyaŋ.
Le PIB (Produit Intérieur Brut) mesure la richesse d'un pays.,PIB (Produit Intérieur Brut) ga laabu fo arzaka lasaabu.
La recherche opérationnelle utilise des méthodes mathématiques pour optimiser les décisions.,Reshersh operasyonel ga metod matematik goyandi zama a ma anniya taysandi.
La théorie des jeux analyse les interactions stratégiques.,Teyori de jö ga interaksyon stratejik analyse te.
Un algorithme de tri organise les données dans un certain ordre.,Algoritm de tri ga donnée soola lordi fo ra.
Une base de données stocke et organise de grandes quantités d'informations.,"Baz de donnée ga information boobo margu, a g'i soola."
Le cloud computing permet d'accéder à des ressources informatiques via internet.,Klaod konputing ga naŋ boro ma resurs enformatik du internet gaa.
La cybersécurité protège les systèmes informatiques contre les attaques.,Saybersekirite ga sistem enformatik gaay da kar.
Un pare-feu (firewall) bloque les accès non autorisés.,Par-fö (firewall) ga furo ka sinda yadda gaay.
Un antivirus détecte et supprime les logiciels malveillants.,"Antiviris ga lojisiyel laalo di, a g'a tuusu."
L'apprentissage profond (Deep Learning) est une branche de l'apprentissage automatique.,Aprantisaj profon (Deep Learning) ga ti aprantisaj otomatik kambe fo.
Les véhicules autonomes utilisent l'IA pour se déplacer.,Vehikil otonom ga IA goyandi zama i ma dira.
La domotique contrôle les appareils ménagers à distance.,Domotik ga fu aparey daabu mooru.
Les objets connectés (IoT) communiquent entre eux via internet.,Obje konekte (IoT) ga sanni te care banda internet gaa.
La fabrication additive est un autre nom pour l'impression 3D.,Fabrikasyon aditiv ga ti enpresyon 3D maa fo.
Les matériaux intelligents réagissent aux changements de leur environnement.,Materiyo entelijan ga ngey nangu barmay guna ka te.
La spintronique utilise le spin des électrons en plus de leur charge.,Spintronik ga elektron spin goyandi i sharjo banda.
L'informatique quantique promet des calculs beaucoup plus rapides.,Enformatik kwantik ga lasaabu ka yaw gumo alkaul no.
Un qubit est l'unité de base de l'information quantique.,Kubit no ga ti information kwantik sintina.
La téléportation quantique transfère l'état quantique d'une particule.,Teleportasyon kwantik ga partikul fo eta kwantik konda.
L'intrication quantique lie le destin de deux particules ou plus.,Entrikasyon kwantik ga partikul ihinka wala ka bisa alhaali haw care gaa.
La matière noire et l'énergie noire constituent la majorité de l'univers.,Mater nuwar da enerji nuwar no ga ti univers baayaŋ.
Les ondes gravitationnelles sont des ondulations de l'espace-temps.,Ond gravitasyonel ga ti espas-tan yanje.
Les trous noirs ont une gravité si forte que même la lumière ne peut s'en échapper.,Tru nuwar gonda gravite ka gaabi gumo hala kaari si hin ka fatta.
L'horizon des événements est la frontière d'un trou noir.,Orizon de eveneman no ga ti tru nuwar kange.
Le Big Bang est la théorie dominante sur l'origine de l'univers.,Big Bang no ga ti teyori ka bisa kul univers sintina boŋ.
L'expansion de l'univers a été découverte par Edwin Hubble.,"Univers beeriyaŋ, Edwin Hubble no n'a bay."
La constante de Hubble mesure le taux d'expansion de l'univers.,Konstant de Hubble ga univers beeriyaŋ lasaabu.
"La cosmologie étudie l'origine, l'évolution et la structure de l'univers.","Kosmoloji ga univers sintina, a evolüsyon da a alhaali dondon."
L'exobiologie recherche la vie en dehors de la Terre.,Ekzobiyoloji ga fundi gungun ndunnya banda.
Les exoplanètes sont des planètes orbitant autour d'autres étoiles.,Ekzoplanet ga ti planet ka ga handu bonji waani windi.
Le télescope spatial James Webb observe l'univers en infrarouge.,Teleskop espasyal James Webb ga univers guna enfaruj ra.
La recherche fondamentale vise à comprendre les principes de base.,Reshersh fondamental muraado ga ti ka fonda asasey faham.
La recherche appliquée vise à résoudre des problèmes pratiques.,Reshersh aplike muraado ga ti ka problem pratik fondey cebe.
Le transfert de technologie facilite l'utilisation des découvertes scientifiques par l'industrie.,Transfer de teknoloji ga science bayyaŋ goyandi endustri ra farhandi.
Les parcs scientifiques favorisent la collaboration entre universités et entreprises.,Park syantifik ga margu taysandi iniversite da antrepriz game.
Le financement de la recherche est crucial pour le progrès scientifique.,Reshersh nooru ga tilas gumo science progres se.
La vulgarisation scientifique rend la science accessible au grand public.,Vilgarizasyon syantifik ga science te jama kul ma hin k'a faham.
Les musées scientifiques exposent des concepts et des découvertes.,Mize syantifik ga konsep da hay ka i bay cabe.
Les revues scientifiques publient des articles évalués par des pairs.,Revü syantifik ga artikl ka boro himakwarey guna fatta.
L'indice h mesure l'impact des publications d'un chercheur.,Endis h ga sherher fo publikasyon goy lasaabu.
Le facteur d'impact d'une revue indique son influence.,Faktör d'enpak revü fo wane ga nga alhorma cabe.
La science ouverte (Open Science) promeut le partage libre des données et des publications.,Syans uvert (Open Science) ga donnée da publikasyon fayyaŋ burcini taysandi.
Les données ouvertes (Open Data) peuvent être librement utilisées et partagées.,"Donnée uvert (Open Data), boro ga hin k'i goyandi k'i fay burcini."
La science citoyenne implique la participation du public à la recherche scientifique.,"Syans sitwayen ra, jama ga koto reshersh syantifik ra."
L'intégrité scientifique est essentielle pour la crédibilité de la science.,Entegrite syantifik ga tilas science naanay se.
Le plagiat est une violation grave de l'éthique scientifique.,Plajiya ga ti etik syantifik fonda kosuyaŋ beeri.
La fabrication de données est une fraude scientifique.,Donnée teyan ka si cimi ga ti fansi syantifik.
Les comités d'éthique examinent les protocoles de recherche impliquant des sujets humains ou animaux.,Komite d'etik ga protokol reshersh ka boro wala alman go ra guna.
Le consentement éclairé est requis pour la participation à des études cliniques.,Konsantman eklere ga tilas zama boro ma koto etid klinik ra.
La protection des données personnelles est importante dans la recherche.,Donnée personel gaayumi ga tilas reshersh ra.
La science des matériaux développe de nouveaux matériaux aux propriétés améliorées.,Syans de materiyo ga materiyo taji te ka gonda alhaali ka taysandi.
Les polymères sont de longues chaînes de molécules.,Polimer ga ti molekul margu kuuku.
Les alliages sont des mélanges de métaux.,Aliyaj ga ti metal margu.
Les semi-conducteurs sont essentiels pour l'électronique.,Semi-konduktör ga tilas elektronik se.
Le silicium est un semi-conducteur couramment utilisé.,Silisyum ga ti semi-konduktör ka i ga baa ka goyandi.
Les circuits intégrés (puces) contiennent des millions de transistors.,"Sirki entegre (pis) ra, tranzistor miliyon boobo go no."
La loi de Moore prédisait que le nombre de transistors sur une puce doublerait environ tous les deux ans.,Lwa de Mur na alkaul no ka tranzistor lasaabu pis fo boŋ ga te sorro hinka jiiri hinka kul.
L'optogénétique utilise la lumière pour contrôler les neurones.,Optojenetik ga kaari goyandi zama a ma nöron daabu.
CRISPR-Cas9 est un outil d'édition génomique.,CRISPR-Cas9 ga ti jenom edisyon jinay.
L'épigénétique étudie les modifications de l'expression des gènes qui ne changent pas la séquence d'ADN.,Epijenetik ga jen ekspresyon barmay dondon ka si ADN sekans barmay.
"Le microbiome est l'ensemble des micro-organismes vivant dans un environnement particulier, comme l'intestin humain.","Mikrobiyom ga ti mikro-organism kul ka ga goro nangu fo ra, sanda boro biya."
Les probiotiques sont des micro-organismes bénéfiques.,Probiotik ga ti mikro-organism ka gonda nafa.
L'ingénierie tissulaire vise à créer des tissus et des organes en laboratoire.,Enjeniyeri tisüler muraado ga ti ka tisu da organ te laboratuwar ra.
La médecine régénérative répare ou remplace les tissus endommagés.,Medesin rejenerativ ga tisu ka laala hanse wala k'a barmay.
L'analyse prédictive utilise les données pour prévoir des événements futurs.,Analiz prediktiv ga donnée goyandi zama a ma hay ka ga te suba bay jina.
La visualisation de données aide à comprendre des ensembles de données complexes.,Vizüalizasyon de donnée ga faaba ka boro ma donnée margu sandi faham.
L'interface cerveau-machine permet une communication directe entre le cerveau et un appareil externe.,Enterfas servo-mashin ga naŋ sanni ma te boŋ laakalo da apare ka go banda game.
La simulation multi-physique modélise des systèmes impliquant plusieurs phénomènes physiques.,Simulasyon milti-fizik ga sistem ka fenomen fizik boobo go ra model te.
L'optimisation recherche la meilleure solution à un problème parmi un ensemble de possibilités.,Optimizasyon ga fonda ka bisa kul gungun problem fo se hinne boobo game.
La théorie du contrôle conçoit des systèmes qui se comportent de manière souhaitée.,Teyori de kontrol ga sistem plan te ka ga te mate ka i ga baa.
Un capteur détecte des changements dans l'environnement.,Kaptör ga barmay di nangu ra.
Un actionneur produit un mouvement ou une action.,Aksyonör ga dira wala goy fo te.
"La mécatronique combine la mécanique, l'électronique et l'informatique.","Mekatronik ga mekanik, elektronik da enformatik margu."
L'énergie marémotrice utilise le mouvement des marées.,Enerji maremotris ga teeko mare diraw goyandi.
L'énergie géothermique provient de la chaleur interne de la Terre.,Enerji jeotermik ga fun ndunnya gullum ra.
La biomasse est une matière organique utilisée comme source d'énergie.,Biyomas ga ti mater organika ka i ga goyandi sanda enerji funa.
Les piles à combustible convertissent l'énergie chimique en électricité.,Pil a konbustibl ga enerji shimik barmay ka te elektrisite.
Le stockage de l'énergie est crucial pour les sources d'énergie intermittentes.,Enerji gaayumi ga tilas gumo enerji funa ka si te waati kul se.
Les batteries lithium-ion sont couramment utilisées dans les appareils électroniques portables.,"Bateri lityum-iyon, i g'i goyandi waati boobo apare elektronik ka boro ga jare ra."
Le graphène est un matériau constitué d'une seule couche d'atomes de carbone.,Grafen ga ti materiyo ka karbon atome kush foloko n'a te.
Les nanotubes de carbone ont des propriétés mécaniques et électriques exceptionnelles.,Nanotib de karbon gonda alhaali mekanik da elektrik ka bisa.
La supraconductivité à haute température est un domaine de recherche actif.,Siprakonduktivite tanperatir beeri ra ga ti reshersh nangu ka goy.
La physique des particules étudie les constituants fondamentaux de la matière.,Fizik de partikul ga hay sintina asasey dondon.
Le Modèle Standard décrit les particules élémentaires et leurs interactions.,Model Standar ga partikul elementer da ngey interaksyon cabe.
Le boson de Higgs explique pourquoi les particules ont une masse.,Bozon de Higgs no ga fahamandi nda ma se partikul gonda tiŋay.
Le CERN est le plus grand laboratoire de physique des particules au monde.,CERN no ga ti laboratuwar fizik de partikul ka bisa kul ndunnya ra.
Un accélérateur de particules propulse les particules à des vitesses proches de celle de la lumière.,Akseleratör de partikul ga partikul tuti vites ka maan kaari wane gaa.
Les détecteurs de particules enregistrent les résultats des collisions.,Detektör de partikul ga kar albarka hantum.
La mécanique quantique décrit le comportement de la matière à l'échelle atomique et subatomique.,Mekanik kwantik ga hay alhaali cabe atome da subatomik lasaabu boŋ.
Le principe d'incertitude de Heisenberg stipule qu'il est impossible de connaître simultanément avec précision la position et la quantité de mouvement d'une particule.,Prensip d'ensertitid de Heisenberg ga ne a si hin ka te ka boro ma partikul fo nangu da a dira lasaabu bay da cimi waati foloko.
La dualité onde-corpuscule signifie que les particules peuvent se comporter à la fois comme des ondes et des corpuscules.,Dualite ond-korpiskul ga konno ka partikul ga hin ka te sanda vague da korpiskul waati foloko.
La relativité générale d'Einstein décrit la gravité comme une courbure de l'espace-temps.,Relativite jeneral Einstein wane ga gravite cabe sanda espas-tan barey.
Les lentilles gravitationnelles se produisent lorsque la gravité d'un objet massif courbe la lumière d'un objet plus lointain.,Lanti gravitasyonel ga te waati ka hay tiŋo fo gravite ga hay mooru fo kaari bareyandi.
L'effet Doppler décrit le changement de fréquence d'une onde en fonction du mouvement relatif de la source et de l'observateur.,Efe Doppler ga vague frekans barmay cabe funa da gunaakwa diraw boŋ.
Le décalage vers le rouge de la lumière des galaxies lointaines indique l'expansion de l'univers.,Galaksi moorey kaari decalaj ver le ruj ga univers beeriyaŋ cabe.
La constante cosmologique est un terme introduit par Einstein dans ses équations de la relativité générale.,Konstant kosmolojik ga ti sanni ka Einstein daŋ nga ekwasyon relativite jeneral ra.
La théorie des cordes propose que les constituants fondamentaux de l'univers sont des cordes vibrantes.,Teyori de kord ga ne univers sintina asasey ga ti kord ka ga yanje.
La supersymétrie postule une relation entre les fermions et les bosons.,Sipersimetri ga alakaw daŋ fermiyon da bozon game.
La recherche d'une théorie du tout vise à unifier toutes les forces fondamentales de la nature.,Teyori de tu gunguna muraado ga ti ka natur gaabi asasey kul margu.
"La science des données combine la statistique, l'informatique et la connaissance du domaine.","Syans de donnée ga statistik, enformatik da nangu bayray margu."
L'exploration de données (Data Mining) recherche des modèles dans de grands ensembles de données.,Eksplorasyon de donnée (Data Mining) ga model gungun donnée margu beeri ra.
L'ingénierie des systèmes s'occupe de la conception et de la gestion de systèmes complexes.,Enjeniyeri de sistem ga sistem sandi plan da i daabu haggoy.
L'analyse des risques évalue la probabilité et l'impact des événements indésirables.,Analiz de risk ga hay laalo teyaŋ da a goy lasaabu.
La gestion de la qualité vise à assurer que les produits et services répondent aux normes.,Jeston de la kalite muraado ga ti ka tabatandi ka hayey da servis ga fonda to.
La normalisation établit des spécifications communes pour les produits et les processus.,Normalizasyon ga spesifikasyon margante daŋ hayey da prosesus se.
L'ergonomie adapte le travail et les outils à l'homme.,Ergonomi ga goy da jinay barmay boro se.
La propriété intellectuelle protège les créations de l'esprit.,Propriyete entelektüel ga laakal teyaney gaay.
Les droits d'auteur protègent les œuvres littéraires et artistiques.,Drwa d'otör ga tira da art goyey gaay.
Les marques déposées protègent les noms et les logos.,Mark depoze ga maayey da logoy gaay.
La veille technologique surveille les avancées technologiques.,Vey teknolojik ga teknoloji jina koyan guna.
La prospective tente d'anticiper les évolutions futures.,Prospektiv ga ceeci ka suba barmay bay jina.
L'analyse systémique examine un système dans son ensemble et les interactions entre ses composants.,Analiz sistemik ga sistem guna a kulanta da a hayey care interaksyon.
La modélisation est la création d'une représentation simplifiée d'un système.,Modelizasyon ga ti sistem cabe ka i farhandi teyan.
La validation d'un modèle vérifie sa conformité avec la réalité.,Validasyon model fo wane ga a cimi hima guna.
La simulation permet d'étudier le comportement d'un modèle dans différentes conditions.,Simulasyon ga naŋ boro ma model fo alhaali dondon nangu dumi boobo ra.
L'étalonnage d'un instrument de mesure assure sa précision.,Etalonaj lasaabu jinay fo wane ga a cimi tabatandi.
L'incertitude de mesure quantifie la fiabilité d'un résultat de mesure.,Ensertitid de mezür ga lasaabu albarka naanay lasaabu.
Les chiffres significatifs indiquent la précision d'une mesure.,Shifr sinyifikatif ga lasaabu cimi cabe.
La méthode des éléments finis est une technique numérique pour résoudre des problèmes d'ingénierie.,Metod de eleman fini ga ti teknik nimérik ka i ga daŋ zama i ma enjeniyeri problem fondey cebe.
La mécanique des roches étudie le comportement des roches sous contrainte.,Mekanik de rosh ga tondey alhaali dondon gaabi ra.
L'hydrogéologie étudie les eaux souterraines.,Idrojeoloji ga laabu cire hari dondon.
La géotechnique concerne les propriétés mécaniques des sols et des roches.,Jeoteknik ga laabey da tondey alhaali mekanik hima.
L'ingénierie parasismique conçoit des structures résistantes aux séismes.,Enjeniyeri parasisimik ga cinari ka ga laabu zinji gaay plan te.
La corrosion est la dégradation d'un matériau par réaction chimique avec son environnement.,Korozyon ga ti hay fo laala reaksyon shimik do a nangu banda.
La protection cathodique est une méthode pour prévenir la corrosion.,Proteksyon katodik ga ti metod ka i ga daŋ zama i ma korozyon gaay.
"La tribologie étudie le frottement, l'usure et la lubrification.","Triboloji ga friksyon, ŋwaari da lubrifikasyon dondon."
Un lubrifiant réduit le frottement entre les surfaces en contact.,Lubrifiyan ga friksyon kaynandi nangu ka ga care di game.
La fatigue des matériaux est la dégradation due à des charges répétées.,Fatiig de materiyo ga ti laala ka ga fun tiŋay ka ga te koyne do.
L'essai non destructif (END) évalue les matériaux sans les endommager.,Ese non destruktif (END) ga materiyo lasaabu ka si i laala.
La radiographie industrielle utilise les rayons X pour inspecter les matériaux.,Radiografi endistriyel ga reyon X goyandi zama a ma materiyo guna.
Les ultrasons sont utilisés pour détecter les défauts internes.,"Ultrason, i g'i goyandi zama i ma laala ka go cire di."
La thermographie mesure la température de surface à distance.,Termografi ga nangu boŋ tanperatir lasaabu mooru.
L'analyse vibratoire surveille l'état des machines tournantes.,Analiz vibratuwar ga masin ka ga windi alhaali guna.
La maintenance prédictive anticipe les pannes des équipements.,Mentenans prediktiv ga ekipman laala bay jina.
L'ingénierie inverse analyse un produit pour comprendre sa conception.,Enjeniyeri envers ga hay fo analyse te zama a ma a plan faham.
Le prototypage rapide permet de créer rapidement des modèles physiques.,Prototipaj rapid ga naŋ boro ma model fizik te da waasu.
La conception assistée par ordinateur (CAO) utilise des logiciels pour créer des modèles 2D et 3D.,Konsepsyon asiste par ordinatör (CAO) ga lojisiyel goyandi zama a ma model 2D da 3D te.
La fabrication assistée par ordinateur (FAO) contrôle les machines de production.,Fabrikasyon asiste par ordinatör (FAO) ga prodüksyon masiney daabu.
L'ingénierie assistée par ordinateur (IAO) simule le comportement des produits.,Enjeniyeri asiste par ordinatör (IAO) ga hayey alhaali hima.
La gestion du cycle de vie du produit (PLM) gère les informations relatives à un produit de sa conception à son retrait.,Jeston di sikl de vi di prodi (PLM) ga information ka hima hay fo daabu a plan sintina hala a tuusuyano.
La chaîne d'approvisionnement (Supply Chain) gère le flux des biens et services.,Shen d'aprovizyonman (Supply Chain) ga hayey da servis zuru daabu.
La logistique planifie et contrôle le mouvement et le stockage des marchandises.,"Lojistik ga alman dira da i gaayumi plan te, a g'i daabu."
L'assurance qualité garantit la conformité des produits aux spécifications.,Asirans kalite ga hayey spesifikasyon hima tabatandi.
Le contrôle statistique des processus (SPC) surveille la qualité de la production.,Kontrol statistik de prosesus (SPC) ga prodüksyon kalite guna.
La méthode Six Sigma vise à réduire les défauts et à améliorer la qualité.,"Metod Sis Sigma muraado ga ti ka laala kaynandi, a ma kalite taysandi."
Le Lean Manufacturing se concentre sur l'élimination du gaspillage.,Lin Manifaktiring ga laakal daŋ halaci tuusuyaŋ boŋ.
L'automatisation utilise des machines pour effectuer des tâches.,Otomatizasyon ga masin goyandi zama i ma goy te.
L'industrie 4.0 intègre les technologies numériques dans la production.,Endustri 4.0 ga teknoloji nimérik daŋ prodüksyon ra.
L'internet des objets industriel (IIoT) connecte les machines et les capteurs dans l'industrie.,Internet de obje endistriyel (IIoT) ga masin da kaptör margu endustri ra.
Les jumeaux numériques sont des répliques virtuelles de systèmes physiques.,Jumo nimérik ga ti sistem fizik himandi virtüel.
La science actuarielle évalue les risques financiers et d'assurance.,Syans aktüariyel ga risk finansiye da asirans lasaabu.
L'économétrie applique des méthodes statistiques aux données économiques.,Ekonometri ga metod statistik daŋ donnée ekonomik boŋ.
La finance comportementale étudie l'influence de la psychologie sur les décisions financières.,Finans konportemantal ga psikoloji goy anniya finansiye boŋ dondon.
Les algorithmes de trading exécutent des transactions financières automatiquement.,Algoritm de treding ga tranzaksyon finansiye te otomatikman.
La technologie blockchain est une base de données distribuée et sécurisée.,Teknoloji blokshen ga ti baz de donnée ka i fay ka gaayante.
Les cryptomonnaies utilisent la cryptographie pour sécuriser les transactions.,Kriptomone ga kriptografi goyandi zama i ma tranzaksyon gaay.
L'apprentissage par renforcement est un type d'apprentissage automatique où un agent apprend par essais et erreurs.,Aprantisaj par ranforsman ga ti aprantisaj otomatik dumi fo ka ajan ga dondon ceeciyan da firfiri do.
Le traitement du langage naturel (NLP) permet aux ordinateurs de comprendre et de générer le langage humain.,"Tretman di langaj natürel (NLP) ga naŋ ordinatör ma boro sanni faham, i m'a te."
La vision par ordinateur permet aux ordinateurs d'interpréter les images.,Vizyon par ordinatör ga naŋ ordinatör ma foto fahamandi.
La reconnaissance vocale convertit la parole en texte.,Rekonesans vokal ga sanni barmay ka te tira.
La synthèse vocale convertit le texte en parole.,Sentez vokal ga tira barmay ka te sanni.
L'informatique affective vise à ce que les ordinateurs reconnaissent et expriment des émotions.,"Enformatik afektiv muraado ga ti ka ordinatör ma bine alhaali bay, i m'i cabe."
L'éthique de l'IA examine les implications morales des systèmes d'IA.,Etik de l'IA ga sistem IA alhaali moral guna.
Les biais algorithmiques peuvent entraîner des décisions injustes.,Biye algoritmik ga hin ka konda anniya ka si adili gaa.
L'explicabilité de l'IA vise à rendre les décisions des systèmes d'IA compréhensibles.,Eksplikabilite de l'IA muraado ga ti ka sistem IA anniyey te i ma faham.
La science des réseaux étudie les relations et les connexions entre les entités.,Syans de rezo ga alakaw da marguyaŋ hayey game dondon.
La théorie des graphes est un outil mathématique pour analyser les réseaux.,Teyori de graf ga ti jinay matematik ka i ga daŋ zama i ma rezo analyse te.
L'analyse des réseaux sociaux examine les structures sociales en ligne.,Analiz de rezo sosiyal ga margu sosiyal en liny guna.
La diffusion d'informations dans un réseau suit certains modèles.,Habaru fayyaŋ rezo fo ra ga model fooyaŋ gana.
L'immunité de groupe se produit lorsqu'une grande partie d'une population est immunisée contre une maladie.,Iminite de grup ga te waati ka jama fo baayaŋ gonda iminite cuta fo se.
La modélisation épidémiologique aide à prévoir la propagation des maladies.,Modelizasyon epidemiyolojik ga faaba ka cutey fayyaŋ bay jina.
Le nombre de reproduction de base (R0) indique le nombre moyen de nouvelles infections causées par un individu infecté.,Nonbr de reprodüksyon de baz (R0) ga enfeksiyon taji lasaabu ka boro ka di fo ga te cabe.
Les essais cliniques testent l'efficacité et la sécurité des nouveaux médicaments et traitements.,Ese klinik ga yaaji da yayandi taji goy da i lafiya guna.
Un essai randomisé contrôlé (ERC) est considéré comme la référence pour évaluer les interventions médicales.,"Ese randomize kontrole (ERC), i g'a lasaabu sanda fonda ka bisa kul ka i ga daŋ zama i ma intervensyon medikal lasaabu."
"L'effet placebo est une amélioration de l'état de santé due à la croyance en un traitement, même s'il est inactif.","Efe plasebo ga ti lafiya taysandiyan ka ga fun yayandi naanay do, baa a si goy."
La médecine factuelle (Evidence-Based Medicine) utilise les meilleures preuves scientifiques pour guider les décisions cliniques.,Medesin faktüel (Evidence-Based Medicine) ga cimi syantifik ka bisa kul goyandi zama a ma anniya klinik candi.
La télémédecine permet des consultations médicales à distance.,Telemedesin ga naŋ konsultasyon medikal ma te mooru.
Les dossiers médicaux électroniques (DME) stockent les informations de santé des patients.,Dosiye mediko elektronik (DME) ga jantukwa lafiya information margu.
L'interopérabilité des systèmes de santé permet l'échange d'informations.,Enteroperabilite de sistem de sante ga naŋ information ma barmay.
La génétique des populations étudie la variation génétique au sein des populations.,Jenetik de popülasyon ga varyasyon jenetik jama ra dondon.
La phylogénie étudie les relations évolutives entre les organismes.,Filojeni ga alakaw evolütif alman game dondon.
Un arbre phylogénétique représente ces relations.,Arbr filojenetik ga alakawey din cabe.
"La biologie synthétique conçoit et construit de nouvelles parties, dispositifs et systèmes biologiques.","Biyoloji sentetik ga koso, dispozitif da sistem biyolojik taji plan te, a g'i te."
L'astrobiologie étudie la possibilité de vie dans l'univers.,Astrobiyoloji ga fundi hinne univers ra dondon.
La terraformation est le processus hypothétique de modification d'une planète pour la rendre habitable.,Teraformasyon ga ti proses hipotetik ka i ga daŋ zama i ma planet fo barmay k'a te ka goro ga hin.
La propulsion ionique est une technologie utilisée pour les engins spatiaux.,Propülsyon iyonik ga ti teknoloji ka i ga goyandi anjen espasyal se.
Une voile solaire utilise la pression du rayonnement solaire pour la propulsion.,Vwal soler ga wayna kaari presyon goyandi propülsyon se.
L'exploitation minière des astéroïdes pourrait fournir des ressources précieuses.,Eksplwatasyon miniyer de asteroïd ga hin ka resurs ka gonda alhorma no.
La colonisation de l'espace est un objectif à long terme pour certains.,Kolonizasyon de l'espas ga ti muraadu kuuku boro fooyaŋ se.
La science des matériaux quantiques explore les propriétés quantiques des matériaux.,Syans de materiyo kwantik ga materiyo alhaali kwantik guna.
Les ordinateurs neuromorphiques imitent la structure et la fonction du cerveau.,Ordinatör nöromorfik ga boŋ laakalo alhaali da a goy hima.
L'agriculture de précision utilise la technologie pour optimiser les rendements agricoles.,Agrikültür de presizyon ga teknoloji goyandi zama a ma fari albarka taysandi.
L'aquaponie combine l'élevage de poissons et la culture de plantes sans sol.,Akwaponi ga hamisa beeriyaŋ da tuuri tayyan ka si laabu margu.
"L'agriculture verticale cultive des plantes en couches superposées, souvent en intérieur.","Agrikültür vertikal ga tuuri tay kush boŋ kush, waati boobo fu cire."
La viande cultivée en laboratoire est produite à partir de cellules animales.,"Ham ka i ga tay laboratuwar ra, selil alman no i g'a te d'a."
Les technologies de capture du carbone visent à réduire les émissions de CO2.,Teknoloji de kaptür di karbon muraado ga ti ka CO2 emisyon kaynandi.
La géo-ingénierie propose des interventions à grande échelle pour contrer le changement climatique.,Jeo-enjeniyeri ga intervensyon beeri cabe zama a ma klima barmay gaay.
L'éthique de la géo-ingénierie est largement débattue.,"Etik de la jeo-enjeniyeri, i ga sanni te a boŋ gumo."
La diplomatie scientifique utilise la science pour favoriser les relations internationales.,Diplomasi syantifik ga science goyandi zama a ma laabu cere alakaw taysandi.
La communication scientifique est cruciale pour informer le public et les décideurs.,Komunikasyon syantifik ga tilas gumo zama i ma jama da anniya teekoy habarandi.
La pensée critique est essentielle pour évaluer les informations scientifiques.,Miila kritik ga tilas zama boro ma information syantifik lasaabu.
La désinformation scientifique peut avoir des conséquences graves.,Dezenformasyon syantifik ga hin ka goy laalo te.
La vérification des faits (fact-checking) combat la désinformation.,Verifikasyon de fe (fact-checking) ga dezenformasyon wongu.
La science est un processus continu de questionnement et de découverte.,Science ga ti hãlli teyan da bayyaŋ proses ka si ban.
L'émerveillement face à la nature est souvent le point de départ de l'investigation scientifique.,Natuur guna ka kaanu ga ti science gunguna sintina waati boobo.
La collaboration entre différentes disciplines scientifiques (interdisciplinarité) est de plus en plus importante.,Disiplin syantifik dumi boobo care margu (enterdisiplinarite) ga tonton ka te tilas.
La science fondamentale alimente les innovations technologiques futures.,Science fondamental ga teknoloji inovasyon ka ga te suba ŋwaarayandi.
L'investissement dans la recherche et le développement (R&D) est un moteur de croissance économique.,Envestisman reshersh da developpeman (R&D) ra ga ti ekonomi beeriyaŋ motör.
Les indicateurs scientifiques et technologiques mesurent les performances d'un pays dans ces domaines.,Endikatör syantifik da teknolojik ga laabu fo goy lasaabu nanguwey din ra.
La fuite des cerveaux est la migration de scientifiques et de professionnels qualifiés vers d'autres pays.,Fit de servo ga ti syantifik da profesyonel ka gonda hinne diraw ka koy laabu fooyaŋ.
Les politiques scientifiques et technologiques orientent les priorités de recherche nationales.,Politik syantifik da teknolojik ga reshersh nasyonal prioritey candi.
L'évaluation de la recherche est un processus complexe.,Reshersh lasaabu ga ti proses sandi.
La bibliométrie analyse les publications scientifiques.,Bibliometri ga publikasyon syantifik analyse te.
Les brevets sont un indicateur de l'innovation technologique.,Breve ga ti inovasyon teknolojik cabe.
La standardisation des protocoles expérimentaux assure la comparabilité des résultats.,Standardizasyon de protokol eksperimental ga albarkey himandi tabatandi.
Les bonnes pratiques de laboratoire (BPL) garantissent la qualité et la fiabilité des données d'essais non cliniques.,Bon pratik de laboratuwar (BPL) ga donnée ese non klinik kalite da i naanay tabatandi.
La bioéthique examine les questions morales soulevées par les avancées en biologie et en médecine.,Biyoetik ga hãlli moral ka biyoloji da medesin jina koyan ga tunandi guna.
"Le principe de précaution suggère d'agir pour prévenir des dommages potentiels, même en l'absence de certitude scientifique complète.","Prensip de prekosyon ga ne boro ma goy zama a ma laala ka hin ka te gaay, baa nda cimi syantifik timmante si no."
La résilience des systèmes est leur capacité à résister et à se remettre des perturbations.,"Rezilyans de sistem ga ti ngey hinne ka i ma gaay, i ma tun hasara banda."
L'analyse du cycle de vie (ACV) évalue l'impact environnemental d'un produit tout au long de sa vie.,Analiz di sikl de vi (ACV) ga hay fo goy environnemaŋ boŋ lasaabu a fundi kul ra.
L'économie circulaire vise à minimiser les déchets et à maximiser l'utilisation des ressources.,"Ekonomi sirküler muraado ga ti ka fumbu kaynandi, a ma resurs goyandi taysandi."
Les technologies vertes contribuent à la protection de l'environnement.,Teknoloji verd ga faaba environnemaŋ gaayumi se.
La transition énergétique vise à passer des combustibles fossiles aux énergies renouvelables.,Tranzisyon enerjetik muraado ga ti ka fun konbustibl fosil gaa ka koy enerji ka i ga te koyne gaa.
Les réseaux électriques intelligents (Smart Grids) optimisent la distribution de l'électricité.,Rezo elektrik entelijan (Smart Grids) ga elektrisite fayfayyaŋ taysandi.
Le stockage de l'électricité à grande échelle est un défi pour l'intégration des énergies renouvelables.,Elektrisite gaayumi beeri ga ti hasara enerji ka i ga te koyne daŋyan se.
L'hydrogène vert est produit à partir d'énergies renouvelables.,"Idrojen verd, enerji ka i ga te koyne no i g'a te d'a."
La fusion par confinement inertiel est une approche de la fusion nucléaire.,Fizyon par konfinman inersiyel ga ti fizyon nikleyer fonda fo.
La fusion par confinement magnétique utilise des champs magnétiques puissants.,Fizyon par konfinman manyetik ga shan manyetik gaabikooney goyandi.
Les tokamaks et les stellarators sont des types de dispositifs de fusion magnétique.,Tokamak da stellarator ga ti dispozitif fizyon manyetik dumiyaŋ.
La science des surfaces étudie les phénomènes physiques et chimiques à l'interface des matériaux.,Syans de sirfas ga fenomen fizik da shimik dondon materiyo kange gaa.
La microscopie à effet tunnel (STM) permet de visualiser des atomes individuels.,Mikroskopi a efe tünel (STM) ga naŋ boro ma atome folokantey di.
La microscopie à force atomique (AFM) peut imager et manipuler des surfaces à l'échelle nanométrique.,Mikroskopi a fors atomik (AFM) ga hin ka nangu foto te k'i goyandi nanometrik lasaabu boŋ.
La lithographie est une technique utilisée pour fabriquer des micropuces.,Litografi ga ti teknik ka i ga goyandi zama i ma mikropis te.
La spallation est un processus nucléaire où un noyau est fragmenté par une particule incidente.,Spalasyon ga ti proses nikleyer ka nwayo fo ga kosu partikul ka kaa do.
Les sources de neutrons de spallation sont utilisées pour la recherche sur les matériaux.,"Surs de nötron de spalasyon, i g'i goyandi reshersh materiyo boŋ se."
Les synchrotrons produisent un rayonnement électromagnétique intense utilisé dans de nombreuses expériences scientifiques.,Senkrotron ga rayonneman elektromagnetik beeri te ka i ga goyandi esperiyans syantifik boobo ra.
Les lasers à électrons libres (FEL) génèrent des impulsions lumineuses ultra-brèves et intenses.,Lazer a elektron libr (FEL) ga enpülsyon kaari ka kuuru gumo ka gaabi te.
La cristallographie par diffraction des rayons X détermine la structure atomique des cristaux.,Kristalografi par difraksyon de reyon X ga kristal atomik alhaali bay.
La résonance magnétique nucléaire (RMN) est une technique spectroscopique utilisée en chimie et en médecine.,Rezonans manyetik nikleyer (RMN) ga ti teknik spektroskopik ka i ga goyandi shimi da medesin ra.
L'imagerie par résonance magnétique (IRM) est une application médicale de la RMN.,Imajeri par rezonans manyetik (IRM) ga ti RMN aplikasyon medikal.
La tomographie par émission de positons (TEP) est une technique d'imagerie médicale fonctionnelle.,Tomografi par emisyon de poziton (TEP) ga ti teknik imajeri medikal fonksyonel.
La radioastronomie étudie les ondes radio émises par les objets célestes.,Radioastronomi ga ond radyo ka beero almaney ga naŋ dondon.
Les pulsars sont des étoiles à neutrons en rotation rapide qui émettent des faisceaux de rayonnement.,Pülsar ga ti handu bonji nötron ka ga windi da waasu ka ga feso rayonneman naŋ.
Les quasars sont des noyaux galactiques actifs extrêmement lumineux.,Kwazar ga ti nwayo galaktik aktif ka ga kaaray gumo.
Le fond diffus cosmologique est un rayonnement fossile du Big Bang.,Fon difü kosmolojik ga ti rayonneman fosil Big Bang wane.
L'étude des neutrinos fournit des informations sur les processus nucléaires dans le soleil et les supernovas.,Nötrino dondonyaŋ ga information no proses nikleyer wayna da sipernova ra boŋ.
Les détecteurs de neutrinos sont souvent situés profondément sous terre pour les protéger des rayons cosmiques.,"Detektör de nötrino, i g'i daŋ laabu cire gumo waati boobo zama i m'i gaay da reyon kosmik."
La science des données agricoles aide à améliorer les pratiques agricoles.,Syans de donnée agrikol ga faaba ka fari teyan alhaali taysandi.
Les capteurs de sol mesurent l'humidité et les nutriments.,Kaptör de sol ga nyun da nitriman lasaabu.
L'imagerie satellitaire est utilisée pour surveiller la santé des cultures.,"Imajeri sateliter, i g'a goyandi zama i ma fari lafiya guna."
Les systèmes d'information géographique (SIG) analysent les données spatiales.,Sistem d'enformasyon jeografik (SIG) ga donnée espasyal analyse te.
La modélisation des cultures prédit les rendements en fonction des conditions météorologiques et des pratiques de gestion.,Modelizasyon de kültür ga albarka bay jina haw alhaali da jestyon alhaali boŋ.
L'édition du génome des cultures peut améliorer leur résistance aux maladies et leur valeur nutritive.,Edisyon di jenom de kültür ga hin ka ngey cuta gaayumi da ngey nafa ŋwaari ra taysandi.
L'agriculture biologique évite l'utilisation de pesticides et d'engrais synthétiques.,Agrikültür biyolojik ga pestisid da angre sentetik goyandi gaay.
La lutte intégrée contre les ravageurs combine différentes méthodes pour contrôler les nuisibles.,Lüt entegre kontr le ravajör ga metod dumi boobo margu zama a ma alman laalo daabu.
La conservation des sols prévient l'érosion et maintient la fertilité.,"Konservasyon de sol ga erozyon gaay, a ga laabu albarka gaay."
L'agroforesterie intègre les arbres dans les systèmes agricoles.,Agroforesteri ga tuuri daŋ sistem agrikol ra.
"La sécurité alimentaire signifie que toutes les personnes ont accès à une nourriture suffisante, sûre et nutritive.","Sekirite alimenter ga konno ka boro kul gonda ŋwaari ka to, ka lafiya, ka gonda nafa."
La malnutrition est un problème majeur dans de nombreuses régions du monde.,Malnitrisyon ga ti problem beeri ndunnya nangu boobo ra.
Les carences en micronutriments affectent la santé et le développement.,Mikronitriman kaynayaŋ ga lafiya da beeriyaŋ di.
L'enrichissement des aliments ajoute des vitamines et des minéraux essentiels.,Anrishisman de aliman ga vitamin da mineral esansiyel tonton.
La science de l'alimentation étudie la composition chimique et physique des aliments.,Syans de l'alimentasyon ga ŋwaarey konpozisyon shimik da fizik dondon.
La technologie alimentaire développe de nouvelles méthodes de transformation et de conservation des aliments.,Teknoloji alimenter ga metod taji te ŋwaarey barmay da i gaayumi se.
La pasteurisation tue les micro-organismes nocifs dans les liquides comme le lait.,Pastörizasyon ga mikro-organism laalo wi hari ka ga nyun sanda waa ra.
La fermentation est un processus utilisé pour produire des aliments comme le yaourt et le pain.,Fermantasyon ga ti proses ka i ga goyandi zama i ma ŋwaari te sanda yogurt da buru.
Les additifs alimentaires sont des substances ajoutées aux aliments pour diverses raisons.,Aditif alimenter ga ti hay ka i ga tonton ŋwaarey gaa sabbay boobo se.
L'emballage alimentaire protège les aliments et prolonge leur durée de conservation.,"Anbalaj alimenter ga ŋwaarey gaay, a g'i gayyaŋ kuukandi."
La traçabilité alimentaire permet de suivre les aliments de la ferme à la table.,Trasabilite alimenter ga naŋ boro ma ŋwaarey gana fari gaa hala taabal gaa.
Les allergies alimentaires sont des réactions immunitaires à certains aliments.,Alerji alimenter ga ti reaksyon iminiter ŋwaari fooyaŋ se.
Les intolérances alimentaires sont différentes des allergies et impliquent généralement le système digestif.,"Entolerans alimenter ga barmay da alerji, i ga sistem dijestif di waati boobo."
La nutrigénomique étudie l'interaction entre les nutriments et les gènes.,Nitrijenomik ga interaksyon nitriman da jen game dondon.
Un régime alimentaire sain et équilibré est crucial pour prévenir les maladies chroniques.,Rejim alimenter ka lafiya ka daŋante ga tilas gumo zama cutey kronik ma gaay.
L'obésité est un facteur de risque pour de nombreuses maladies.,Obezite ga ti risk faktör cuta boobo se.
L'indice de masse corporelle (IMC) est utilisé pour évaluer le poids par rapport à la taille.,"Endis de mas korporel (IMC), i g'a goyandi zama i ma tiŋay lasaabu kuukuri boŋ."
La science du sport étudie les effets de l'exercice sur le corps humain.,Syans di spor ga egzersis goy boro gaaham boŋ dondon.
La physiologie de l'exercice examine les adaptations du corps à l'effort physique.,Fizyoloji de l'egzersis ga gaaham adaptasyon goy fiziki se guna.
La biomécanique analyse les mouvements du corps.,Biyomekanik ga gaaham diraw analyse te.
La psychologie du sport se concentre sur les aspects mentaux de la performance.,Psikoloji di spor ga laakal daŋ performans alhaali mental boŋ.
La nutrition sportive optimise l'alimentation pour la performance et la récupération.,Nitrisyon sportiv ga ŋwaari taysandi performans da fondi se.
Le dopage est l'utilisation de substances interdites pour améliorer la performance.,Dopaj ga ti hay ka i gaay goyandi zama performans ma taysandi.
Les tests antidopage visent à garantir une compétition équitable.,Test antidopaj muraado ga ti ka konpetisyon adili tabatandi.
La technologie des équipements sportifs améliore la performance et la sécurité.,Teknoloji de ekipman sportiv ga performans da lafiya taysandi.
L'analyse vidéo est utilisée pour étudier la technique des athlètes.,"Analiz video, i g'a goyandi zama i ma atlet teknik dondon."
La science forensique applique les principes scientifiques aux enquêtes criminelles.,Syans forensik ga prensip syantifik daŋ anket kriminel boŋ.
L'analyse des empreintes digitales est une technique d'identification.,Analiz de anprent dijital ga ti teknik identifikasiyon.
L'analyse ADN est utilisée pour identifier les individus et établir des liens.,"Analiz ADN, i g'a goyandi zama i ma borey bay, i ma alakaw daŋ."
La balistique étudie le mouvement des projectiles.,Balistik ga projoktil diraw dondon.
La toxicologie forensique analyse la présence de drogues et de poisons.,Toksikoloji forensik ga drog da tuuri laalo goro analyse te.
L'anthropologie forensique examine les restes humains.,Antropoloji forensik ga boro banda guna.
L'odontologie forensique utilise les données dentaires pour l'identification.,Odontoloji forensik ga donnée hinje goyandi identifikasiyon se.
L'entomologie forensique étudie les insectes trouvés sur les lieux d'un crime.,Antomoloji forensik ga kurey ka i du krim nangu ra dondon.
La cybercriminalité implique des activités criminelles utilisant des ordinateurs et internet.,"Sayberkriminalite ra, goy kriminel ka ga ordinatör da internet goyandi go no."
L'informatique forensique récupère et analyse les données numériques des appareils électroniques.,Enformatik forensik ga donnée nimérik du k'i analyse te apare elektronik gaa.
La cryptanalyse est l'étude du déchiffrement des codes.,Kriptanaliz ga ti kod feeriyaŋ dondonyaŋ.
La stéganographie dissimule des informations dans d'autres fichiers.,Steganografi ga information tugu fisye fooyaŋ ra.
La science actuarielle utilise des statistiques pour évaluer les risques dans le secteur de l'assurance et de la finance.,Syans aktüariyel ga statistik goyandi zama a ma risk lasaabu asirans da finans sektör ra.
La modélisation des risques financiers aide les institutions à gérer leur exposition aux pertes.,Modelizasyon de risk finansiye ga enstitüsyon faaba i ma ngey patiyan gunaa daabu.
L'ingénierie financière développe des instruments et des stratégies financières complexes.,Enjeniyeri finansiyer ga enstrüman da strateji finansiye sandi te.
Les produits dérivés sont des contrats financiers dont la valeur dépend d'un actif sous-jacent.,Prodi derive ga ti kontra finansiye ka ngey alhorma ga kay aktif fo ka go cire boŋ.
L'arbitrage exploite les petites différences de prix sur différents marchés.,Arbitraj ga sanda barmay kayna kaasu ra goyandi.
La diversification du portefeuille réduit le risque en investissant dans une variété d'actifs.,Diversifikasyon di portföy ga risk kaynandi envestisman do aktif dumi boobo ra.
L'analyse technique étudie les graphiques de prix historiques pour prédire les mouvements futurs.,Analiz teknik ga grafik sanda zamaney wane dondon zama a ma dira ka ga te suba bay jina.
L'analyse fondamentale évalue la valeur intrinsèque d'un actif en examinant les facteurs économiques et financiers.,Analiz fondamental ga aktif fo alhorma cimi lasaabu faktör ekonomik da finansiye gunaa do.
"La psychologie cognitive étudie les processus mentaux tels que la perception, la mémoire et le raisonnement.","Psikoloji kognitiv ga proses mental dondon sanda gunaa, fonguyaŋ da lasaabu teyan."
Les neurosciences étudient le système nerveux et le cerveau.,Nörosyans ga sistem nerve da boŋ laakalo dondon.
"L'imagerie cérébrale, comme l'IRMf, permet de visualiser l'activité cérébrale.","Imajeri serebral, sanda IRMf, ga naŋ boro ma boŋ laakalo goy di."
L'électroencéphalographie (EEG) mesure l'activité électrique du cerveau.,Elektroansefalografi (EEG) ga boŋ laakalo aktivite elektrik lasaabu.
La plasticité cérébrale est la capacité du cerveau à se modifier et à s'adapter.,Plastisite serebral ga ti boŋ laakalo hinne ka a ma nga boŋ barmay k'a daŋandi.
Les neurotransmetteurs sont des substances chimiques qui transmettent les signaux entre les neurones.,Nörotransmetör ga ti hay shimik ka ga signaaley konda nöron game.
La mémoire à court terme retient l'information pendant une brève période.,Memwar a kur term ga information gaay waati kayna se.
La mémoire à long terme stocke l'information de manière plus permanente.,Memwar a lon term ga information margu mate ka ga gay ka bisa.
L'apprentissage est le processus d'acquisition de nouvelles connaissances ou compétences.,Aprantisaj ga ti bayray wala hinne taji duuyan proses.
La résolution de problèmes implique d'identifier et de surmonter les obstacles pour atteindre un objectif.,"Rezolüsyon de problem ra, boro ga hasara bay k'i bisa zama a ma muraadu fo to."
La prise de décision est le processus de choix entre plusieurs options.,Priz de desizyon ga ti suubuyan proses opsyon boobo game.
Les biais cognitifs sont des erreurs systématiques de pensée qui peuvent affecter le jugement.,Biye kognitif ga ti miila firfiri sistematik ka ga hin ka lasaabu di.
"L'intelligence est la capacité d'apprendre, de raisonner et de résoudre des problèmes.","Entelijans ga ti hinne ka boro ma dondon, a ma lasaabu te, a ma problem fondey cebe."
La créativité est la capacité de générer des idées nouvelles et originales.,Kreyativite ga ti hinne ka boro ma miila taji da orijinal te.
La linguistique computationnelle applique des méthodes informatiques à l'étude du langage.,Lengwistik konpitasyonel ga metod enformatik daŋ sanni dondonyaŋ boŋ.
La traduction automatique utilise des algorithmes pour traduire du texte d'une langue à une autre.,Tradüksyon otomatik ga algoritm goyandi zama a ma tira barmay sanni fo gaa ka koy afa gaa.
L'analyse de sentiment détermine l'opinion ou l'émotion exprimée dans un texte.,Analiz de santiman ga miila wala bine alhaali ka i cabe tira fo ra bay.
La reconnaissance des formes est un domaine de l'IA qui identifie des motifs dans les données.,Rekonesans de form ga ti IA nangu fo ka ga model bay donnée ra.
"La science des matériaux étudie la relation entre la structure, les propriétés et les performances des matériaux.","Syans de materiyo ga alakaw dondon materiyo alhaali, i kaanoyaŋ da i goy game."
Les métamatériaux sont des matériaux artificiels conçus pour avoir des propriétés inhabituelles.,Metamateriyo ga ti materiyo artifisyel ka i plan te zama i ma gonda alhaali ka si adadi.
Les matériaux auto-réparants peuvent réparer les dommages de manière autonome.,Materiyo oto-reparan ga hin ka laala hanse ngey boŋ.
Les biomatériaux sont utilisés dans les applications médicales en contact avec les tissus vivants.,"Biyomateriyo, i g'i goyandi aplikasyon medikal ra ka ga di tisu fundikooniyaŋ."
L'ingénierie biomédicale applique les principes de l'ingénierie à la médecine et à la biologie.,Enjeniyeri biyomedikal ga prensip enjeniyeri daŋ medesin da biyoloji boŋ.
Les prothèses remplacent des parties du corps manquantes.,Protez ga gaaham koso ka si no barmay.
Les implants sont des dispositifs médicaux placés à l'intérieur du corps.,Enplan ga ti dispozitif mediko ka i ga daŋ gaaham cire.
L'imagerie médicale fournit des images de l'intérieur du corps à des fins de diagnostic.,Imajeri medikal ga gaaham cire foto no diyagnostik se.
"Les rayons X, l'échographie, l'IRM et la TEP sont des techniques d'imagerie courantes.","Reyon X, ekografi, IRM da TEP ga ti teknik imajeri ka i ga baa ka te."
La radiothérapie utilise des rayonnements pour traiter le cancer.,Radioterapi ga rayonneman goyandi zama a ma kanser yayandi.
La chimiothérapie utilise des médicaments pour traiter le cancer.,Shimioterapi ga yaaji goyandi zama a ma kanser yayandi.
L'immunothérapie stimule le système immunitaire pour combattre le cancer.,Iminoterapi ga sistem iminiter tunandi zama a ma kanser wongu.
La médecine de précision adapte le traitement médical aux caractéristiques individuelles du patient.,Medesin de presizyon ga yayandi medikal daŋandi jantukwa alhaali folokantey se.
La pharmacogénomique étudie comment les gènes affectent la réponse d'une personne aux médicaments.,Farmakojenomik ga dondon mate ka jen ga boro fo yaaji yadda di.
La recherche translationnelle vise à traduire les découvertes scientifiques en applications cliniques.,Reshersh translasyonel muraado ga ti ka science bayyaŋ barmay ka te aplikasyon klinik.
La santé mondiale se concentre sur les problèmes de santé qui transcendent les frontières nationales.,Sante mondiyal ga laakal daŋ lafiya problemey ka ga laabu kange bisa boŋ.
Les maladies tropicales négligées affectent de manière disproportionnée les populations pauvres.,Maladi tropikal nejlije ga talkey di ka bisa waati boobo.
La recherche sur les vaccins est essentielle pour prévenir les maladies infectieuses.,Reshersh vaksen boŋ ga tilas zama cutey enfeksiyöz ma gaay.
La résistance aux antimicrobiens est une menace croissante pour la santé mondiale.,Rezistans o antimikrobiyen ga ti kankami ka ga beeri sante mondiyal se.
"L'approche ""Une seule santé"" (One Health) reconnaît l'interconnexion de la santé humaine, animale et environnementale.","Aprosh ""Une seule santé"" (One Health) ga boro, alman da environnemaŋ lafiya care hawyaŋ bay."
La science du comportement applique les principes scientifiques pour comprendre et modifier le comportement humain.,Syans di konporteman ga prensip syantifik daŋ zama a ma boro alhaali faham k'a barmay.
Les incitations peuvent être utilisées pour encourager des comportements souhaitables.,"Ensitasoyon, i g'i goyandi zama i ma alhaali ka i ga baa taysandi."
L'architecture des choix (Nudge) influence les décisions sans restreindre les options.,Arshitektur de shwa (Nudge) ga anniyey di ka si opsyon daabu.
L'économie comportementale combine des éléments de l'économie et de la psychologie.,Ekonomi konportemantal ga ekonomi da psikoloji hayey margu.
La théorie des perspectives décrit comment les gens prennent des décisions dans des situations d'incertitude.,Teyori de perspektiv ga cabe mate ka borey ga anniya te nangu ka sinda cimi ra.
L'aversion aux pertes signifie que les gens ressentent plus fortement la douleur d'une perte que le plaisir d'un gain équivalent.,Aversyon o pert ga konno ka borey ga patiyan doori guna ka bisa hinne ka saba kaani.
Le statu quo biais est la préférence pour maintenir la situation actuelle.,Statu kwo biye ga ti alhaali ka go sohon gaayumi baakasina.
La science de la décision étudie comment les décisions sont prises et comment les améliorer.,"Syans de la desizyon ga dondon mate ka anniyey ga te, da mate ka i g'i taysandi."
Les arbres de décision sont des outils graphiques pour visualiser les options et les résultats possibles.,Arbr de desizyon ga ti jinay grafik ka i ga daŋ zama i ma opsyon da albarka ka hin ka te di.
L'analyse multicritères évalue les options en fonction de plusieurs critères.,Analiz miltikriter ga opsyon lasaabu kriter boobo boŋ.
La théorie de l'utilité attendue est un modèle de prise de décision rationnelle sous incertitude.,Teyori de l'itilite atandi ga ti model anniya teyan rasyonel ka sinda cimi ra.
La recherche sur le bonheur (ou bien-être subjectif) étudie les facteurs qui contribuent à une vie satisfaisante.,Reshersh kaani bina boŋ (wala byen-etr sibjektif) ga faktör ka ga faaba fundi kaani se dondon.
Les interventions basées sur la pleine conscience peuvent réduire le stress et améliorer le bien-être.,"Intervensyon ka ga kay plen konsyans boŋ ga hin ka stres kaynandi, i ma byen-etr taysandi."
La psychologie positive se concentre sur les forces et les vertus humaines.,Psikoloji pozitiv ga laakal daŋ boro gaabey da tabi'a kaaney boŋ.
La résilience psychologique est la capacité de s'adapter positivement à l'adversité.,Rezilyans psikolojik ga ti hinne ka boro ma nga boŋ daŋandi kaani hasara se.
La science de la complexité étudie les systèmes composés de nombreuses parties en interaction.,Syans de la konpleksite ga sistem ka koso boobo ka ga interaksyon te g'i te dondon.
"Les systèmes complexes présentent souvent un comportement émergent, difficile à prédire à partir des propriétés des composants individuels.","Sistem konpleks ga alhaali emerjan cabe waati boobo, ka ga sandi ka boro m'a bay jina koso folokantey alhaali gaa."
Les points de basculement sont des seuils critiques au-delà desquels un système change radicalement d'état.,"Pwen de baskilman ga ti kange kritik ka i bisa, sistem fo ga nga alhaali barmay da gaabi."
La théorie du chaos étudie les systèmes dynamiques sensibles aux conditions initiales.,Teyori di kao ga sistem dinamik ka ga kondisyon sintina guna dondon.
L'effet papillon illustre cette sensibilité : un petit changement peut avoir de grandes conséquences.,Efe papiyon ga gunaa wo cabe: barmay kayna fo ga hin ka goy beeri te.
Les fractales sont des motifs géométriques complexes qui se répètent à différentes échelles.,Fraktal ga ti motif jeometrik sandi ka ga te koyne eshel dumi boobo boŋ.
Les automates cellulaires sont des modèles discrets qui évoluent selon des règles simples.,Otomat selüler ga ti model diskre ka ga evolüe fonda farhã boŋ.
Le jeu de la vie de Conway est un exemple célèbre d'automate cellulaire.,Jeu de la vi de Conway ga ti otomat selüler misaalu ka bay.
"La science des systèmes terrestres étudie la Terre comme un système intégré de composants en interaction (atmosphère, océans, glace, terre, vie).","Syans de sistem terestr ga Ndunnya dondon sanda sistem entegre ka koso ka ga interaksyon te g'i te (atmosfer, oseyan, glas, laabu, fundi)."
Les cycles biogéochimiques décrivent le mouvement des éléments chimiques à travers les systèmes terrestres.,Sikl biyojeoshimik ga eleman shimik diraw cabe sistem terestr gaa.
Le cycle du carbone est crucial pour réguler le climat.,Sikl di karbon ga tilas gumo klima daabu se.
Le cycle de l'azote est essentiel pour la croissance des plantes.,Sikl de l'azot ga tilas tuuri beeriyaŋ se.
Les modèles climatiques simulent le système climatique de la Terre pour prédire les changements futurs.,Model klimatik ga Ndunnya sistem klimatik hima zama i ma barmay ka ga te suba bay jina.
Les scénarios d'émissions sont utilisés pour explorer différentes trajectoires futures du changement climatique.,"Senariyo d'emisyon, i g'i goyandi zama i ma klima barmay fonda ka ga te suba dumi boobo guna."
L'adaptation au changement climatique implique de s'ajuster à ses effets actuels et futurs.,"Adaptasyon o shanjman klimatik ra, boro ga nga boŋ daŋandi a goy ka go sohon da ka ga te suba se."
L'atténuation du changement climatique vise à réduire les émissions de gaz à effet de serre.,Ateniasyon di shanjman klimatik muraado ga ti ka gaz a efe de ser emisyon kaynandi.
"Les accords internationaux, comme l'Accord de Paris, fixent des objectifs pour l'action climatique.","Akord enternasyonal, sanda Akord de Pari, ga muraadu daŋ klima goy se."
"La justice climatique souligne les dimensions éthiques et sociales du changement climatique, en particulier ses impacts disproportionnés sur les populations vulnérables.","Jüstis klimatik ga klima barmay alhaali etik da sosyal cabe, sankara a goy ka si saba jama ka larza boŋ."
La science de la durabilité cherche des solutions pour équilibrer les besoins humains avec la capacité de la planète à les soutenir à long terme.,Syans de la dirabilite ga fondey gungun zama a ma boro laamey daŋandi da planet hinne ka a m'i gaay waati kuuku.
L'histoire est l'étude du passé humain.,Taariki ga ti boro zamaney dondonyaŋ.
Les historiens utilisent des sources primaires et secondaires.,Taarikikaw ga funa sintina da funa ihinkanta goyandi.
Une source primaire est un témoignage direct de l'époque.,Funa sintina ga ti seeda cimi waato din wane.
Une source secondaire interprète les sources primaires.,Funa ihinkanta ga funa sintina fahamandi.
La chronologie organise les événements dans le temps.,Kronoloji ga hayey ka te soola waati ra.
La préhistoire est la période avant l'invention de l'écriture.,Prehistuwar ga ti waati ka i mana hantum te jina.
L'âge de pierre est caractérisé par l'utilisation d'outils en pierre.,"Aaj de piyer, tondi jinay goyandiyaŋ no g'a cabe."
L'âge du bronze a vu l'utilisation du bronze pour les outils et les armes.,"Aaj di bronz ra, i na bronz goyandi jinay da wongu jinay se."
"L'âge du fer a suivi, avec des outils en fer plus résistants.","Aaj di fer n'a gana, da guuru jinay ka gaabi ka bisa."
"L'Antiquité commence avec l'écriture et inclut les civilisations égyptienne, grecque et romaine.","Antikite ga sintin da hantumyaŋ, a ra, Ejipsiyan, Girek da Romen siivilizasyon go no."
La Mésopotamie est considérée comme le berceau de la civilisation.,"Mezopotami, i g'a lasaabu sanda siivilizasyon funa."
L'Égypte ancienne a construit les pyramides.,Ejipsi zamaney wano na piramidey cina.
La Grèce antique a développé la démocratie et la philosophie.,Gres antik na demokrasi da filosofi te.
L'Empire romain a dominé une grande partie de l'Europe et de la Méditerranée.,Anpiir Romen na Orop da Mediterane baayaŋ daabu.
Le Moyen Âge s'étend de la chute de l'Empire romain à la Renaissance.,Mwayen Aaj ga fun Anpiir Romen kaŋyaŋ gaa hala Renesans.
Le féodalisme était un système social et politique dominant au Moyen Âge.,Feodalism ga ti sistem sosyal da politik ka bisa Mwayen Aaj ra.
Les croisades étaient des expéditions militaires religieuses.,Krwazad ga ti wongu diraw diina wane.
La Renaissance a marqué un renouveau culturel et artistique en Europe.,Renesans na kultür da art taji te Orop ra.
"L'imprimerie, inventée par Gutenberg, a révolutionné la diffusion des connaissances.","Enprimeri, ka Gutenberg n'a te, na bayray fayfayyaŋ barmay da gaabi."
Les grandes découvertes ont conduit à l'exploration de nouveaux continents.,Bayyaŋ beerey na konda laabu taji gunaa gaa.
L'époque moderne a vu l'essor des États-nations et des empires coloniaux.,"Epok modern ra, Eta-nasyon da anpiir kolonyal na tun."
La Révolution française a eu un impact majeur sur l'histoire européenne.,Revolüsyon Franse na goy beeri te Orop taariki boŋ.
La Révolution industrielle a transformé la production et la société.,Revolüsyon Endistriyel na prodüksyon da margu barmay.
Le XIXe siècle a été marqué par le nationalisme et l'impérialisme.,"XIXe siyecl, nasyonalism da enperiyalism no g'a cabe."
La Première Guerre mondiale (1914-1918) a été un conflit dévastateur.,Wongu Mondiyal Sintina (1914-1918) ga ti wongu ka halaci gumo.
La Seconde Guerre mondiale (1939-1945) a impliqué de nombreux pays.,"Wongu Mondiyal Ihinkanta (1939-1945) ra, laabu boobo na koto."
L'Holocauste a été le génocide des Juifs par les nazis.,Olokost ga ti Yahudancey wi ka nazi te.
La Guerre froide a opposé les États-Unis et l'Union soviétique.,Wongu Sumay na Etazini da Inyon Sovyetik fay.
La décolonisation a conduit à l'indépendance de nombreux pays.,Dekolonizasyon na konda laabu boobo burcinitaray gaa.
La mondialisation a accru l'interconnexion des pays.,Mondiyalizasyon na laabey care hawyaŋ tonton.
Le XXIe siècle est confronté à des défis tels que le changement climatique et le terrorisme.,XXIe siyecl ga hasara guna sanda klima barmay da terorism.
L'archéologie étudie les vestiges matériels des sociétés passées.,Arkeoloji ga zamaney margu hay kaŋ i naŋ banda dondon.
Les fouilles archéologiques mettent au jour des artefacts et des structures.,Fuy arkeolojik ga artefak da cinari cabe.
La datation au radiocarbone aide à déterminer l'âge des matériaux organiques.,Datasyon o radiokarbon ga faaba ka materiyo organik jiiri bay.
La dendrochronologie date les événements en analysant les cernes des arbres.,Dandrokronoloji ga hayey ka te date tuuri windi gunaa do.
L'épigraphie étudie les inscriptions anciennes.,Epigrafi ga hantum zamaney wane dondon.
La numismatique étudie les pièces de monnaie.,Nimismatik ga nooru tondi dondon.
La paléographie étudie les écritures anciennes.,Paleografi ga hantum zamaney wane dondon.
L'historiographie est l'étude de la manière dont l'histoire est écrite.,Istoriyografi ga ti mate ka i ga taariki hantum dondonyaŋ.
Différentes écoles de pensée historique offrent des interprétations variées du passé.,Miila taariki dumi boobo ga zamaney fahamandi dumi boobo no.
L'histoire orale recueille les témoignages des personnes ayant vécu des événements.,Taariki ka i ga ci ga borey ka hayey te seeda margu.
La microhistoire se concentre sur des événements ou des individus spécifiques.,Mikrohistuwar ga laakal daŋ hay wala boro folokantey boŋ.
L'histoire globale examine les connexions et les interactions à l'échelle mondiale.,Taariki global ga marguyaŋ da interaksyon ndunnya kul lasaabu boŋ guna.
La philosophie est la recherche de la sagesse et de la connaissance.,Filosofi ga ti laakari da bayray gunguna.
La métaphysique explore la nature fondamentale de la réalité.,Metafizik ga cimi alhaali asasi guna.
L'épistémologie étudie la nature et les limites de la connaissance.,Epistemoloji ga bayray alhaali da a kange dondon.
L'éthique examine les principes moraux et les valeurs.,Etik ga prensip moral da alhorma guna.
La logique étudie les principes du raisonnement valide.,Lojik ga lasaabu cimi prensipey dondon.
L'esthétique explore la nature de la beauté et de l'art.,Estetik ga kaanoyaŋ da art alhaali guna.
"La philosophie politique examine les questions relatives au gouvernement, à la justice et aux droits.","Filosofi politik ga hãlli ka hima gobernemant, adilitaray da alhakku guna."
Socrate était un philosophe grec influent.,Sokrat ga ti filosof Girek ka gonda alhorma.
Platon était l'élève de Socrate et a fondé l'Académie.,"Platon ga ti Sokrat almajiri, a na Akademi te."
"Aristote, élève de Platon, a apporté des contributions majeures à de nombreux domaines.","Aristot, Platon almajiri, na faaba beeri te nangu boobo ra."
"René Descartes est célèbre pour sa phrase ""Je pense, donc je suis"".","Rene Dekart ga bay nga sanni ""Ay ga miila, dem ay go no"" do."
Emmanuel Kant a développé la philosophie critique.,Emanuel Kant na filosofi kritik te.
Friedrich Nietzsche a exploré des concepts tels que la volonté de puissance et l'éternel retour.,Fridrish Nitshe na konsep guna sanda gaabi baakasina da ye ka si ban.
Jean-Paul Sartre était une figure majeure de l'existentialisme.,Jan-Pol Sartr ga ti ekzistansiyalism boro beeri.
"Simone de Beauvoir a écrit ""Le Deuxième Sexe"", un ouvrage fondamental du féminisme.","Simon de Bovwar na ""Le Deuxième Sexe"" hantum, ka ti feminizm tira asasi."
La littérature est l'art d'écrire des œuvres de fiction ou de non-fiction.,Literatir ga ti hantumyan art ka ti miila wala cimi.
La poésie utilise le langage de manière artistique et rythmée.,Powezi ga sanni goyandi mate ka ti art da riitm.
Le roman est une longue narration fictive.,Roman ga ti baaro miila kuuku.
La nouvelle est une narration fictive plus courte que le roman.,Nuvel ga ti baaro miila ka kuuru ka bisa roman.
Le théâtre est écrit pour être joué sur scène.,"Teyatr, i g'a hantum zama i m'a catu sen boŋ."
L'essai est une composition écrite sur un sujet particulier.,Ese ga ti hantum ka i te hay fo boŋ.
La biographie raconte la vie d'une personne.,Biyografi ga boro fo fundi baaro te.
L'autobiographie est le récit de la vie d'une personne par elle-même.,Otobiyografi ga ti boro fo fundi baaro ka a bumbo te.
William Shakespeare était un dramaturge et poète anglais de renom.,Wilyam Shekspir ga ti dramaturj da poet Angile ka bay gumo.
"Homère est l'auteur présumé de ""L'Iliade"" et de ""L'Odyssée"".","Omer no i ga lasaabu ka na ""L'Iliade"" da ""L'Odyssée"" hantum."
Victor Hugo était un écrivain français majeur du XIXe siècle.,Viktor Igo ga ti hantumkwa Franse beeri XIXe siyecl ra.
"Léon Tolstoï a écrit ""Guerre et Paix"" et ""Anna Karénine"".","Leon Tolstoy na ""Guerre et Paix"" da ""Anna Karénine"" hantum."
"Jane Austen est connue pour ses romans comme ""Orgueil et Préjugés"".","Jen Osten ga bay nga romaney do sanda ""Orgueil et Préjugés""."
"Gabriel García Márquez était un écrivain colombien, figure du réalisme magique.","Gabriyel Garsiya Markez ga ti hantumkwa Kolonbiyen, realizm majik boro."
Chinua Achebe est considéré comme le père de la littérature africaine moderne.,"Shinuwa Ashebe, i g'a lasaabu sanda literatir Afiriken modern baaba."
La musique est l'art d'organiser les sons dans le temps.,Mizik ga ti jinde soolayan art waati ra.
La mélodie est une succession de notes musicales.,Melodi ga ti not mizikal ka gana care.
Le rythme est l'organisation des durées et des accents dans la musique.,Riitm ga ti kuukuri da gaabi soolayan mizik ra.
L'harmonie est la combinaison de différentes notes jouées simultanément.,Armoni ga ti not dumi boobo ka i ga fooru waati foloko margu.
Les instruments de musique sont utilisés pour produire des sons.,"Mizik jinay, i g'i goyandi zama i ma jinde te."
"Les instruments à cordes incluent le violon, la guitare et le piano.","Kord jinay ra, viyolon, gitaar da piyano go no."
"Les instruments à vent incluent la flûte, la clarinette et la trompette.","Haw jinay ra, filüt, klarinet da tronpet go no."
"Les instruments à percussion incluent le tambour, les cymbales et le xylophone.","Kar jinay ra, dundu, senbal da zilofon go no."
La musique classique est un genre musical occidental.,Mizik klasik ga ti mizik janr Oksidental.
"Le jazz est né aux États-Unis, influencé par les traditions africaines et européennes.","Jaz na du Etazini, Afiriken da Oropeyen adetey n'a di."
Le rock and roll est un genre populaire apparu dans les années 1950.,Rok an rol ga ti janr ka bay ka fatta ane 1950 ra.
Le hip-hop est un mouvement culturel et musical.,Hip-hop ga ti kultür da mizik diraw.
La musique traditionnelle varie considérablement d'une culture à l'autre.,Mizik adadi ga barmay gumo kultür fo gaa ka koy afa gaa.
Wolfgang Amadeus Mozart était un compositeur autrichien prolifique.,Volfgan Amadeus Mozart ga ti konpozitör Otrishiyen ka goy boobo te.
Ludwig van Beethoven était un compositeur et pianiste allemand.,Ludvig van Betoven ga ti konpozitör da piyanist Alman.
Johann Sebastian Bach était un compositeur allemand de l'époque baroque.,Yohan Sebastiyan Bak ga ti konpozitör Alman epok barok wane.
"Les arts visuels incluent la peinture, la sculpture, le dessin et la photographie.","Art vizüel ra, pentür, skültür, desin da fotografi go no."
La peinture utilise des pigments pour créer des images sur une surface.,Pentür ga pigman goyandi zama a ma foto te nangu fo boŋ.
La sculpture crée des formes tridimensionnelles.,Skültür ga dumi tridimansyonel te.
Le dessin utilise des lignes pour représenter des formes et des objets.,Desin ga ceeri goyandi zama a ma dumi da hayey cabe.
La photographie capture des images à l'aide d'un appareil photo.,Fotografi ga foto di aparey foto do.
L'architecture est l'art et la science de concevoir des bâtiments.,Arshitektur ga ti art da science cinari plan teyan.
Léonard de Vinci était un artiste et inventeur italien de la Renaissance.,Leonar de Vensi ga ti artist da inventör Itariyen Renesans wane.
"Michel-Ange était un sculpteur, peintre et architecte italien.","Mikel-Anj ga ti skültör, pentör da arshitekt Itariyen."
Vincent van Gogh était un peintre postimpressionniste néerlandais.,Vensen van Gog ga ti pentör postenpresyonist Nerlandey.
"Pablo Picasso était un peintre et sculpteur espagnol, cofondateur du cubisme.","Pablo Pikaso ga ti pentör da skültör Espanyol, kibizm sintinkwa fo."
Frida Kahlo était une peintre mexicaine connue pour ses autoportraits.,Frida Kalo ga ti pentör Meksiken ka bay nga otoportrey do.
"Les arts du spectacle incluent le théâtre, la danse et l'opéra.","Art di spektakl ra, teyatr, gambu da opera go no."
La danse est l'art du mouvement corporel expressif.,Gambu ga ti gaaham diraw ka ga hay cabe art.
"L'opéra combine la musique, le chant, le théâtre et parfois la danse.","Opera ga mizik, dooni, teyatr da gambu waati fooyaŋ margu."
Le cinéma est l'art de créer des films.,Sinema ga ti film teyan art.
Les religions sont des systèmes de croyances et de pratiques.,Diina ga ti naanay da goy sistem.
Le christianisme est basé sur la vie et les enseignements de Jésus-Christ.,Kristiyanism ga kay Isa Almasihu fundi da a dondonandiyaŋ boŋ.
L'islam est basé sur les enseignements du prophète Mahomet et du Coran.,Isilam ga kay Annabi Muhammadu dondonandiyaŋ da Alkur'an boŋ.
L'hindouisme est une religion majeure originaire de l'Inde.,Induism ga ti diina beeri ka fun Indu.
Le bouddhisme est basé sur les enseignements de Siddhartha Gautama (le Bouddha).,Budism ga kay Sidarta Gotama (Buda) dondonandiyaŋ boŋ.
Le judaïsme est la religion du peuple juif.,Yahudanci ga ti Yahudancey diina.
L'athéisme est l'absence de croyance en une divinité.,Ateism ga ti Irikoy naanay si teyan.
L'agnosticisme soutient que l'existence de Dieu est inconnaissable.,Agnostisism ga ne Irikoy goro si hin ka bay.
La mythologie est un ensemble de mythes et de légendes d'une culture.,Mitoloji ga ti miit da baaro zamaney margu kultür fo wane.
Les mythes expliquent souvent les origines du monde et les phénomènes naturels.,Miit ga ndunnya sintina da natur fenomen fahamandi waati boobo.
"La mythologie grecque comprend des dieux comme Zeus, Poséidon et Hadès.","Mitoloji Girek ra, irikoy go no sanda Zös, Poseydon da Ades."
La mythologie romaine a adapté de nombreux dieux grecs.,Mitoloji Romen na irikoy Girek boobo daŋandi.
"La mythologie nordique met en scène des dieux comme Odin, Thor et Loki.","Mitoloji Nordik ra, irikoy go no sanda Odin, Tor da Loki."
Les légendes sont des récits traditionnels souvent considérés comme historiques mais non authentifiés.,Lejand ga ti baaro adadi ka i g'i lasaabu sanda taariki amma i si tabatandi.
Le roi Arthur est une figure légendaire de la Grande-Bretagne.,Bonkoon Arthur ga ti boro lejand Grand Bretany wane.
Robin des Bois est un héros légendaire du folklore anglais.,Robin de Bwa ga ti gaso lejand Angile folklor wane.
Les contes de fées sont des histoires pour enfants mettant souvent en scène des créatures magiques.,Kont de fe ga ti zanka baaro ka alman majik go ra waati boobo.
Cendrillon et Blanche-Neige sont des contes de fées populaires.,Sandriyon da Blansh-Nej ga ti kont de fe ka bay.
"Le folklore comprend les traditions, les coutumes et les histoires d'un peuple.","Folklor ra, adetey, alhaali da boro fo baaro go no."
Les proverbes sont de courtes maximes exprimant une vérité générale ou un conseil.,Alkaul ga ti sanni kuuku ka ga cimi kul wala saaware cabe.
"Les énigmes sont des questions ou des déclarations formulées de manière déroutante, nécessitant de l'ingéniosité pour y répondre.","Hãlli ga ti hãlli wala sanni ka i te mate ka ga laakal bareyandi, ka ga laakari laamiya zama i m'i zaabi."
La linguistique est l'étude scientifique du langage.,Lengwistik ga ti sanni dondonyaŋ syantifik.
La phonétique étudie les sons de la parole.,Fonetiki ga sanni jindey dondon.
La phonologie étudie l'organisation des sons dans une langue.,Fonoloji ga jindey soolayan sanni fo ra dondon.
La morphologie étudie la structure des mots.,Morfoloji ga sanney alhaali dondon.
La syntaxe étudie la structure des phrases.,Sentaks ga fraz alhaali dondon.
La sémantique étudie la signification des mots et des phrases.,Semantik ga sanney da frazey konno dondon.
La pragmatique étudie l'utilisation du langage dans son contexte.,Pragmatik ga sanni goyandiyaŋ a nangu ra dondon.
La sociolinguistique étudie la relation entre le langage et la société.,Sosyolengwistik ga alakaw sanni da margu game dondon.
La psycholinguistique étudie les aspects psychologiques du langage.,Psikolengwistik ga sanni alhaali psikolojik dondon.
L'acquisition du langage est le processus par lequel les enfants apprennent à parler.,Sanni duuyan ga ti proses ka zankey ga dondon ka i ma sanni te d'a.
Les troubles du langage affectent la capacité à communiquer.,Sanni laala ga hinne ka boro ma sanni te di.
Le bilinguisme est la capacité de parler deux langues.,Bilingwism ga ti hinne ka boro ma sanni ihinka te.
Le multilinguisme est la capacité de parler plusieurs langues.,Miltilingwism ga ti hinne ka boro ma sanni boobo te.
Les langues mortes ne sont plus parlées comme langue maternelle.,"Sanni ka bu, i si i te koyne sanda nya sanni."
Le latin et le sanskrit sont des exemples de langues mortes.,Latin da Sanskri ga ti sanni ka bu misaaley.
L'espéranto est une langue construite internationale.,Esperanto ga ti sanni ka i te enternasyonal.
La traduction est le processus de transfert du sens d'une langue à une autre.,Tradüksyon ga ti konno kondayan proses sanni fo gaa ka koy afa gaa.
L'interprétation est la traduction orale simultanée ou consécutive.,Enterpretasyon ga ti tradüksyon ka i ga ci waati foloko wala a banda.
La politique est l'ensemble des activités associées à la gouvernance d'un pays ou d'une région.,Politik ga ti goy kul ka hima laabu wala nangu fo daabu.
Le gouvernement est l'organe qui exerce le pouvoir politique.,Gobernemant no ga ti organ ka ga gaabi politik te.
La démocratie est un système où le pouvoir est détenu par le peuple.,Demokrasi ga ti sistem ka gaabi go jama kambey ra.
La monarchie est un système où le pouvoir est détenu par un monarque (roi ou reine).,Monarshi ga ti sistem ka gaabi go monark (bonkoon wala bonkoon wande) kambey ra.
L'autocratie est un système où le pouvoir est détenu par une seule personne.,Otokrasi ga ti sistem ka gaabi go boro foloko kambey ra.
L'oligarchie est un système où le pouvoir est détenu par un petit groupe de personnes.,Oligarshi ga ti sistem ka gaabi go boro kayna margu kambey ra.
Une constitution est un ensemble de lois fondamentales qui régissent un État.,Konstitüsyon ga ti fonda asasey margu ka ga Eta daabu.
Le pouvoir législatif fait les lois.,Gaabi lejislatif no ga fonda te.
Le pouvoir exécutif applique les lois.,Gaabi ekzekitif no ga fonda daŋ goy ra.
Le pouvoir judiciaire interprète les lois et administre la justice.,"Gaabi jidisiyer no ga fonda fahamandi, a ga adilitaray te."
Les élections permettent aux citoyens de choisir leurs représentants.,Eleksyon ga naŋ sitwayen ma ngey borey suuba.
Les partis politiques sont des organisations qui cherchent à influencer la politique gouvernementale.,Parti politik ga ti organizasyon ka ga ceeci ka gobernemant politik di.
L'idéologie est un ensemble d'idées et de croyances qui façonnent la vision du monde d'une personne ou d'un groupe.,Ideoloji ga ti miila da naanay margu ka ga boro wala margu fo ndunnya guna te.
Le libéralisme met l'accent sur les libertés individuelles et les droits.,Liberalism ga laakal daŋ boro burcinitaray da alhakku boŋ.
Le conservatisme tend à préserver les institutions et les traditions existantes.,Konservatism ga baa ka enstitüsyon da adetey ka go sohon gaay.
Le socialisme prône la propriété sociale ou collective des moyens de production.,Sosyalism ga prodüksyon jinay margu wala jama wane baakasina.
Le communisme vise une société sans classes et sans État.,Kominism muraado ga ti margu ka sinda klas da Eta.
Le nationalisme met l'accent sur l'identité et les intérêts nationaux.,Nasyonalism ga laakal daŋ nasyon alhaali da a laamey boŋ.
Les relations internationales concernent les interactions entre les États.,Relasyon enternasyonal ga Eta care interaksyon hima.
La diplomatie est la conduite des négociations entre les représentants des États.,Diplomasi ga ti negosiyasyon teyan Eta borey game.
Un traité est un accord formel entre États.,Trete ga ti akord formel Eta game.
"Une organisation internationale, comme l'ONU, facilite la coopération entre les pays.","Organizasyon enternasyonal, sanda ONU, ga laabey care margu farhandi."
La guerre est un conflit armé entre États ou groupes.,Wongu ga ti wongu da jinay Eta wala margu game.
La paix est l'absence de guerre et de conflit violent.,Lafiya ga ti wongu da wongu da gaabi si teyan.
Les droits de l'homme sont des droits fondamentaux inhérents à tous les êtres humains.,Boro alhakku ga ti alhakku asasey ka hima boro kul.
La Déclaration universelle des droits de l'homme a été adoptée par l'ONU en 1948.,"Deklarasyon Üniversel de Drwa de l'Om, ONU n'a yadda 1948 ra."
"La géographie est l'étude de la surface de la Terre, de ses habitants et de ses phénomènes.","Jeografi ga ti Ndunnya boŋ, a borey da a fenomeney dondonyaŋ."
La géographie physique étudie les caractéristiques naturelles de la Terre.,Jeografi fizik ga Ndunnya alhaali naturelley dondon.
La géographie humaine étudie la répartition et les activités des populations humaines.,Jeografi imen ga boro jama fayfayyaŋ da i goyey dondon.
Une carte est une représentation graphique d'une zone géographique.,Kart ga ti nangu jeografik fo cabe grafik ra.
L'échelle d'une carte indique le rapport entre les distances sur la carte et les distances réelles.,Eshel kart fo wane ga alakaw cabe mooru kart boŋ da mooru cimi game.
La latitude mesure la distance au nord ou au sud de l'équateur.,Latitid ga mooru lasaabu ekwater nord wala sud haray.
La longitude mesure la distance à l'est ou à l'ouest du méridien de Greenwich.,Lonjitid ga mooru lasaabu meridyen de Grinwish est wala west haray.
Un continent est une grande masse terrestre.,Kontinan ga ti laabu beeri.
Un océan est une vaste étendue d'eau salée.,Oseyan ga ti hari ciiri beeri.
Une montagne est un relief élevé.,Tondi ga ti nangu ka ziji.
Une rivière est un cours d'eau naturel.,Isa ga ti hari zuru naturel.
Un lac est une étendue d'eau douce entourée de terres.,Teeko ga ti hari ka si ciiri ka laabu windi.
Un désert est une région aride avec peu de précipitations.,Dezer ga ti nangu koogu ka gonda hari kayna.
Une forêt est une zone densément peuplée d'arbres.,Saaji beero ga ti nangu ka tuuri boobo g'a toonandi.
Le climat est l'ensemble des conditions météorologiques moyennes d'une région sur une longue période.,Klima ga ti haw alhaali mwayen nangu fo wane waati kuuku boŋ.
La population est le nombre d'habitants d'une région.,Popülasyon ga ti nangu fo borey lasaabu.
La densité de population est le nombre d'habitants par unité de surface.,Dansite de popülasyon ga ti borey lasaabu nangu lasaabu fo boŋ.
L'urbanisation est la croissance des villes.,Urbanizasyon ga ti birni beeriyaŋ.
La migration est le déplacement de personnes d'un lieu à un autre.,Migrasyon ga ti borey diraw nangu fo gaa ka koy afa gaa.
Les ressources naturelles sont des matériaux trouvés dans la nature qui sont utiles à l'homme.,Resurs naturel ga ti hay ka i ga du natuur ra ka gonda nafa boro se.
L'agriculture est la culture des plantes et l'élevage des animaux.,Agrikültür ga ti tuuri tayyan da alman beeriyaŋ.
L'industrie transforme les matières premières en produits finis.,Endustri ga materiyel sintina barmay ka te hay ka timme.
Le commerce est l'achat et la vente de biens et de services.,Kommers ga ti hayey da servis dayyan da i neera.
Le transport est le mouvement des personnes et des marchandises.,Transport ga ti borey da alman diraw.
L'environnement est l'ensemble des conditions naturelles qui entourent les organismes vivants.,Environnemaŋ ga ti alhaali naturel kul ka ga alman fundikooniyaŋ windi.
La pollution est la contamination de l'environnement.,Polüsyon ga ti environnemaŋ laala.
La conservation vise à protéger et à gérer durablement les ressources naturelles.,Konservasyon muraado ga ti ka resurs naturel gaay k'i daabu mate ka ga gay.
Le développement durable répond aux besoins du présent sans compromettre la capacité des générations futures à répondre aux leurs.,Developpeman dirab ga hunkuna laamey to ka si suba izey hinne ka i ma ngey wane to laala.
La cartographie est la science et l'art de créer des cartes.,Kartografi ga ti science da art kart teyan.
Les systèmes d'information géographique (SIG) sont des outils informatiques pour analyser les données géographiques.,Sistem d'enformasyon jeografik (SIG) ga ti jinay enformatik ka i ga daŋ zama i ma donnée jeografik analyse te.
La télédétection utilise des capteurs (souvent sur des satellites) pour collecter des informations sur la surface de la Terre.,Teledeteksyon ga kaptör (waati boobo satelit boŋ) goyandi zama a ma information margu Ndunnya boŋ.
La géopolitique étudie l'influence de la géographie sur la politique internationale.,Jeopolitik ga jeografi goy politik enternasyonal boŋ dondon.
Les frontières sont des lignes qui séparent les États ou les régions.,Kange ga ti ceeri ka ga Eta wala nangu fay.
Les ressources en eau sont essentielles à la vie et au développement.,Resurs hari wane ga tilas fundi da beeriyaŋ se.
La désertification est la dégradation des terres dans les zones arides et semi-arides.,Dezertifikasyon ga ti laabu laala nangu koogu da semi-arid ra.
"Les catastrophes naturelles, comme les tremblements de terre et les inondations, peuvent avoir des impacts dévastateurs.","Katastrof naturel, sanda laabu zinji da hari beeri, ga hin ka goy ka halaci gumo te."
La gestion des risques de catastrophe vise à réduire la vulnérabilité aux catastrophes.,Jeston de risk de katastrof muraado ga ti ka larzantarey katastrof se kaynandi.
"L'anthropologie est l'étude de l'humanité, de ses origines à ses sociétés contemporaines.","Antropoloji ga ti boro dondonyaŋ, a sintina gaa hala a margu ka go sohon."
L'anthropologie physique (ou biologique) étudie l'évolution humaine et la diversité biologique.,Antropoloji fizik (wala biyolojik) ga boro evolüsyon da diversite biyolojik dondon.
L'anthropologie culturelle étudie les cultures et les sociétés humaines.,Antropoloji kültürel ga kultür da boro margu dondon.
"L'ethnographie est la description détaillée d'une culture particulière, basée sur le travail de terrain.","Etnografi ga ti kultür folokante cabe da fahamandi, ka ga kay goy nangu ra boŋ."
La parenté est un système de relations sociales basées sur la naissance et le mariage.,Bandatara ga ti alakaw sosyal sistem ka ga kay duuyan da hiijay boŋ.
Le mariage est une union socialement reconnue entre individus.,Hiijay ga ti margu ka margu ga yadda borey game.
La famille est un groupe social fondamental.,Almayaaley ga ti margu sosyal asasi.
"La culture comprend les croyances, les valeurs, les coutumes, l'art et les institutions d'une société.","Kültür ra, naanay, alhorma, adetey, art da enstitüsyon margu fo wane go no."
Le relativisme culturel soutient que les cultures doivent être comprises selon leurs propres termes.,Relativism kültürel ga ne kultür ga hima i m'i faham ngey boŋ sanni boŋ.
L'ethnocentrisme est le fait de juger d'autres cultures selon les normes de sa propre culture.,Etnosantrism ga ti kultür waaney cee boro nga kultür fonda boŋ.
"Le rituel est une série d'actions effectuées selon un ordre prescrit, souvent à des fins religieuses ou cérémonielles.","Ritüel ga ti goy margu ka i ga te lordi ka i daŋ boŋ, waati boobo diina wala seremoni se."
La magie est la croyance en la capacité d'influencer les événements par des moyens surnaturels.,Maji ga ti naanay ka boro ga hin ka hayey di mate ka si adadi do.
La sorcellerie implique l'utilisation présumée de pouvoirs magiques pour nuire à autrui.,Suba ga ti gaabi majik ka i ga lasaabu ka i ga goyandi zama i ma boro laala.
Le chamanisme est une pratique religieuse impliquant un intermédiaire (chaman) entre le monde des esprits et le monde des vivants.,Shamanism ga ti diina goy ka boro fo (shaman) go ra biya ndunnya da fundikooniyaŋ ndunnya game.
L'animisme est la croyance que les objets naturels et les phénomènes ont une âme ou un esprit.,Animism ga ti naanay ka hay naturelley da fenomeney gonda biya wala laakal.
"Le totémisme est un système de croyances où des groupes sociaux ont une relation spéciale avec un animal, une plante ou un objet naturel (totem).","Totemism ga ti naanay sistem ka margu sosyal gonda alakaw spesiyal da alman, tuuri wala hay naturel fo (totem)."
"L'économie est la science sociale qui étudie la production, la distribution et la consommation de richesses.","Ekonomi ga ti science sosyal ka ga arzaka teyan, fayfayyaŋ da a ŋwaari dondon."
"La microéconomie étudie le comportement des agents économiques individuels (ménages, entreprises).","Mikroekonomi ga ajan ekonomik folokantey (fu, antrepriz) alhaali dondon."
"La macroéconomie étudie l'économie dans son ensemble (inflation, chômage, croissance).","Makroekonomi ga ekonomi a kulanta dondon (enflasyon, goy si teyan, beeriyaŋ)."
L'offre est la quantité d'un bien ou d'un service que les producteurs sont disposés à vendre à un certain prix.,Nooyan ga ti hay wala servis lasaabu ka prodüktör ga yadda ka i m'i neera sanda fo boŋ.
La demande est la quantité d'un bien ou d'un service que les consommateurs sont disposés à acheter à un certain prix.,Laamiya ga ti hay wala servis lasaabu ka konsomatör ga yadda ka i m'i day sanda fo boŋ.
Le prix d'équilibre est le prix auquel l'offre et la demande sont égales.,Sanda ka daŋante ga ti sanda ka nooyan da laamiya ga saba boŋ.
Un marché est un lieu (physique ou virtuel) où l'offre et la demande se rencontrent.,Kaaso ga ti nangu (fizik wala virtüel) ka nooyan da laamiya ga kubay.
La concurrence est la rivalité entre les entreprises pour attirer les clients.,Konkirans ga ti antrepriz care wongu zama i ma kliyan jare.
Un monopole existe lorsqu'une seule entreprise contrôle l'offre d'un bien ou d'un service.,Monopol ga te waati ka antrepriz foloko no ga hay wala servis nooyan daabu.
Un oligopole est un marché dominé par un petit nombre d'entreprises.,Oligopol ga ti kaaso ka antrepriz kayna no g'a daabu.
Le capital est l'ensemble des biens utilisés pour produire d'autres biens ou services.,Kapital ga ti hay kul ka i ga goyandi zama i ma hay wala servis fooyaŋ te.
Le travail est l'effort humain utilisé dans la production.,Goy ga ti boro gaabi ka i ga goyandi prodüksyon ra.
L'investissement est l'utilisation de ressources pour acquérir du capital ou créer de la valeur future.,Envestisman ga ti resurs goyandiyaŋ zama i ma kapital du wala ka alhorma ka ga te suba te.
L'épargne est la partie du revenu qui n'est pas dépensée.,Epany ga ti duuyaŋo kambe ka i mana wi.
L'intérêt est le coût de l'emprunt d'argent ou le rendement de l'épargne.,Entere ga ti nooru gaayu sanda wala epany albarka.
L'inflation est une augmentation soutenue du niveau général des prix.,Enflasyon ga ti sanda kul beeriyaŋ ka ga gay.
La déflation est une baisse soutenue du niveau général des prix.,Deflasyon ga ti sanda kul kaynandiyan ka ga gay.
Le chômage est la situation des personnes qui sont sans emploi et qui en recherchent activement un.,Shomaj ga ti borey ka sinda goy ka ga gungun da gaabi alhaali.
La croissance économique est l'augmentation de la production de biens et de services dans une économie.,Krwasans ekonomik ga ti hayey da servis prodüksyon tontona ekonomi fo ra.
Le Produit Intérieur Brut (PIB) est la valeur totale de tous les biens et services produits dans un pays sur une période donnée.,Produit Intérieur Brut (PIB) ga ti hayey da servis kul alhorma kul ka i te laabu fo ra waati fo boŋ.
La politique monétaire est menée par la banque centrale pour contrôler la masse monétaire et les taux d'intérêt.,"Politik monetar, bank santral no g'a te zama a ma nooru lasaabu da tere to daabu."
La politique fiscale concerne les dépenses publiques et la fiscalité.,Politik fiskal ga gobernemant wiyyaŋ da taks hima.
Le budget de l'État est un plan des recettes et des dépenses du gouvernement.,Bijee Eta wane ga ti gobernemant duuyaŋ da wiyyaŋ plan.
La dette publique est l'ensemble des emprunts contractés par l'État.,Deet publik ga ti gaayu kul ka Eta te.
Le commerce international est l'échange de biens et de services entre pays.,Kommers enternasyonal ga ti hayey da servis barmay laabey game.
Les importations sont les biens et services achetés à l'étranger.,Enportasyon ga ti hayey da servis ka i day laabu fo banda.
Les exportations sont les biens et services vendus à l'étranger.,Ekportasyon ga ti hayey da servis ka i neera laabu fo banda.
La balance commerciale est la différence entre la valeur des exportations et des importations.,Balans komersiyal ga ti barmay ekportasyon da enportasyon alhorma game.
Le taux de change est le prix d'une monnaie exprimé dans une autre monnaie.,To de shanj ga ti nooru fo sanda ka i cabe nooru fo ra.
Le protectionnisme vise à protéger les industries nationales de la concurrence étrangère.,Proteksyonism muraado ga ti ka endustri nasyonal gaay da konkirans laabu fo banda wane.
Le libre-échange favorise la suppression des barrières commerciales entre les pays.,Libr-eshanj ga komers kange tuusuyaŋ laabey game taysandi.
Le développement économique vise à améliorer le niveau de vie et le bien-être des populations.,Developpeman ekonomik muraado ga ti ka fundi alhaali da jama byen-etr taysandi.
La pauvreté est un état de privation matérielle et de manque d'opportunités.,Talkataray ga ti hay si teyan da dama si teyan alhaali.
Les inégalités de revenus désignent la répartition inégale des revenus au sein d'une population.,Duuyaŋ si sabayaŋ ga duuyaŋ fayfayyaŋ ka si saba cabe jama fo ra.
L'indice de développement humain (IDH) est un indicateur composite du développement.,Endis de developpeman imen (IDH) ga ti developpeman endikatör ka margu.
"La mondialisation est le processus d'intégration croissante des économies, des sociétés et des cultures à l'échelle mondiale.","Mondiyalizasyon ga ti ekonomi, margu da kultür tonton ka margu proses ndunnya kul lasaabu boŋ."
Les entreprises multinationales opèrent dans plusieurs pays.,Antrepriz miltinasyonal ga goy laabu boobo ra.
Les investissements directs étrangers (IDE) sont des investissements réalisés par une entreprise dans un pays étranger.,Envestisman direkt etranje (IDE) ga ti envestisman ka antrepriz fo te laabu fo banda ra.
"La sociologie est l'étude scientifique des sociétés humaines, de leurs structures et de leurs dynamiques.","Sosyoloji ga ti boro margu, i alhaali da i diraw dondonyaŋ syantifik."
La structure sociale fait référence aux modèles organisés de relations sociales et d'institutions.,Striktür sosyal ga alakaw sosyal da enstitüsyon soolante model cabe.
"L'institution sociale est un système établi de normes et de rôles sociaux (ex: famille, éducation, religion).","Enstitüsyon sosyal ga ti fonda da rol sosyal ka tabatandi sistem (mis: almayaaley, karam, diina)."
La socialisation est le processus par lequel les individus apprennent les normes et les valeurs de leur société.,Sosyalizasyon ga ti proses ka borey ga ngey margu fonda da alhorma dondon d'a.
Le rôle social est l'ensemble des comportements attendus d'un individu occupant une certaine position sociale.,Rol sosyal ga ti alhaali kul ka i ga hangan boro ka go pozisyon sosyal fo ra gaa.
Le statut social est la position ou le rang d'un individu dans la société.,Stati sosyal ga ti boro pozisyon wala a daraja margu ra.
La stratification sociale est la division hiérarchique de la société en couches ou classes.,Stratifikasyon sosyal ga ti margu fayfayyaŋ iyerarshik kush wala klas ra.
La classe sociale est un groupe de personnes partageant une position socio-économique similaire.,Klas sosyal ga ti boro margu ka ga pozisyon sosyo-ekonomik ka hima care fay.
La mobilité sociale est le mouvement des individus ou des groupes entre différentes positions sociales.,Mobilite sosyal ga ti borey wala margu diraw pozisyon sosyal dumi boobo game.
"La culture, en sociologie, englobe les modes de vie, les croyances, les valeurs et les artefacts partagés par un groupe.","Kültür, sosyoloji ra, ra, fundi alhaali, naanay, alhorma da artefak ka margu fo ga fay go no."
Les normes sociales sont les règles de comportement attendues dans une société.,Norm sosyal ga ti alhaali fonda ka i ga hangan margu fo ra.
Les valeurs sont les idéaux et les principes qui guident le comportement.,Alhorma ga ti miila da prensip ka ga alhaali candi.
La déviance est un comportement qui viole les normes sociales.,Deviyans ga ti alhaali ka ga norm sosyal kosu.
Le contrôle social désigne les mécanismes par lesquels la société régule le comportement de ses membres.,Kontrol sosyal ga mekanism ka margu ga nga borey alhaali daabu d'a cabe.
Un groupe social est un ensemble de personnes qui interagissent régulièrement et partagent un sentiment d'appartenance.,"Grup sosyal ga ti boro margu ka ga interaksyon te waati kul, i ga margu bine fay."
Une communauté est un groupe social partageant un territoire ou des intérêts communs.,Kominote ga ti margu sosyal ka ga nangu wala laamey ka margu fay.
L'organisation sociale est la manière dont une société est structurée et coordonnée.,"Organizasyon sosyal ga ti mate ka margu fo ga te, i g'a daŋandi."
Le changement social fait référence aux transformations des structures sociales et culturelles au fil du temps.,Shanjman sosyal ga striktür sosyal da kültürel barmay cabe waati ra.
Un mouvement social est un effort collectif organisé pour promouvoir ou résister au changement social.,Muvman sosyal ga ti goy margante ka soola zama a ma shanjman sosyal taysandi wala k'a gaay.
L'urbanisation est le processus de croissance des villes et de concentration de la population dans les zones urbaines.,Urbanizasyon ga ti birni beeriyaŋ da popülasyon marguyan proses nangu urban ra.
"La mondialisation, en sociologie, se réfère à l'intensification des relations sociales à l'échelle mondiale.","Mondiyalizasyon, sosyoloji ra, ga alakaw sosyal tontona ndunnya kul lasaabu boŋ cabe."
"L'inégalité sociale est la répartition inégale des ressources, des opportunités et du pouvoir dans la société.","Inegalite sosyal ga ti resurs, dama da gaabi fayfayyaŋ ka si saba margu ra."
"La race, en tant que concept social, est une catégorie de personnes regroupées sur la base de caractéristiques physiques perçues.","Ras, sanda konsep sosyal, ga ti boro kategori ka i margu alhaali fizik ka i ga di boŋ."
"L'ethnicité fait référence à une identité culturelle partagée, souvent basée sur l'ascendance, la langue ou la religion.","Etnisite ga identite kültürel ka i ga fay cabe, waati boobo ka ga kay asuli, sanni wala diina boŋ."
"Le genre fait référence aux rôles, comportements et attentes socialement construits associés aux hommes et aux femmes.","Janr ga rol, alhaali da hangan ka margu ga te ka hima alborey da wayborey cabe."
La famille est une institution sociale centrale dans la plupart des sociétés.,Almayaaley ga ti enstitüsyon sosyal santral margu baayaŋ ra.
"L'éducation est le processus de transmission des connaissances, des compétences et des valeurs.","Karam ga ti bayray, hinne da alhorma kondayan proses."
"La religion, en tant qu'institution sociale, fournit un cadre de croyances et de pratiques.","Diina, sanda enstitüsyon sosyal, ga naanay da goy fonda no."
"L'économie, en tant qu'institution sociale, organise la production, la distribution et la consommation.","Ekonomi, sanda enstitüsyon sosyal, ga prodüksyon, distribüsyon da konsomasyon soola."
L'État est une institution politique qui exerce l'autorité sur un territoire défini.,Eta ga ti enstitüsyon politik ka ga otorite te nangu ka i daŋ boŋ.
La psychologie est l'étude scientifique de l'esprit et du comportement.,Psikoloji ga ti laakal da alhaali dondonyaŋ syantifik.
La psychologie du développement étudie les changements psychologiques tout au long de la vie.,Psikoloji di developpeman ga barmay psikolojik dondon fundi kul ra.
"La psychologie sociale examine comment les pensées, les sentiments et les comportements des individus sont influencés par la présence réelle ou imaginaire d'autrui.","Psikoloji sosyal ga guna mate ka borey miiley, i bine alhaali da i alhaali ga di boro fooyaŋ goro cimi wala miila do."
"La psychologie cognitive étudie les processus mentaux tels que la perception, l'attention, la mémoire et la résolution de problèmes.","Psikoloji kognitiv ga proses mental dondon sanda gunaa, laakal daŋyan, fonguyaŋ da problem fondey cebe."
La psychologie clinique se concentre sur le diagnostic et le traitement des troubles mentaux.,Psikoloji klinik ga laakal daŋ diyagnostik da laakal laala yayandi boŋ.
La neuropsychologie étudie la relation entre le cerveau et le comportement.,Nöropsikoloji ga alakaw boŋ laakalo da alhaali game dondon.
La perception est le processus d'organisation et d'interprétation des informations sensorielles.,Persepsyon ga ti information sensoriyel soolayan da i fahamandiyan proses.
L'attention est la concentration de la conscience sur des stimuli spécifiques.,Atansyon ga ti laakal daŋyan stimuli spesifik boŋ.
La mémoire est la capacité de stocker et de récupérer des informations.,Memwar ga ti hinne ka boro ma information margu k'i ye ka du.
L'apprentissage est un changement relativement permanent du comportement résultant de l'expérience.,Aprantisaj ga ti alhaali barmay ka ga gay ka ga fun esperiyans do.
Le conditionnement classique est un type d'apprentissage où un stimulus neutre est associé à un stimulus qui déclenche une réponse.,Kondisyonman klasik ga ti aprantisaj dumi fo ka stimulus nötr ga margu nda stimulus ka ga zaabi fo tunandi.
Le conditionnement opérant est un type d'apprentissage où le comportement est influencé par ses conséquences (récompenses ou punitions).,Kondisyonman operan ga ti aprantisaj dumi fo ka alhaali ga di a banda do (nooru wala ciiti).
"La motivation est le processus qui initie, guide et maintient les comportements orientés vers un objectif.","Motivasyon ga ti proses ka ga alhaali ka ga koy muraadu fo gaa sintin, k'a candi, k'a gaay."
"L'émotion est un état affectif complexe impliquant des expériences subjectives, des réponses physiologiques et des expressions comportementales.","Emosyon ga ti alhaali afektif sandi ka esperiyans sibjektif, zaabi fizyolojik da alhaali cabe go ra."
"La personnalité fait référence aux schémas caractéristiques de pensées, de sentiments et de comportements d'un individu.","Personalite ga boro fo miiley, a bine alhaali da a alhaali alhaali ka g'a cabe cabe."
"L'intelligence est la capacité mentale générale d'apprendre, de raisonner et de s'adapter.","Entelijans ga ti hinne mental kul ka boro ma dondon, a ma lasaabu te, a ma nga boŋ daŋandi."
"Les troubles mentaux sont des affections qui affectent la pensée, l'humeur ou le comportement et causent une détresse ou une déficience fonctionnelle.","Laakal laala ga ti alhaali ka ga miila, bine alhaali wala alhaali di, i ga bine haw wala goy si teyan te."
La psychothérapie est le traitement des troubles mentaux par des moyens psychologiques.,Psikoterapi ga ti laakal laala yayandi mate psikolojik do.
Les médicaments psychotropes sont utilisés pour traiter les symptômes des troubles mentaux.,"Yaaji psikotrop, i g'i goyandi zama i ma laakal laala sintomey yayandi."
Le stress est une réponse physiologique et psychologique à des exigences ou des menaces perçues.,Stres ga ti zaabi fizyolojik da psikolojik laamiya wala kankami ka i ga di se.
"Le bien-être psychologique implique un sentiment de satisfaction, d'épanouissement et de fonctionnement positif.","Byen-etr psikolojik ra, kaani bina, beeriyaŋ da goy pozitiv bine go no."
"La communication est le processus de transmission d'informations, d'idées ou de sentiments.","Komunikasyon ga ti information, miila wala bine alhaali kondayan proses."
La communication verbale utilise des mots parlés ou écrits.,Komunikasyon verbal ga sanney ka i ci wala ka i hantum goyandi.
"La communication non verbale comprend le langage corporel, les expressions faciales et le ton de la voix.","Komunikasyon non verbal ra, gaaham sanni, mo guna da jinde alhaali go no."
L'écoute active implique de prêter une attention totale et de comprendre le message de l'orateur.,"Maa kaani ra, boro ga laakal daŋ kul, a ga sanni teekwa mesaajo faham."
La persuasion est le processus visant à influencer les attitudes ou les comportements d'autrui.,Persüazyon ga ti proses ka muraado ga ti ka boro fooyaŋ alhaali wala i alhaali di.
La négociation est un processus de discussion visant à parvenir à un accord.,Negosiyasyon ga ti sanni teyan proses ka muraado ga ti ka akord fo to.
La résolution de conflits implique de trouver des solutions pacifiques aux désaccords.,"Rezolüsyon de konfli ra, boro ga fondey ka gonda lafiya gungun sanni si marguyaŋ se."
Le travail d'équipe est la collaboration entre individus pour atteindre un objectif commun.,Goy margante ga ti borey care margu zama i ma muraadu ka margu fo to.
Le leadership est la capacité d'influencer et de guider les autres.,Lidership ga ti hinne ka boro ma boro fooyaŋ di k'i candi.
La prise de décision en groupe peut être affectée par des phénomènes tels que la pensée de groupe.,Anniya teyan margu ra ga hin ka di fenomeney do sanda miila margu.
"La culture organisationnelle est l'ensemble des valeurs, des croyances et des normes partagées au sein d'une organisation.","Kültür organizasyonel ga ti alhorma, naanay da norm ka i ga fay organizasyon fo ra."
"La gestion des ressources humaines s'occupe du recrutement, de la formation et de la gestion des employés.","Jeston de resurs imen ga goykoy ceeciyan, i dondonandiyan da i daabu haggoy."
"Le marketing est le processus de création, de communication et de fourniture de valeur aux clients.","Marketing ga ti alhorma teyan, sanni teyan da a nooyan proses kliyan se."
La publicité est une forme de communication marketing payante.,Piblisite ga ti komunikasyon marketing ka i ga bana dumi fo.
"La marque est un nom, un terme, un signe, un symbole ou un dessin, ou une combinaison de ceux-ci, destiné à identifier les biens ou services d'un vendeur.","Mark ga ti maa, sanni, alam, senbol wala desin, wala i margu, ka muraado ga ti ka neerakwa fo hayey wala a servisey bay."
La segmentation du marché divise un marché en groupes distincts de consommateurs ayant des besoins ou des caractéristiques similaires.,Segmentasyon di marshe ga kaaso fay konsomatör margu ka fay ka gonda laamey wala alhaali ka hima care.
Le ciblage consiste à sélectionner un ou plusieurs segments de marché à desservir.,Siblaj ga ti kaaso segment fo wala ka bisa suubuyan zama i m'i servis.
Le positionnement est la manière dont un produit est perçu par les consommateurs par rapport aux produits concurrents.,Pozisyonman ga ti mate ka konsomatör ga hay fo di hay konkirantey boŋ.
La recherche marketing collecte et analyse des informations pour aider à la prise de décision marketing.,Reshersh marketing ga information margu k'i analyse te zama a ma faaba anniya marketing teyan se.
Le comportement du consommateur étudie comment les individus prennent des décisions d'achat.,Konporteman di konsomatör ga dondon mate ka borey ga dayyan anniya te.
"La finance est la gestion de l'argent, du crédit, des investissements et des autres actifs financiers.","Finans ga ti nooru, kredi, envestisman da aktif finansiye fooyaŋ daabu."
Un budget est un plan financier pour une période donnée.,Bijee ga ti plan finansiye waati fo se.
L'épargne est la mise de côté de l'argent pour une utilisation future.,Epany ga ti nooru daŋyan ganda zama i m'a goyandi suba.
L'investissement consiste à utiliser de l'argent pour générer des revenus futurs ou une plus-value.,Envestisman ga ti nooru goyandiyaŋ zama a ma duuyaŋ ka ga te suba wala alhorma tonton te.
Une action représente une part de propriété dans une entreprise.,Aksyon ga antrepriz fo bandatara kambe fo cabe.
Une obligation est un titre de créance émis par une entité (gouvernement ou entreprise) pour emprunter de l'argent.,Obligasyon ga ti deeni tira ka antite fo (gobernemant wala antrepriz) ga fatta zama a ma nooru gaayu.
Un fonds commun de placement regroupe l'argent de nombreux investisseurs pour acheter un portefeuille diversifié de titres.,Fon komun de plasman ga envestisör boobo nooru margu zama a ma portföy ka diversifiye tira day.
"Le risque et le rendement sont des concepts clés en finance ; généralement, un rendement plus élevé est associé à un risque plus élevé.","Risk da randeman ga ti konsep beeri finans ra; waati boobo, randeman ka bisa ga margu nda risk ka bisa."
L'analyse financière évalue la performance et la santé financière des entreprises.,Analiz finansiyer ga antrepriz performans da i lafiya finansiyer lasaabu.
"Les états financiers (bilan, compte de résultat, tableau des flux de trésorerie) fournissent des informations sur la situation financière d'une entreprise.","Eta finansiye (bilan, kont de rezilta, tablo de flü de trezoreri) ga information no antrepriz fo alhaali finansiyer boŋ."
"La comptabilité est le processus d'enregistrement, de classification et de synthèse des transactions financières.","Kontabilite ga ti tranzaksyon finansiye hantumyan, i fayfayyaŋ da i marguyan proses."
L'audit est l'examen indépendant des états financiers d'une entreprise.,Odit ga ti antrepriz fo eta finansiyey gunaa ka si care hima.
Le droit est un système de règles créées et appliquées par des institutions sociales ou gouvernementales pour réguler le comportement.,Drwa ga ti fonda sistem ka enstitüsyon sosyal wala gobernemantal ga te k'i daŋ goy ra zama i ma alhaali daabu.
Le droit civil régit les litiges entre particuliers ou organisations.,Drwa sivil ga wongu borey wala organizasyon game daabu.
Le droit pénal concerne les infractions considérées comme des atteintes à la société dans son ensemble.,Drwa penal ga enfraksyon ka i ga lasaabu sanda margu kul kar hima.
Un contrat est un accord juridiquement contraignant entre deux ou plusieurs parties.,Kontra ga ti akord ka ga haw fonda boŋ parti ihinka wala ka bisa game.
"La propriété est le droit de posséder, d'utiliser et de disposer de biens.","Propriyete ga ti alhakku ka boro ma hay du, k'a goyandi, k'a te mate ka a ga baa."
La responsabilité civile est l'obligation légale de réparer les dommages causés à autrui.,Responsabilite sivil ga ti farilla fonda wane ka boro ma laala ka i te boro fo se hanse.
Un procès est une procédure judiciaire visant à résoudre un litige.,Prose ga ti prosedür jidisiyer ka muraado ga ti ka wongu fo fondey cebe.
Un avocat représente et conseille ses clients en matière juridique.,Avoka ga nga kliyan cabe k'i saaware hay jidisiyer ra.
Un juge préside les procès et prend des décisions judiciaires.,"Jij ga prosey daabu, a ga anniya jidisiyer te."
Un jury est un groupe de citoyens qui écoutent les preuves et rendent un verdict dans certains procès.,"Jiri ga ti sitwayen margu ka ga seeda maa, i ga verdik te prose fooyaŋ ra."
La présomption d'innocence signifie qu'un accusé est considéré comme innocent jusqu'à ce que sa culpabilité soit prouvée.,"Prezonpsyon d'inosans ga konno ka boro ka i ga cee, i g'a lasaabu sanda a sinda taali hala i ma nga taalo tabatandi."
"Le journalisme est la collecte, la vérification, la présentation et la diffusion d'informations sur les événements actuels.","Jurnalism ga ti information marguyan, i tabatandiyan, i cabeyan da i fayfayyaŋ hay ka ga te sohon boŋ."
"Les médias d'information comprennent les journaux, la télévision, la radio et les sites d'information en ligne.","Mediya d'enformasyon ra, jurnaaley, televizyon, radyo da sit d'enformasyon en liny go no."
L'objectivité est un idéal journalistique visant à présenter les informations de manière impartiale.,Objektivite ga ti miila jurnalistik ka muraado ga ti ka information cabe mate ka si care hima.
L'éthique journalistique guide la conduite professionnelle des journalistes.,Etik jurnalistik ga jurnalistey alhaali profesyonel candi.
La liberté de la presse est le droit de communiquer des informations et des opinions par le biais des médias sans censure gouvernementale.,Liberte de la pres ga ti alhakku ka boro ma information da miila cabe mediya gaa ka si gobernemant sansür.
Les fausses nouvelles (fake news) sont des informations délibérément trompeuses présentées comme des nouvelles.,Fos nuvel (fake news) ga ti information ka i ga fansi da anniya ka i cabe sanda nuvel.
La vérification des faits est le processus de contrôle de l'exactitude des informations.,Verifikasyon de fe ga ti information cimi gunaa proses.
Le reportage d'investigation implique des recherches approfondies pour découvrir des informations cachées ou confidentielles.,"Reportaj d'envestigasyon ra, reshersh kuuku go no zama i ma information ka tugu wala ka ti gundo bay."
L'éditorial exprime l'opinion du journal ou d'un rédacteur sur un sujet d'actualité.,Editorial ga jurnaal wala redaktör fo miila cabe hay ka ga te sohon boŋ.
"La caricature est un dessin humoristique ou satirique, souvent d'une personnalité publique.","Karikatür ga ti desin ka ga haaru wala ka ga cee, waati boobo boro publik fo wane."
Les médias sociaux sont des plateformes en ligne qui permettent aux utilisateurs de créer et de partager du contenu et de participer à des réseaux sociaux.,"Mediya sosiyal ga ti platfom en liny ka ga naŋ itilizatör ma konteni te k'a fay, i ma koto rezo sosiyal ra."
"L'influenceur est une personne ayant la capacité d'affecter les décisions d'achat d'autrui en raison de son autorité, de ses connaissances, de sa position ou de sa relation avec son public.","Enfliyanse ga ti boro ka gonda hinne ka a ma boro fooyaŋ dayyan anniya di nga otorite, a bayray, a pozisyon wala a alakaw nga jama banda do."
"Le marketing viral est une technique qui encourage les individus à transmettre un message marketing à d'autres, créant un potentiel de croissance exponentielle de l'exposition et de l'influence du message.","Marketing viral ga ti teknik ka ga borey taysandi i ma mesaaj marketing fo konda boro fooyaŋ se, ka ga dama te mesaajo gunaa da a goy beeriyaŋ eksponansiyel se."
L'analyse de données (Data Analytics) est le processus d'examen des ensembles de données afin de tirer des conclusions sur les informations qu'ils contiennent.,Analiz de donnée (Data Analytics) ga ti donnée margu gunaa proses zama i ma konklüzyon te information ka go i ra boŋ.
"Le Big Data fait référence à des ensembles de données extrêmement volumineux et complexes qui ne peuvent pas être facilement gérés, traités ou analysés avec les outils traditionnels.","Big Data ga donnée margu ka beeri gumo ka sandi cabe ka i si hin k'i daabu, k'i goyandi wala k'i analyse te da jinay adadi da farhã."
L'apprentissage automatique (Machine Learning) est un type d'intelligence artificielle qui permet aux systèmes d'apprendre à partir de données sans être explicitement programmés.,Aprantisaj otomatik (Machine Learning) ga ti entelijans artifisyel dumi fo ka ga naŋ sistem ma dondon donnée gaa ka si i program te da fahamandi.
"L'intelligence artificielle (IA) est la simulation des processus d'intelligence humaine par des machines, en particulier des systèmes informatiques.","Entelijans artifisyel (IA) ga ti boro entelijans proses himandiyan masin do, sankara sistem enformatik."
Un algorithme est un ensemble d'instructions étape par étape pour résoudre un problème ou accomplir une tâche.,Algoritm ga ti lordi ce boŋ ce margu problem fo fondey cebe wala goy fo teyan se.
La programmation informatique est le processus de conception et de création de programmes exécutables par ordinateur.,Programasyon enformatik ga ti program ka ordinatör ga hin ka te plan da i teyan proses.
Un langage de programmation est un langage formel utilisé pour donner des instructions à un ordinateur.,Langaj de programasyon ga ti sanni formel ka i ga goyandi zama i ma lordi no ordinatör se.
"Python, Java et C++ sont des exemples de langages de programmation populaires.","Python, Java da C++ ga ti langaj de programasyon ka bay misaaley."
Un système d'exploitation (OS) est un logiciel qui gère le matériel informatique et les ressources logicielles et fournit des services communs pour les programmes informatiques.,"Sistem d'eksplwatasyon (OS) ga ti lojisiyel ka ga materiyel enformatik da resurs lojisiyel daabu, a ga servis komun no program enformatik se."
"Windows, macOS et Linux sont des exemples de systèmes d'exploitation.","Windows, macOS da Linux ga ti sistem d'eksplwatasyon misaaley."
Une application (ou appli) est un programme informatique conçu pour effectuer une tâche spécifique.,Aplikasyon (wala apli) ga ti program enformatik ka i plan te zama a ma goy spesifik fo te.
Internet est un réseau mondial de réseaux informatiques interconnectés.,Internet ga ti rezo enformatik ka margu ndunnya kul ra ka haw care gaa.
"Le World Wide Web (WWW) est un système d'information où les documents et autres ressources web sont identifiés par des URL, reliés par des hyperliens et accessibles via Internet.","World Wide Web (WWW) ga ti sistem d'enformasyon ka doküman da resurs web fooyaŋ ga bay URL do, ka i haw care gaa iperliyen do, ka i ga du internet gaa."
Un navigateur web est un logiciel utilisé pour accéder et afficher des pages web.,Navigatör web ga ti lojisiyel ka i ga goyandi zama i ma paj web du k'i cabe.
Un moteur de recherche est un service web qui permet aux utilisateurs de rechercher du contenu sur le World Wide Web.,Motör de reshersh ga ti servis web ka ga naŋ itilizatör ma konteni gungun World Wide Web boŋ.
Le courrier électronique (e-mail) est une méthode d'échange de messages numériques entre personnes utilisant des appareils électroniques.,Kurye elektronik (e-mail) ga ti metod mesaaj nimérik barmay borey game ka ga aparey elektronik goyandi.
"Le cloud computing est la fourniture de services informatiques – y compris serveurs, stockage, bases de données, réseaux, logiciels, analyses et intelligence – via Internet (""le cloud"").","Klaod konputing ga ti servis enformatik nooyan – ka server, stokaj, baz de donnée, rezo, lojisiyel, analiz da entelijans go ra – internet gaa (""le cloud"")."
"La cybersécurité est la pratique consistant à protéger les systèmes, les réseaux et les programmes contre les attaques numériques.","Saybersekirite ga ti sistem, rezo da program gaayumi goy kar nimérik se."
"Un virus informatique est un type de logiciel malveillant qui, lorsqu'il est exécuté, se réplique en modifiant d'autres programmes informatiques et en insérant son propre code.","Viris enformatik ga ti lojisiyel laalo dumi fo ka, waati ka a ga te, ga nga boŋ te boobo program enformatik fooyaŋ barmay do da nga kod daŋyan."
Un pare-feu est un système de sécurité réseau qui surveille et contrôle le trafic réseau entrant et sortant en fonction de règles de sécurité prédéterminées.,Par-fö ga ti sistem sekirite rezo ka ga trafik rezo ka ga furo da ka ga fatta guna k'a daabu fonda sekirite ka i daŋ jina boŋ.
"Le cryptage est le processus de conversion des informations ou des données en un code, en particulier pour empêcher tout accès non autorisé.","Kriptaj ga ti information wala donnée barmayan proses ka te kod, sankara zama i ma furo ka si yadda gaay."
Un mot de passe est un mot ou une chaîne de caractères secret utilisé pour l'authentification de l'utilisateur afin de prouver son identité ou d'approuver l'accès à une ressource.,Modpas ga ti sanni wala harfu margu gundo ka i ga goyandi itilizatör otantifikasiyon se zama a ma nga alhaali tabatandi wala ka yadda furo resurs fo gaa.
L'authentification à deux facteurs (2FA) ajoute une couche de sécurité supplémentaire en exigeant une deuxième forme d'identification.,Otantifikasiyon a dö faktör (2FA) ga sekirite kush fo tonton ka i ga identifikasiyon dumi ihinkanta laamiya.
"La biométrie utilise des caractéristiques physiques ou comportementales uniques (empreintes digitales, reconnaissance faciale) pour l'identification.","Biyometri ga alhaali fizik wala alhaali folokantey (kambe kambe, mo guna bayyan) goyandi identifikasiyon se."
La réalité virtuelle (VR) est une expérience simulée qui peut être similaire ou complètement différente du monde réel.,Realite virtüel (VR) ga ti esperiyans ka i himandi ka ga hin ka hima ndunnya cimi wala k'a barmay kul.
La réalité augmentée (AR) superpose des informations générées par ordinateur à la vue du monde réel de l'utilisateur.,Realite ogmante (AR) ga information ka ordinatör te daŋ itilizatör ndunnya cimi gunaa boŋ.
"L'Internet des objets (IoT) fait référence au réseau d'appareils physiques, de véhicules, d'appareils ménagers et d'autres éléments intégrés à l'électronique, aux logiciels, aux capteurs, aux actionneurs et à la connectivité qui permet à ces objets de se connecter et d'échanger des données.","Internet de obje (IoT) ga aparey fizik, vehikil, fu aparey da hay fooyaŋ ka i daŋ elektronik, lojisiyel, kaptör, aksyonör da konektivite ra rezo cabe ka ga naŋ objey din ma haw care gaa, i ma donnée barmay."
"Une ville intelligente (Smart City) utilise les technologies de l'information et de la communication (TIC) pour améliorer l'efficacité opérationnelle, partager des informations avec le public et améliorer la qualité des services gouvernementaux et le bien-être des citoyens.","Vil entelijant (Smart City) ga teknoloji de l'enformasyon da de la komunikasyon (TIC) goyandi zama a ma efikasite operasyonel taysandi, a ma information fay da jama, a ma gobernemant servis kalite da sitwayen byen-etr taysandi."
"Les drones, ou véhicules aériens sans pilote (UAV), sont des aéronefs sans pilote humain à bord.","Dron, wala vehikil aeriyen san pilot (UAV), ga ti aeronef ka sinda boro pilot a ra."
"L'impression 3D, ou fabrication additive, est le processus de création d'un objet tridimensionnel en déposant des couches successives de matériau.","Enpresyon 3D, wala fabrikasyon aditiv, ga ti obje tridimansyonel teyan proses materiyo kush boŋ kush daŋyan do."
"La robotique est un domaine interdisciplinaire qui intègre l'informatique et l'ingénierie pour concevoir, construire, faire fonctionner et utiliser des robots.","Robotik ga ti nangu enterdisipliner ka ga enformatik da enjeniyeri margu zama a ma robo plan te, k'i cina, k'i te i ma goy, k'i goyandi."
Un robot est une machine – en particulier une machine programmable par un ordinateur – capable d'effectuer automatiquement une série complexe d'actions.,Robo ga ti masin – sankara masin ka ordinatör ga hin k'a program te – ka ga hin ka goy sandi margu te otomatikman.
"La nanotechnologie est la manipulation de la matière à une échelle atomique, moléculaire et supramoléculaire.","Nanoteknoloji ga ti materiyo goyandiyaŋ atome, molekül da sipramoleküler lasaabu boŋ."
Les nanomatériaux sont des matériaux dont au moins une dimension externe se situe dans la plage de taille de 1 à 100 nanomètres.,Nanomateriyo ga ti materiyo ka i dimensyon ka go banda fo kayna ga goro 1 hala 100 nanometr lasaabu boŋ.
La biotechnologie est l'utilisation de systèmes vivants et d'organismes pour développer ou fabriquer des produits.,Biyoteknoloji ga ti sistem fundikooniyaŋ da alman goyandiyaŋ zama i ma hayey te wala k'i fabrike.
L'ingénierie génétique est la modification directe du génome d'un organisme à l'aide de la biotechnologie.,Enjeniyeri jenetik ga ti alman fo jenom barmayan cimi biyoteknoloji do.
Les organismes génétiquement modifiés (OGM) sont des organismes dont le matériel génétique a été modifié à l'aide de techniques d'ingénierie génétique.,Alman jenetikman modifiye (OGM) ga ti alman ka i na ngey materiyel jenetik barmay teknik enjeniyeri jenetik do.
Le clonage est le processus de production d'individus génétiquement identiques.,Klonaj ga ti boro ka hima care jenetikman teyan proses.
Les cellules souches sont des cellules indifférenciées qui peuvent se différencier en types de cellules spécialisées et se diviser pour produire davantage de cellules souches.,"Selil sush ga ti selil ka si fay ka ga hin ka fay ka te selil dumi spesiyalize, i ma fay ka selil sush boobo te."
La thérapie génique est une technique expérimentale qui utilise les gènes pour traiter ou prévenir les maladies.,Terapi jenik ga ti teknik eksperimental ka ga jen goyandi zama a ma cutey yayandi wala k'i gaay.
La bio-informatique est un domaine interdisciplinaire qui développe des méthodes et des outils logiciels pour comprendre les données biologiques.,Biyo-enformatik ga ti nangu enterdisipliner ka ga metod da jinay lojisiyel te zama i ma donnée biyolojik faham.
"La génomique est un domaine interdisciplinaire de la biologie qui se concentre sur la structure, la fonction, l'évolution, la cartographie et l'édition des génomes.","Jenomik ga ti nangu enterdisipliner biyoloji ra ka ga laakal daŋ jenom alhaali, i goy, i evolüsyon, i kartografi da i edisyon boŋ."
La protéomique est l'étude à grande échelle des protéines.,Proteyomik ga ti protein dondonyaŋ beeri.
"La métabolomique est l'étude scientifique des processus chimiques impliquant les métabolites, les petits substrats moléculaires, les intermédiaires et les produits du métabolisme.","Metabolomik ga ti proses shimik dondonyaŋ syantifik ka metabolit, sibstra moleküler kayna, entermediyer da metabolizm hayey go ra."
L'écologie est l'étude scientifique des interactions entre les organismes et leur environnement.,Ekoloji ga ti interaksyon alman da ngey nangu game dondonyaŋ syantifik.
"Un écosystème est une communauté d'organismes vivants en conjonction avec les composants non vivants de leur environnement, interagissant comme un système.","Ekosistem ga ti alman fundikooniyaŋ kominote ngey nangu hay ka si fundi banda, ka ga interaksyon te sanda sistem."
La biodiversité est la variété et la variabilité de la vie sur Terre.,Biyodiversite ga ti fundi dumiyaŋ da a barmayyaŋ Ndunnya boŋ.
"La conservation est la protection, la préservation, la gestion ou la restauration des habitats naturels et des communautés écologiques.","Konservasyon ga ti nangu naturelley da kominote ekolojik gaayumi, i gaayumi, i daabu wala i te koyne."
Le changement climatique fait référence aux changements à long terme des températures et des régimes météorologiques typiques.,Shanjman klimatik ga tanperatir da haw alhaali adadi barmay kuuku cabe.
Le réchauffement climatique est l'augmentation à long terme de la température moyenne du système climatique de la Terre.,Reshofman klimatik ga ti Ndunnya sistem klimatik tanperatir mwayen tontona kuuku.
Les gaz à effet de serre (GES) sont des gaz qui piègent la chaleur dans l'atmosphère.,Gaz a efe de ser (GES) ga ti gaz ka ga gullum di atmosfer ra.
Le dioxyde de carbone (CO2) est un gaz à effet de serre majeur.,Diyoksid de karbon (CO2) ga ti gaz a efe de ser beeri.
Les énergies renouvelables sont des sources d'énergie qui sont naturellement reconstituées sur une échelle de temps humaine.,Enerji ka i ga te koyne ga ti enerji funa ka ga te koyne boro waati lasaabu boŋ.
L'énergie solaire est l'énergie rayonnante émise par le soleil.,Enerji soler ga ti enerji kaari ka wayna ga naŋ.
L'énergie éolienne utilise le vent pour produire de l'électricité.,Enerji eoliyen ga haw goyandi zama a ma elektrisite te.
L'énergie hydroélectrique est produite à partir de la force de l'eau en mouvement.,"Enerji hidroelektrik, hari ka ga dira gaabo no i g'a te d'a."
L'énergie géothermique est la chaleur de l'intérieur de la Terre.,Enerji jeotermik ga ti Ndunnya cire gullum.
La biomasse est une matière organique d'origine végétale ou animale utilisée comme source d'énergie.,Biyomas ga ti mater organika tuuri wala alman funa ka i ga goyandi sanda enerji funa.
Le développement durable est un développement qui répond aux besoins du présent sans compromettre la capacité des générations futures à répondre aux leurs.,Developpeman dirab ga ti developpeman ka ga hunkuna laamey to ka si suba izey hinne ka i ma ngey wane to laala.
L'économie circulaire est un modèle économique visant à éliminer les déchets et à maintenir l'utilisation continue des ressources.,"Ekonomi sirküler ga ti model ekonomik ka muraado ga ti ka fumbu tuusu, a ma resurs goyandiyaŋ ka ga gay gaay."
"L'agriculture durable est une agriculture qui répond aux besoins alimentaires et textiles actuels et futurs de la société tout en garantissant la rentabilité, la santé environnementale et l'équité sociale et économique.","Agrikültür dirab ga ti agrikültür ka ga margu ŋwaari da fari laamey ka go sohon da ka ga te suba to, ka ga rentabilite, environnemaŋ lafiya da ekite sosyal da ekonomik tabatandi."
"La permaculture est une philosophie de travail avec, plutôt que contre la nature ; d'observation prolongée et réfléchie plutôt que de travail prolongé et irréfléchi ; et de regarder les plantes et les animaux dans toutes leurs fonctions, plutôt que de traiter n'importe quelle zone comme un système à produit unique.","Permakültür ga ti filosofi ka ga ne boro ma goy natuur banda, manti k'a gaay; guna kuuku ka gonda miila, manti goy kuuku ka sinda miila; da tuuri da alman guna i goy kul ra, manti ka nangu fo kul te sanda sistem ka hay foloko no ga fun."
L'agroécologie est l'étude des processus écologiques appliqués aux systèmes de production agricole.,Agroekoloji ga ti proses ekolojik dondonyaŋ ka i daŋ sistem prodüksyon agrikol boŋ.
"La sylviculture est la science et l'art de cultiver, d'entretenir et de gérer les forêts.","Silvikültür ga ti science da art saaji beeri tayyan, i gaayumi da i daabu."
"La gestion des ressources en eau est la planification, le développement, la distribution et la gestion de l'utilisation optimale des ressources en eau.","Jeston de resurs an o ga ti resurs hari goyandiyaŋ ka bisa kul plan teyan, i teyan, i fayfayyaŋ da i daabu."
La désalinisation est le processus d'élimination des sels minéraux de l'eau de mer.,Desalinizasyon ga ti ciiri mineral tuusuyaŋ proses teeko hari ra.
"La récolte de l'eau de pluie est la collecte et le stockage de l'eau de pluie pour une réutilisation sur place, plutôt que de la laisser s'écouler.","Hari marguyan ga ti hari marguyan da a gaayumi zama i m'a goyandi koyne nangu ra, manti ka i m'a naŋ a ma zuru."
L'assainissement est la fourniture d'installations et de services pour l'élimination sûre de l'urine et des excréments humains.,Asenisman ga ti enstalasyon da servis nooyan boro ciray da a bonday tuusuyaŋ lafiya se.
"La gestion des déchets solides est la collecte, le traitement et l'élimination des matériaux solides mis au rebut.","Jeston de deshe solid ga ti materiyo solid ka i catu marguyan, i goyandiyan da i tuusuyaŋ."
Le recyclage est le processus de conversion des déchets en nouveaux matériaux et objets.,Resiklaj ga ti fumbu barmayan proses ka te materiyo da obje taji.
Le compostage est un processus naturel qui transforme la matière organique en un amendement de sol riche en nutriments appelé compost.,Konpostaj ga ti proses naturel ka ga mater organika barmay ka te laabu taysandi ka gonda nitriman boobo ka i ga ce konpost.
Une décharge est un site d'élimination des déchets par enfouissement.,Desharj ga ti fumbu tuusuyaŋ nangu tuguyan do.
L'incinération est un traitement des déchets qui implique la combustion de substances organiques contenues dans les déchets.,Ensinerasyon ga ti fumbu goyandiyan ka hay organika ka go fumbey ra tonyaŋ go ra.
"La pollution de l'air est la contamination de l'atmosphère intérieure ou extérieure par tout agent chimique, physique ou biologique qui modifie les caractéristiques naturelles de l'atmosphère.","Polüsyon de l'er ga ti atmosfer cire wala banda laala ajan shimik, fizik wala biyolojik kul do ka ga atmosfer alhaali naturelley barmay."
"La pollution de l'eau est la contamination des plans d'eau, généralement à la suite d'activités humaines.","Polüsyon de l'o ga ti hari nangey laala, waati boobo boro goyey banda."
La pollution des sols est la dégradation de la qualité des terres due à la présence de produits chimiques ou d'autres altérations de l'état naturel du sol.,Polüsyon de sol ga ti laabu kalite laala hay shimik wala laabu alhaali naturel barmay fooyaŋ goro do.
La pollution sonore est la propagation du bruit avec des impacts néfastes sur l'activité des humains ou des animaux.,Polüsyon sonor ga ti jinde beeri fayfayyaŋ ka gonda goy laalo boro wala alman goy boŋ.
La pollution lumineuse est la présence de lumière artificielle excessive ou mal dirigée dans l'environnement nocturne.,Polüsyon liminez ga ti kaari artifisyel ka bisa wala ka si candi kaani goro cin nangu ra.
"L'évaluation de l'impact environnemental (EIE) est l'évaluation des conséquences environnementales (positives ou négatives) d'un plan, d'une politique, d'un programme ou de projets réels avant la décision de passer à l'action.","Evaluasyon de l'enpak environnemantal (EIE) ga ti plan, politik, program wala proje cimi goy environnemaŋ boŋ (pozitiv wala negativ) lasaabu za i mana anniya te ka i ma goy."
"La remédiation environnementale traite de l'élimination de la pollution ou des contaminants des milieux environnementaux tels que le sol, les eaux souterraines, les sédiments ou les eaux de surface.","Remediyasyon environnemantal ga polüsyon wala kontaminan tuusuyaŋ nangu environnemantal sanda laabu, laabu cire hari, sediman wala hari ka go boŋ gaa hima."
"La justice environnementale est le traitement équitable et l'implication significative de toutes les personnes, quels que soient leur race, leur couleur, leur origine nationale ou leurs revenus, en ce qui concerne l'élaboration, la mise en œuvre et l'application des lois, réglementations et politiques environnementales.","Jüstis environnemantal ga ti boro kul teyan adili da i koto ka gonda alhorma, baa i ras, i fär, i asuli wala i duuyaŋ, fonda, regleman da politik environnemantal teyan, i daŋyan goy ra da i goyandiyan hima."
L'astronomie est une science naturelle qui étudie les objets et phénomènes célestes.,Astronomi ga ti science naturel ka ga beero objey da fenomeney dondon.
Un télescope est un instrument optique qui rend les objets éloignés plus proches ou plus grands.,Teleskop ga ti enstrüman optik ka ga obje moorey te i ma maan wala i ma beeri.
Un observatoire est un lieu utilisé pour observer les événements terrestres ou célestes.,Observatuwar ga ti nangu ka i ga goyandi zama i ma ndunnya wala beero hayey ka te guna.
Une étoile est un corps astronomique constitué d'un sphéroïde lumineux de plasma maintenu ensemble par sa propre gravité.,Etwal ga ti kor astronomik ka ga te da sferoyid kaari plasma wane ka nga gravite bumbo g'a gaay care gaa.
"Une planète est un corps astronomique orbitant autour d'une étoile ou de restes stellaires, suffisamment massif pour être arrondi par sa propre gravité, qui n'est pas assez massif pour provoquer une fusion thermonucléaire, et qui a dégagé son voisinage planétaire.","Planet ga ti kor astronomik ka ga etwal wala etwal banda windi, ka tiŋo gumo hala nga gravite bumbo g'a windi, ka si tiŋo gumo hala a ma fizyon termonükleyer te, ka na nga planet nangu hanse."
Une lune (ou satellite naturel) est un corps astronomique qui orbite autour d'une planète ou d'une planète mineure.,Handu (wala satelit naturel) ga ti kor astronomik ka ga planet wala planet kayna windi.
Un astéroïde est une planète mineure du système solaire interne.,Asteroyid ga ti planet kayna sistem soler cire wane.
"Une comète est un petit corps glacé du système solaire qui, lorsqu'il passe près du Soleil, se réchauffe et commence à dégazer, affichant une atmosphère visible ou coma, et parfois aussi une queue.","Komet ga ti kor glas kayna sistem soler wane ka, waati ka a ga bisa Wayna jarga, ga gullo, a ga sintin ka gaz naŋ, ka ga atmosfer ka di wala koma cabe, da biri waati fooyaŋ mo."
"Une météorite est un débris solide d'un objet, tel qu'une comète, un astéroïde ou un météoroïde, qui provient de l'espace extra-atmosphérique et survit à son passage dans l'atmosphère pour atteindre la surface d'une planète ou d'une lune.","Meteorit ga ti obje fo koso solid, sanda komet, asteroyid wala meteoroyid, ka ga fun espas atmosfer banda, ka ga nga bisa atmosfer ra hin ka to planet wala handu boŋ."
"Une galaxie est un système gravitationnellement lié d'étoiles, de restes stellaires, de gaz interstellaire, de poussière et de matière noire.","Galaksi ga ti sistem ka gravite g'a haw etwal, etwal banda, gaz entersteler, laabu fumbu da mater nuwar wane."
La Voie lactée est la galaxie qui contient notre système solaire.,Vwa lakte no ga ti galaksi ka iri sistem soler go ra.
Un trou noir est une région de l'espace-temps où la gravité est si forte que rien – pas même les particules et le rayonnement électromagnétique tels que la lumière – ne peut s'en échapper.,Tru nuwar ga ti espas-tan nangu fo ka gravite ga gaabi gumo hala hay kulu – baa partikul da rayonneman elektromagnetik sanda kaari – si hin ka fatta.
Le Big Bang est le modèle cosmologique dominant pour l'univers observable depuis les premières périodes connues jusqu'à son évolution ultérieure à grande échelle.,Big Bang no ga ti model kosmolojik ka bisa kul univers ka di se waati ka i bay sintina gaa hala a evolüsyon ka te banda lasaabu beeri boŋ.
La matière noire est une forme hypothétique de matière que l'on pense représenter environ 85 % de la matière dans l'univers et environ un quart de sa densité énergétique totale.,Mater nuwar ga ti mater dumi hipotetik ka i ga lasaabu ka a ga hima mater 85 % ndunnya ra da a densite enerjetik kul kwart fo.
L'énergie noire est une forme inconnue d'énergie qui affecte l'univers aux plus grandes échelles.,Enerji nuwar ga ti enerji dumi ka si bay ka ga univers di lasaabu ka bisa kul boŋ.
La cosmologie est une branche de l'astronomie concernée par l'étude de l'origine et de l'évolution de l'univers.,Kosmoloji ga ti astronomi kambe fo ka ga univers sintina da a evolüsyon dondonyaŋ hima.
"L'astrobiologie est un domaine scientifique interdisciplinaire concerné par les origines, l'évolution précoce, la distribution et l'avenir de la vie dans l'univers.","Astrobiyoloji ga ti nangu syantifik enterdisipliner ka ga fundi sintina, a evolüsyon sintina, a fayfayyaŋ da a suba univers ra hima."
Une exoplanète ou planète extrasolaire est une planète située en dehors du système solaire.,Ekzoplanet wala planet ekstrasoler ga ti planet ka go sistem soler banda.
La recherche de vie extraterrestre (SETI) est un terme collectif pour les recherches scientifiques visant à trouver une vie intelligente extraterrestre.,Reshersh fundi ekstraterestr boŋ (SETI) ga ti sanni margante reshersh syantifik se ka muraado ga ti ka fundi entelijant ekstraterestr gungun.
"La physique est la science naturelle qui étudie la matière, son mouvement et son comportement à travers l'espace et le temps, ainsi que les entités connexes de l'énergie et de la force.","Fizik ga ti science naturel ka ga mater, a diraw da a alhaali espas da waati ra dondon, da enerji da gaabi antite ka hima care mo."
"La mécanique classique décrit le mouvement des objets macroscopiques, des projectiles aux parties de machines, ainsi que les objets astronomiques, tels que les engins spatiaux, les planètes, les étoiles et les galaxies.","Mekanik klasik ga obje makroskopik diraw cabe, projoktil gaa hala masin koso, da obje astronomik mo, sanda anjen espasyal, planet, etwal da galaksi."
La thermodynamique est une branche de la physique qui traite de la chaleur et de sa relation avec d'autres formes d'énergie et de travail.,Termodinamik ga ti fizik kambe fo ka ga gullum da a alakaw enerji da goy dumi fooyaŋ banda hima.
"L'électromagnétisme est une branche de la physique impliquant l'étude de la force électromagnétique, un type d'interaction physique qui se produit entre les particules chargées électriquement.","Elektromanyetism ga ti fizik kambe fo ka ga fors elektromagnetik dondonyaŋ go ra, ka ti interaksyon fizik dumi fo ka ga te partikul ka gonda sharj elektrik game."
La mécanique quantique est une théorie fondamentale de la physique qui décrit la nature aux plus petites échelles de niveaux d'énergie de l'atome et des particules subatomiques.,Mekanik kwantik ga ti teyori fondamental fizik wane ka ga natur cabe lasaabu ka bisa kul enerji nivo atome da partikul sibatomik wane boŋ.
La relativité est une théorie de la physique qui décrit la relation entre l'espace et le temps.,Relativite ga ti teyori fizik wane ka ga alakaw espas da waati game cabe.
La relativité restreinte s'applique à tous les phénomènes physiques en l'absence de gravité.,Relativite restrent ga fenomen fizik kul hima gravite si teyan ra.
La relativité générale est la théorie géométrique de la gravitation publiée par Albert Einstein en 1915.,Relativite jeneral ga ti teyori jeometrik gravitasyon wane ka Albert Einstein na fatta 1915 ra.
La physique des particules est une branche de la physique qui étudie la nature des particules qui constituent la matière et le rayonnement.,Fizik de partikul ga ti fizik kambe fo ka ga partikul ka ga mater da rayonneman te alhaali dondon.
La physique nucléaire est le domaine de la physique qui étudie les noyaux atomiques et leurs constituants et interactions.,Fizik nikleyer ga ti fizik nangu fo ka ga nwayo atomik da i kosoy da i interaksyon dondon.
La physique atomique est le domaine de la physique qui étudie les atomes en tant que système isolé d'électrons et d'un noyau atomique.,Fizik atomik ga ti fizik nangu fo ka ga atome dondon sanda sistem ka fay elektron da nwayo atomik wane.
La physique de la matière condensée est le domaine de la physique qui traite des propriétés physiques macroscopiques et microscopiques de la matière.,Fizik de la mater kondanse ga ti fizik nangu fo ka ga mater alhaali fizik makroskopik da mikroskopik hima.
"L'optique est la branche de la physique qui étudie le comportement et les propriétés de la lumière, y compris ses interactions avec la matière et la construction d'instruments qui l'utilisent ou la détectent.","Optik ga ti fizik kambe fo ka ga kaari alhaali da a kaanoyaŋ dondon, ka a interaksyon mater banda da enstrüman ka g'a goyandi wala k'a di teyan go ra."
"L'acoustique est une branche de la physique qui traite de l'étude des ondes mécaniques dans les gaz, les liquides et les solides, y compris des sujets tels que les vibrations, le son, les ultrasons et les infrasons.","Akustik ga ti fizik kambe fo ka ga ond mekanik dondonyaŋ gaz, likid da solid ra hima, ka hay sanda vibrasyon, jinde, ultrason da enfrason go ra."
"La chimie est la science qui traite des propriétés, de la composition et de la structure des substances (définies comme des éléments et des composés), des transformations qu'elles subissent et de l'énergie qui est libérée ou absorbée au cours de ces processus.","Shimi ga ti science ka ga sibstans (ka i definisyon te sanda eleman da konpoze) kaanoyaŋ, i konpozisyon da i alhaali, barmay ka i ga te da enerji ka ga feeri wala ka i ga di prosesey din ra hima."
"La chimie organique est une branche de la chimie qui étudie la structure, les propriétés, la composition, les réactions et la préparation (par synthèse ou par d'autres moyens) des composés à base de carbone.","Shimi organik ga ti shimi kambe fo ka ga konpoze ka ga kay karbon boŋ alhaali, i kaanoyaŋ, i konpozisyon, i reaksyon da i teyan (sentez wala mate fooyaŋ do) dondon."
La chimie inorganique traite de la synthèse et du comportement des composés inorganiques et organométalliques.,Shimi inorganik ga konpoze inorganik da organometalik sentez da i alhaali hima.
"La chimie physique est l'étude des phénomènes macroscopiques, atomiques, subatomiques et particulaires dans les systèmes chimiques en termes de principes, de pratiques et de concepts de la physique tels que le mouvement, l'énergie, la force, le temps, la thermodynamique, la chimie quantique, la mécanique statistique, la dynamique analytique et les équilibres chimiques.","Shimi fizik ga ti fenomen makroskopik, atomik, sibatomik da partiküler dondonyaŋ sistem shimik ra prensip, pratik da konsep fizik wane boŋ sanda dira, enerji, gaabi, waati, termodinamik, shimi kwantik, mekanik statistik, dinamik analitik da ekilibr shimik."
"La chimie analytique est l'étude de la séparation, de l'identification et de la quantification des composants chimiques des matériaux naturels et artificiels.","Shimi analitik ga ti materiyo naturel da artifisyel konpozan shimik fayfayyaŋ, i bayyan da i lasaabu dondonyaŋ."
La biochimie est l'étude des processus chimiques au sein des organismes vivants et liés à ceux-ci.,Biyoshimi ga ti proses shimik dondonyaŋ alman fundikooniyaŋ ra da ka hima i gaa.
Un élément chimique est une substance pure constituée uniquement d'atomes qui ont tous le même nombre de protons dans leurs noyaux atomiques.,Eleman shimik ga ti sibstans hanante ka ga te da atome hinne ka kul gonda proton lasaabu foloko ngey nwayo atomik ra.
Un composé chimique est une substance chimique constituée de nombreux molécules ou ions identiques composés d'atomes de plus d'un élément maintenus ensemble par des liaisons chimiques.,Konpoze shimik ga ti sibstans shimik ka ga te da molekül wala iyon ka hima care boobo ka atome eleman ka bisa afo wane g'i te ka liyazon shimik g'i gaay care gaa.
Une molécule est un groupe électriquement neutre de deux atomes ou plus maintenus ensemble par des liaisons chimiques.,Molekül ga ti atome ihinka wala ka bisa margu ka sinda sharj elektrik ka liyazon shimik g'i gaay care gaa.
Une réaction chimique est un processus qui conduit à la transformation chimique d'un ensemble de substances chimiques en un autre.,Reaksyon shimik ga ti proses ka ga konda sibstans shimik margu fo barmayan shimik gaa ka koy afa gaa.
Un catalyseur est une substance qui augmente la vitesse d'une réaction chimique sans être consommée dans le processus.,Katalizör ga ti sibstans ka ga reaksyon shimik vites tonton ka si wi proseso ra.
"Un acide est une molécule ou un ion capable de donner un proton (c'est-à-dire un ion hydrogène, H+) ou, alternativement, capable de former une liaison covalente avec une paire d'électrons (un acide de Lewis).","Asid ga ti molekül wala iyon ka ga hin ka proton no (sanda iyon idrojen, H+) wala, mate fooyaŋ ra, ka ga hin ka liyazon kovalant te da elektron margu fo (asid de Lewis)."
Une base est une substance chimique qui peut accepter des protons ou donner une paire d'électrons.,Baz ga ti sibstans shimik ka ga hin ka proton yadda wala ka elektron margu fo no.
Le pH est une échelle utilisée pour spécifier l'acidité ou la basicité d'une solution aqueuse.,pH ga ti eshel ka i ga goyandi zama i ma solüsyon aköz fo asidite wala a bazisite cabe.
La biologie est la science naturelle qui étudie la vie et les organismes vivants.,Biyoloji ga ti science naturel ka ga fundi da alman fundikooniyaŋ dondon.
Une cellule est l'unité structurelle et fonctionnelle de base de tous les organismes vivants connus.,Selil no ga ti unite striktürel da fonksyonel asasi alman fundikooniyaŋ ka i bay kul wane.
"L'ADN (acide désoxyribonucléique) est une molécule qui porte les instructions génétiques utilisées dans la croissance, le développement, le fonctionnement et la reproduction de tous les organismes vivants connus et de nombreux virus.","ADN (asid dezoksiribonükleyik) ga ti molekül ka ga lordi jenetik jare ka i ga goyandi alman fundikooniyaŋ ka i bay kul da viris boobo beeriyaŋ, i developpeman, i goy da i te boobo ra."
Un gène est une unité de base de l'hérédité dans un organisme vivant.,Jen ga ti tubu unite asasi alman fundikooni fo ra.
L'évolution est le changement des caractéristiques héréditaires des populations biologiques au cours des générations successives.,Evolüsyon ga ti popülasyon biyolojik alhaali ka i ga tubu barmay jiil ka gana care ra.
La sélection naturelle est le processus différentiel de survie et de reproduction des individus en raison des différences de phénotype.,Seleksyon naturel ga ti borey fundi da i te boobo proses ka fay fenotip barmay sabbay se.
Une espèce est l'unité de base de la classification biologique et un rang taxonomique.,Espes no ga ti klasifikasyon biyolojik unite asasi da ran taksonomik.
"L'écologie étudie les interactions entre les organismes et leur environnement biophysique, qui comprend à la fois les facteurs biotiques et abiotiques.","Ekoloji ga interaksyon alman da ngey nangu biyofizik game dondon, ka faktör biyotik da abiyotik kul go ra."
La photosynthèse est un processus utilisé par les plantes et d'autres organismes pour convertir l'énergie lumineuse en énergie chimique qui peut ensuite être libérée pour alimenter les activités des organismes.,Fotosentez ga ti proses ka tuuri da alman fooyaŋ ga goyandi zama i ma enerji kaari barmay ka te enerji shimik ka i ga hin k'a feeri banda zama a ma alman goyey ŋwaarayandi.
La respiration est le mouvement de l'oxygène de l'air extérieur vers les cellules des tissus et l'élimination du dioxyde de carbone dans la direction opposée.,Respirasyon ga ti oksijen diraw haw ka go banda gaa ka koy tisu seliley gaa da diyoksid de karbon tuusuyaŋ fonda ka ga gaay.
Le métabolisme est l'ensemble des réactions chimiques de maintien de la vie dans les organismes.,Metabolizm ga ti reaksyon shimik ka ga fundi gaay kul marganta alman ra.
L'homéostasie est l'état d'équilibre dynamique stable entre les éléments interdépendants qui est maintenu par des processus de régulation physiologique.,Omeostazi ga ti ekilibr dinamik ka tabatandi alhaali eleman ka haw care gaa game ka proses rejilasyon fizyolojik g'a gaay.
"La reproduction est le processus biologique par lequel de nouveaux organismes individuels – ""descendants"" – sont produits à partir de leurs ""parents"".","Reprodüksyon ga ti proses biyolojik ka alman folokantey taji – ""izey"" – ga te ngey ""hayrey"" gaa."
L'hérédité est la transmission de traits des parents à leur progéniture.,Eredite ga ti alhaali kondayan hayrey gaa ka koy ngey izey gaa.
"La génétique est l'étude des gènes, de la variation génétique et de l'hérédité dans les organismes.","Jenetik ga ti jen, varyasyon jenetik da eredite dondonyaŋ alman ra."
"La microbiologie est l'étude des organismes microscopiques, ceux qui sont unicellulaires (une seule cellule), multicellulaires (colonie cellulaire) ou acellulaires (absence de cellules).","Mikrobiyoloji ga ti alman mikroskopik dondonyaŋ, ngey ka ti selil folokantey (selil foloko), selil boobo (selil koloni) wala selil si teyan (selil si no)."
"La virologie est l'étude des virus – des agents infectieux submicroscopiques, intracellulaires, obligatoires.","Viroloji ga ti viris dondonyaŋ – ajan enfeksiyöz sibmikroskopik, entraselüler, obligatuwar."
"La bactériologie est la branche et la spécialité de la biologie qui étudie la morphologie, l'écologie, la génétique et la biochimie des bactéries ainsi que de nombreux autres aspects qui leur sont liés.","Bakteriyoloji ga ti biyoloji kambe da espesiyalite ka ga bakteri morfoloji, ekoloji, jenetik da biyoshimi dondon da hay boobo fooyaŋ ka hima i gaa."
"La mycologie est la branche de la biologie concernée par l'étude des champignons, y compris leurs propriétés génétiques et biochimiques, leur taxonomie et leur utilisation par l'homme comme source de teinture, de médicaments et de nourriture, ainsi que leurs dangers, tels que l'empoisonnement ou l'infection.","Mikoloji ga ti biyoloji kambe fo ka ga fongi dondonyaŋ hima, ka i alhaali jenetik da biyoshimik, i taksonomi da boro i goyandiyan sanda fär funa, yaaji da ŋwaari, da i kankamey mo, sanda tuuri laalo wala enfeksiyon."
"La zoologie est la branche de la biologie qui étudie le règne animal, y compris la structure, l'embryologie, l'évolution, la classification, les habitudes et la distribution de tous les animaux, vivants et éteints, et la manière dont ils interagissent avec leurs écosystèmes.","Zooloji ga ti biyoloji kambe fo ka ga alman bonkoonitara dondon, ka alhaali, anbrioloji, evolüsyon, klasifikasyon, adetey da alman kul fayfayyaŋ, fundikooniyaŋ da ka bu, da mate ka i ga interaksyon te ngey ekosistemey banda go ra."
"La botanique, également appelée science des plantes, phytologie ou biologie végétale, est la science de la vie végétale et une branche de la biologie.","Botaniki, ka i ga ce mo science de plant, fitoloji wala biyoloji vejetal, ga ti tuuri fundi science da biyoloji kambe fo."
L'anatomie est la branche de la biologie concernée par l'étude de la structure des organismes et de leurs parties.,Anatomi ga ti biyoloji kambe fo ka ga alman da i kosoy alhaali dondonyaŋ hima.
La physiologie est l'étude scientifique des fonctions et des mécanismes d'un système vivant.,Fizyoloji ga ti sistem fundikooni fo fonksyon da mekanism dondonyaŋ syantifik.
L'immunologie est une branche de la science biomédicale qui couvre l'étude de tous les aspects du système immunitaire chez tous les organismes.,Iminoloji ga ti science biyomedikal kambe fo ka ga sistem iminiter alhaali kul dondonyaŋ alman kul ra hima.
La neuroscience est l'étude scientifique du système nerveux.,Nörosyans ga ti sistem nerve dondonyaŋ syantifik.
"La pharmacologie est la branche de la médecine et de la biologie concernée par l'étude de l'action des médicaments, où un médicament peut être défini au sens large comme toute substance artificielle, naturelle ou endogène (provenant de l'intérieur du corps) qui exerce un effet biochimique ou physiologique sur la cellule, le tissu, l'organe ou l'organisme.","Farmakoloji ga ti medesin da biyoloji kambe fo ka ga yaaji goy dondonyaŋ hima, ka yaaji fo ga hin ka definisyon te da fahamandi sanda sibstans artifisyel, naturel wala endojen (ka ga fun gaaham cire) kul ka ga efe biyoshimik wala fizyolojik te selil, tisu, organ wala alman boŋ."
"La toxicologie est une branche de la biologie, de la chimie et de la médecine (en particulier de la pharmacie) concernée par l'étude des effets néfastes des produits chimiques sur les organismes vivants.","Toksikoloji ga ti biyoloji, shimi da medesin (sankara farmasi) kambe fo ka ga hay shimik efe laalo alman fundikooniyaŋ boŋ dondonyaŋ hima."
La pathologie est l'étude des causes et des effets des maladies ou des blessures.,Patoloji ga ti cutey wala gaa sabbay da i goy dondonyaŋ.
"L'épidémiologie est l'étude et l'analyse des schémas de distribution (qui, quand et où), des schémas et des déterminants des états et événements liés à la santé (pas seulement les maladies) dans des populations spécifiées.","Epidemiyoloji ga ti distribüsyon alhaali (may, waati fo da man), alhaali da lafiya alhaali da hayey ka te (manti cutey hinne) determinan dondonyaŋ da i analyse teyan popülasyon spesifiye ra."
"La santé publique est ""la science et l'art de prévenir les maladies, de prolonger la vie et de promouvoir la santé humaine par des efforts organisés et des choix éclairés de la société, des organisations, publiques et privées, des communautés et des individus"".","Sante publik ga ti ""science da art cutey gaayumi, fundi kuukandiyan da boro lafiya taysandiyan goy ka soola da margu, organizasyon, publik da prive, kominote da borey suubuyan ka faham do""."
"La médecine vétérinaire est la branche de la médecine qui traite de la prévention, du diagnostic et du traitement des maladies, des troubles et des blessures chez les animaux.","Medesin veteriner ga ti medesin kambe fo ka ga cutey, laala da gaa gaayumi, i diyagnostik da i yayandi alman ra hima."
"L'agronomie est la science et la technologie de la production et de l'utilisation des plantes pour l'alimentation, le carburant, les fibres et la remise en état des terres.","Agronomi ga ti science da teknoloji tuuri prodüksyon da i goyandiyan ŋwaari, karbüran, fibr da laabu te koyne se."
"L'horticulture est l'art, la science, la technologie et le commerce de la culture des plantes.","Ortikültür ga ti art, science, teknoloji da komers tuuri tayyan wane."
"La foresterie est la science et l'artisanat de la création, de la gestion, de l'utilisation, de la conservation et de la réparation des forêts, des terres boisées et des ressources associées au profit de l'homme et de l'environnement.","Foresteri ga ti science da kambe goy saaji beeri, laabu ka gonda tuuri da resurs ka hima i gaa teyan, i daabu, i goyandiyan, i gaayumi da i hanseyan boro da environnemaŋ nafa se."
La science halieutique est la discipline académique de la gestion et de la compréhension des pêches.,Syans aliyetik ga ti disiplin akademik pesh daabu da i fahamyaŋ wane.
"La science alimentaire est la science fondamentale et la science appliquée de l'alimentation ; son champ d'application commence au chevauchement avec les sciences agricoles et nutritionnelles et mène à travers les aspects scientifiques de la sécurité et de la transformation des aliments, informant ainsi le développement de la technologie alimentaire.","Syans alimenter ga ti science fondamental da science aplike ŋwaari wane; a nangu ga sintin ka kubay da science agrikol da nitrisyonel, a ga konda science alhaali ŋwaari sekirite da i barmay gaa, ka ga teknoloji alimenter developpeman habarandi."
La nutrition est l'étude de la manière dont les aliments affectent le corps des organismes.,Nitrisyon ga ti dondonyaŋ mate ka ŋwaari ga alman gaaham di.
"Les mathématiques sont un domaine de connaissance qui comprend les sujets des nombres, des formules et des structures connexes, des formes et des espaces dans lesquels elles sont contenues, et des quantités et de leurs changements.","Matematik ga ti bayray nangu fo ka niméro, formul da striktür ka hima care, dumi da espas ka i go ra, da lasaabu da i barmay hayey go ra."
"L'arithmétique est une branche des mathématiques qui consiste en l'étude des nombres, en particulier des propriétés des opérations traditionnelles sur ceux-ci : addition, soustraction, multiplication, division, exponentiation et extraction de racines.","Aritmetik ga ti matematik kambe fo ka ga te da niméro dondonyaŋ, sankara operasyon adadi ka i ga te i boŋ kaanoyaŋ: tonton, tuusu, margu, fay, ekspansiyasyon da kök funandiyan."
"L'algèbre est l'une des grandes branches des mathématiques, concernant l'étude des symboles mathématiques et des règles de manipulation de ces symboles ; elle est un fil conducteur de presque toutes les mathématiques.","Aljebr ga ti matematik kambe beeri fo, ka ga senbol matematik dondonyaŋ da fonda ka i ga senboley din goyandi hima; a ga ti fonda ka ga koy matematik kul ra."
"La géométrie est une branche des mathématiques concernée par les questions de forme, de taille, de position relative des figures et des propriétés de l'espace.","Jeometri ga ti matematik kambe fo ka ga dumi, beeriyaŋ, figür pozisyon relatif da espas kaanoyaŋ hãlli hima."
La trigonométrie est une branche des mathématiques qui étudie les relations entre les longueurs des côtés et les angles des triangles.,Trigonometri ga ti matematik kambe fo ka ga alakaw triyangl kambe kuukuri da i angiley game dondon.
"Le calcul infinitésimal est l'étude mathématique du changement continu, de la même manière que la géométrie est l'étude de la forme et l'algèbre est l'étude des généralisations des opérations arithmétiques.","Kalkul enfenitezimal ga ti barmay ka ga gay dondonyaŋ matematik, mate foloko ka jeometri ga ti dumi dondonyaŋ da aljebr ga ti operasyon aritmetik jeneralizasyon dondonyaŋ."
"La statistique est la discipline qui concerne la collecte, l'organisation, l'analyse, l'interprétation et la présentation des données.","Statistik ga ti disiplin ka ga donnée marguyan, i soolayan, i analyse teyan, i fahamandiyan da i cabeyan hima."
La probabilité est la branche des mathématiques concernant les descriptions numériques de la probabilité qu'un événement se produise ou qu'une proposition soit vraie.,Probabilite ga ti matematik kambe fo ka ga hay fo teyaŋ wala propozisyon fo cimi teyaŋ lasaabu nimérik cabe hima.
La théorie des nombres est une branche des mathématiques pures consacrée principalement à l'étude des entiers et des fonctions à valeur entière.,Teyori de nonbr ga ti matematik hanante kambe fo ka i no sankara antye da fonksyon ka gonda antye alhorma dondonyaŋ se.
La logique mathématique est un sous-domaine des mathématiques explorant les applications de la logique formelle aux mathématiques.,Lojik matematik ga ti matematik nangu kayna fo ka ga lojik formel aplikasyon matematik boŋ guna.
L'informatique est l'étude des processus algorithmiques et des machines de calcul.,Enformatik ga ti proses algoritmik da masin lasaabu wane dondonyaŋ.
Un algorithme est une spécification finie de la manière de résoudre une classe de problèmes ou d'effectuer un calcul.,Algoritm ga ti spesifikasyon ka si ban mate ka i ga problem klas fo fondey cebe wala ka lasaabu te.
"Une structure de données est une organisation, une gestion et un format de stockage de données qui permet un accès et une modification efficaces.","Striktür de donnée ga ti donnée organizasyon, jestyon da stokaj format ka ga naŋ akses da modifikasyon efikas ma te."
Un langage de programmation est un langage formel comprenant un ensemble d'instructions qui produisent différents types de sortie.,Langaj de programasyon ga ti sanni formel ka lordi margu go ra ka ga sorti dumi boobo te.
Un compilateur est un programme informatique qui traduit le code informatique écrit dans un langage de programmation (le langage source) dans un autre langage (le langage cible).,Konpilatör ga ti program enformatik ka ga kod enformatik ka i hantum langaj de programasyon fo ra (langaj surs) barmay ka te langaj fo (langaj sibl).
"Un système d'exploitation (SE) est un logiciel système qui gère le matériel informatique, les ressources logicielles et fournit des services communs pour les programmes informatiques.","Sistem d'eksplwatasyon (SE) ga ti lojisiyel sistem ka ga materiyel enformatik, resurs lojisiyel daabu, a ga servis komun no program enformatik se."
Un réseau informatique est un ensemble d'ordinateurs partageant des ressources situées sur ou fournies par des nœuds de réseau.,Rezo enformatik ga ti ordinatör margu ka ga resurs ka go nö de rezo boŋ wala ka i no fay.
Internet est le système mondial de réseaux informatiques interconnectés qui utilisent la suite de protocoles Internet (TCP/IP) pour communiquer entre les réseaux et les appareils.,Internet no ga ti sistem ndunnya kul wane rezo enformatik ka haw care gaa ka ga swit de protokol Internet (TCP/IP) goyandi zama i ma sanni te rezo da aparey game.
"La cybersécurité est la protection des systèmes connectés à Internet, y compris le matériel, les logiciels et les données, contre les cybermenaces.","Saybersekirite ga ti sistem ka haw internet gaa gaayumi, ka materiyel, lojisiyel da donnée go ra, saybermenas se."
"L'intelligence artificielle (IA) est l'intelligence démontrée par les machines, par opposition à l'intelligence naturelle affichée par les humains et les animaux.","Entelijans artifisyel (IA) ga ti entelijans ka masin ga cabe, ka ga gaay da entelijans naturel ka borey da alman ga cabe."
L'apprentissage automatique est l'étude des algorithmes informatiques qui s'améliorent automatiquement grâce à l'expérience.,Aprantisaj otomatik ga ti algoritm enformatik dondonyaŋ ka ga ngey boŋ taysandi otomatikman esperiyans do.
L'apprentissage profond est une partie d'une famille plus large de méthodes d'apprentissage automatique basées sur des réseaux de neurones artificiels avec apprentissage par représentation.,Aprantisaj profon ga ti metod aprantisaj otomatik familya ka beeri ka bisa kambe fo ka ga kay rezo de nöron artifisyel ka gonda aprantisaj par reprezantasyon boŋ.
"Le traitement du langage naturel (TAL) est un sous-domaine de la linguistique, de l'informatique et de l'intelligence artificielle concerné par les interactions entre les ordinateurs et le langage humain, en particulier comment programmer les ordinateurs pour traiter et analyser de grandes quantités de données en langage naturel.","Tretman di langaj natürel (TAL) ga ti lengwistik, enformatik da entelijans artifisyel nangu kayna fo ka ga interaksyon ordinatör da boro sanni game hima, sankara mate ka i ga ordinatör program te zama i ma donnée boobo sanni naturel ra goyandi k'i analyse te."
La vision par ordinateur est un domaine interdisciplinaire qui traite de la manière dont les ordinateurs peuvent acquérir une compréhension de haut niveau à partir d'images ou de vidéos numériques.,Vizyon par ordinatör ga ti nangu enterdisipliner ka ga mate ka ordinatör ga hin ka fahamyaŋ beeri du foto wala video nimérik gaa hima.
"La robotique est une branche interdisciplinaire de l'ingénierie et de la science qui comprend l'ingénierie mécanique, l'ingénierie électronique, l'ingénierie de l'information, l'informatique, etc.","Robotik ga ti enjeniyeri da science kambe enterdisipliner ka enjeniyeri mekanik, enjeniyeri elektronik, enjeniyeri de l'enformasyon, enformatik, da hay fooyaŋ go ra."
"L'ingénierie est l'utilisation des principes scientifiques pour concevoir et construire des machines, des structures et d'autres éléments, y compris des ponts, des tunnels, des routes, des véhicules et des bâtiments.","Enjeniyeri ga ti prensip syantifik goyandiyaŋ zama i ma masin, striktür da hay fooyaŋ plan te k'i cina, ka kööprü, tünel, fonda, vehikil da cinari go ra."
"L'ingénierie mécanique est la discipline qui applique les principes de l'ingénierie, de la physique et de la science des matériaux pour la conception, l'analyse, la fabrication et la maintenance des systèmes mécaniques.","Enjeniyeri mekanik ga ti disiplin ka ga prensip enjeniyeri, fizik da science de materiyo daŋ sistem mekanik plan, i analyse, i fabrikasyon da i mentenans se."
"L'ingénierie électrique est une discipline d'ingénierie concernée par l'étude, la conception et l'application d'équipements, d'appareils et de systèmes qui utilisent l'électricité, l'électronique et l'électromagnétisme.","Enjeniyeri elektrik ga ti disiplin enjeniyeri ka ga ekipman, aparey da sistem ka ga elektrisite, elektronik da elektromanyetism goyandi dondonyaŋ, i plan da i aplikasyon hima."
"L'ingénierie civile est une discipline d'ingénierie professionnelle qui traite de la conception, de la construction et de la maintenance de l'environnement physique et naturellement construit, y compris les travaux publics tels que les routes, les ponts, les canaux, les barrages, les aéroports, les systèmes d'égouts, les pipelines, les composants structurels des bâtiments et les voies ferrées.","Enjeniyeri sivil ga ti disiplin enjeniyeri profesyonel ka ga environnemaŋ fizik da ka i cina naturel plan, i cina da i mentenans hima, ka goy publik sanda fonda, kööprü, kanal, baraj, aeropor, sistem egut, pipelin, cinari konpozan striktürel da fonda fer wane go ra."
"L'ingénierie chimique est une branche de l'ingénierie qui utilise les principes de la chimie, de la physique, des mathématiques, de la biologie et de l'économie pour utiliser, produire, transformer et transporter efficacement les produits chimiques, les matériaux et l'énergie.","Enjeniyeri shimik ga ti enjeniyeri kambe fo ka ga prensip shimi, fizik, matematik, biyoloji da ekonomi goyandi zama a ma hay shimik, materiyo da enerji goyandi, k'i te, k'i barmay k'i konda da efikasite."
L'ingénierie aérospatiale est le principal domaine de l'ingénierie concerné par le développement d'aéronefs et d'engins spatiaux.,Enjeniyeri aerospasyal no ga ti enjeniyeri nangu beeri ka ga aeronef da anjen espasyal developpeman hima.
L'ingénierie biomédicale (BME) est l'application des principes et des techniques de conception de l'ingénierie au domaine de la médecine et de la biologie à des fins de soins de santé.,Enjeniyeri biyomedikal (BME) ga ti prensip da teknik plan enjeniyeri wane aplikasyon medesin da biyoloji nangu boŋ swen de sante se.
"L'ingénierie des matériaux est un domaine interdisciplinaire de l'ingénierie qui conçoit et découvre de nouveaux matériaux, en particulier des solides.","Enjeniyeri de materiyo ga ti nangu enterdisipliner enjeniyeri wane ka ga materiyo taji plan te k'i bay, sankara solid."
"L'ingénierie environnementale est une branche professionnelle de l'ingénierie qui traite de la protection des personnes contre les effets environnementaux néfastes, tels que la pollution, ainsi que de l'amélioration de la qualité de l'environnement.","Enjeniyeri environnemantal ga ti enjeniyeri kambe profesyonel ka ga borey gaayumi efe environnemantal laalo se hima, sanda polüsyon, da environnemaŋ kalite taysandiyan mo."
L'ingénierie informatique est une branche de l'ingénierie qui intègre plusieurs domaines de l'informatique et de l'ingénierie électronique nécessaires pour développer du matériel et des logiciels informatiques.,Enjeniyeri enformatik ga ti enjeniyeri kambe fo ka ga enformatik da enjeniyeri elektronik nangu boobo margu ka ga tilas zama i ma materiyel da lojisiyel enformatik te.
"L'ingénierie logicielle est l'application systématique de principes, d'approches et de méthodes d'ingénierie au développement et à la maintenance de logiciels.","Enjeniyeri lojisiyel ga ti prensip, aprosh da metod enjeniyeri wane aplikasyon sistematik lojisiyel developpeman da a mentenans se."
L'ingénierie des systèmes est un domaine interdisciplinaire de l'ingénierie et de la gestion de l'ingénierie qui se concentre sur la manière de concevoir et de gérer des systèmes d'ingénierie complexes tout au long de leur cycle de vie.,Enjeniyeri de sistem ga ti nangu enterdisipliner enjeniyeri da jestyon de l'enjeniyeri wane ka ga laakal daŋ mate ka i ga sistem enjeniyeri sandi plan te k'i daabu i sikl de vi kul ra boŋ.
"L'ingénierie industrielle est une branche de l'ingénierie qui traite de l'optimisation des processus, systèmes ou organisations complexes en développant, améliorant et mettant en œuvre des systèmes intégrés de personnes, d'argent, de connaissances, d'informations, d'équipements, d'énergie, de matériaux, d'analyse et de synthèse, ainsi que les sciences mathématiques, physiques et sociales ainsi que les principes et méthodes d'analyse et de conception d'ingénierie pour spécifier, prédire et évaluer les résultats à obtenir de ces systèmes ou processus.","Enjeniyeri endistriyel ga ti enjeniyeri kambe fo ka ga proses, sistem wala organizasyon sandi optimizasyon hima sistem entegre boro, nooru, bayray, information, ekipman, enerji, materiyo, analiz da sentez wane teyan, taysandiyan da i daŋyan goy ra do, da science matematik, fizik da sosyal mo da prensip da metod analiz da plan enjeniyeri wane zama a ma albarka ka i ga du sistem wala prosesey din gaa cabe, k'a bay jina, k'a lasaabu."
"La médecine est la science et la pratique du diagnostic, du traitement et de la prévention des maladies.","Medesin ga ti science da pratik diyagnostik, yayandi da cutey gaayumi wane."
"Un médecin est un professionnel qui pratique la médecine, qui concerne la promotion, le maintien ou la restauration de la santé par l'étude, le diagnostic, le pronostic et le traitement des maladies, des blessures et d'autres déficiences physiques et mentales.","Medesen ga ti profesyonel ka ga medesin te, ka ga lafiya taysandiyan, a gaayumi wala a te koyne hima dondonyaŋ, diyagnostik, pronostik da cutey, gaa da defisiyans fizik da mental fooyaŋ yayandi do."
"Une infirmière est un professionnel de la santé qui se concentre sur les soins aux individus, aux familles et aux communautés afin qu'ils puissent atteindre, maintenir ou retrouver une santé et une qualité de vie optimales.","Enfermiye ga ti profesyonel sante wane ka ga laakal daŋ borey, almayaaley da kominotey swen boŋ zama i ma lafiya da fundi kalite ka bisa kul to, k'a gaay, wala k'a du koyne."
Un hôpital est un établissement de soins de santé fournissant des traitements aux patients avec du personnel médical et infirmier spécialisé et du matériel médical.,Opital ga ti etablisman swen de sante ka ga yayandi no jantukwa se da personel medikal da enfermiye spesiyalize da materiyel medikal.
Une clinique est un établissement de soins de santé principalement axé sur les soins ambulatoires.,Klinik ga ti etablisman swen de sante ka ga laakal daŋ sankara swen anbilatuwar boŋ.
"Une pharmacie est un magasin de détail qui vend des médicaments sur ordonnance, entre autres produits.","Farmasi ga ti butik detay ka ga yaaji ordonans boŋ neera, hay fooyaŋ banda."
"Un médicament est une drogue utilisée pour diagnostiquer, guérir, traiter ou prévenir une maladie.","Medikaman ga ti drog ka i ga goyandi zama i ma cuta diyagnostik te, k'a yayandi, k'a te wala k'a gaay."
Une ordonnance est un ordre de soins de santé émis par un professionnel de la santé qualifié à un pharmacien ou à un autre thérapeute pour un patient spécifique.,Ordonans ga ti lordi swen de sante ka profesyonel sante kalifiye fo ga fatta farmasiyen wala terapöt fo se jantukwa spesifik fo se.
"La chirurgie est une spécialité médicale qui utilise des techniques manuelles et instrumentales opératoires sur un patient pour investiguer ou traiter une affection pathologique telle qu'une maladie ou une blessure, pour aider à améliorer la fonction ou l'apparence corporelle, ou pour réparer des zones indésirables.","Shirirji ga ti espesiyalite medikal ka ga teknik manuel da enstrümantal operatuwar goyandi jantukwa fo boŋ zama a ma alhaali patolojik guna wala k'a yayandi sanda cuta wala gaa, zama a ma faaba ka fonksyon wala gaaham gunaa taysandi, wala ka nangu ka si baakasina hanse."
L'anesthésie est un état de perte de sensation contrôlée et temporaire induite à des fins médicales.,Anestezi ga ti guna si teyan ka i daabu ka si gay alhaali ka i te medikal se.
Un vaccin est une préparation biologique qui fournit une immunité acquise active à une maladie infectieuse particulière.,Vaksen ga ti preparasyon biyolojik ka ga iminite ka i du aktif no cuta enfeksiyöz folokante fo se.
Une maladie infectieuse est une maladie résultant d'une infection.,Maladi enfeksiyöz ga ti cuta ka ga fun enfeksiyon do.
Une maladie chronique est une affection de longue durée et généralement à progression lente.,"Maladi kronik ga ti alhaali ka ga gay, a ga jina koy da hawru waati boobo."
Le cancer est un groupe de maladies impliquant une croissance cellulaire anormale avec un potentiel d'invasion ou de propagation à d'autres parties du corps.,Kanser ga ti cutey margu fo ka selil beeriyaŋ ka si adadi go ra ka gonda hinne ka a ma furo wala ka a ma fay gaaham koso fooyaŋ gaa.
Une maladie cardiovasculaire est une classe de maladies qui impliquent le cœur ou les vaisseaux sanguins.,Maladi kardiyovasküler ga ti cutey klas fo ka ga bina wala kuri fonda hima.
"Le diabète est un groupe de maladies métaboliques dans lesquelles une personne a une glycémie élevée, soit parce que la production d'insuline est inadéquate, soit parce que les cellules du corps ne répondent pas correctement à l'insuline, soit les deux.","Diyabet ga ti cutey metabolik margu fo ka boro fo gonda glisemi beeri, wala nda ma se ensilin prodüksyon si to, wala nda ma se gaaham seliley si zaabi kaani ensilin se, wala ihinka kul."
Une maladie respiratoire est un type de maladie qui affecte les poumons et d'autres parties du système respiratoire.,Maladi respiratuwar ga ti cuta dumi fo ka ga fufey da sistem respiratuwar koso fooyaŋ di.
Un trouble neurologique est toute affection du système nerveux.,Trubl nörolojik ga ti sistem nerve alhaali kul.
"La santé mentale comprend notre bien-être émotionnel, psychologique et social.","Sante mental ra, iri byen-etr emosyonel, psikolojik da sosyal go no."
"Un trouble mental est une maladie qui affecte la pensée, les sentiments, le comportement ou l'humeur d'une personne.","Trubl mental ga ti cuta ka ga boro fo miila, a bine alhaali, a alhaali wala a humör di."
"La psychiatrie est la branche de la médecine consacrée au diagnostic, à la prévention, à l'étude et au traitement des troubles mentaux.","Psikiyatri ga ti medesin kambe fo ka i no diyagnostik, gaayumi, dondonyaŋ da trubl mental yayandi se."
"La dentisterie est une branche de la médecine qui consiste en l'étude, le diagnostic, la prévention et le traitement des maladies, troubles et affections de la cavité buccale, de la muqueuse buccale, et des structures et tissus adjacents et associés, en particulier dans la zone maxillo-faciale (mâchoire et visage).","Dantisteri ga ti medesin kambe fo ka ga te da dondonyaŋ, diyagnostik, gaayumi da cutey, laala da alhaali ka hima me cire, me cire mukozo, da striktür da tisu ka jarga ka hima i gaa yayandi, sankara nangu maksilo-fasiyal (gaŋgami da mo) ra."
L'optométrie est une profession de soins de santé qui implique l'examen des yeux et des systèmes visuels applicables pour les défauts ou les anomalies ainsi que le diagnostic médical et la gestion des maladies oculaires.,Optometri ga ti profesyon swen de sante ka ga mo da sistem vizüel ka hima gunaa defo wala anomali se da diyagnostik medikal da mo cutey daabu go ra.
"La physiothérapie est l'un des services de santé connexes qui, en utilisant des preuves mécaniques, des exercices, une thérapie manuelle, une éducation et des conseils, aide les patients à restaurer, maintenir et maximiser leur force, leur fonction, leur mouvement et leur bien-être général.","Fizyoterapi ga ti servis sante ka hima care fo, ka, cimi mekanik, egzersis, terapi manuel, edukasyon da saaware goyandiyan do, ga jantukwa faaba i ma ngey gaabi, i fonksyon, i dira da i byen-etr kul taysandi, k'a gaay, k'a te a ma bisa."
"L'ergothérapie est l'utilisation de l'évaluation et de l'intervention pour développer, récupérer ou maintenir les activités ou occupations significatives des individus, des groupes ou des communautés.","Ergoterapi ga ti evaluasyon da intervensyon goyandiyan zama i ma goy wala okupasyon ka gonda alhorma borey, margu wala kominotey wane te, k'i du koyne, wala k'i gaay."
"L'orthophonie est un domaine d'expertise pratiqué par un clinicien connu sous le nom d'orthophoniste ou, de manière informelle, de thérapeute de la parole, qui se spécialise dans l'évaluation et le traitement des troubles de la communication et de la déglutition.","Ortofoni ga ti nangu ekspertiz wane ka klinisyen ka i ga bay sanda ortofonist wala, mate ka si formel ra, terapöt sanni wane ga te, ka ga espesiyalize komunikasyon da ŋwaari munyan laala evaluasyon da i yayandi ra."
La diététique est l'interprétation et la communication de la science de la nutrition pour permettre aux gens de faire des choix éclairés sur les aliments qu'ils mangent.,Diyetetik ga ti science de la nitrisyon fahamandiyan da a sanni teyan zama i ma naŋ borey ma suubuyan ka faham te ŋwaari ka i ga ŋwa boŋ.
"La santé environnementale se concentre sur les relations entre les personnes et leur environnement, favorise la santé et le bien-être humains et encourage des communautés saines et sûres.","Sante environnemantal ga laakal daŋ alakaw borey da ngey nangu game boŋ, a ga boro lafiya da a byen-etr taysandi, a ga kominote ka lafiya ka gonda sekirite taysandi."
La médecine d'urgence est la spécialité médicale concernée par les soins aux maladies ou blessures nécessitant une attention médicale immédiate.,Medesin d'irjans ga ti espesiyalite medikal ka ga cutey wala gaa ka ga laamiya swen medikal waati foloko hima.
Les soins palliatifs sont des soins médicaux spécialisés pour les personnes vivant avec une maladie grave.,Swen palyatif ga ti swen mediko spesiyalize borey ka ga goro nda cuta beeri se.
L'hospice est un type de soins de santé qui se concentre sur les soins palliatifs aux patients en phase terminale et sur la prise en charge de leurs besoins émotionnels et spirituels à la fin de leur vie.,Ospis ga ti swen de sante dumi fo ka ga laakal daŋ swen palyatif jantukwa ka ngey alhaali ban se da ngey laamey emosyonel da spiritüel daabu ngey fundi bananta ra.
"La recherche médicale est la recherche fondamentale, la recherche appliquée ou la recherche translationnelle menée pour aider et soutenir le développement des connaissances dans le domaine de la médecine.","Reshersh medikal ga ti reshersh fondamental, reshersh aplike wala reshersh translasyonel ka i ga te zama i ma faaba k'i gaay bayray developpeman medesin nangu ra."
Les essais cliniques sont des expériences ou des observations menées dans le cadre de la recherche clinique.,Ese klinik ga ti esperiyans wala gunaa ka i ga te reshersh klinik ra.
L'éthique médicale est un système de principes moraux qui s'appliquent aux valeurs et aux jugements dans la pratique de la médecine.,Etik medikal ga ti sistem prensip moral ka ga daŋ alhorma da lasaabu boŋ medesin pratik ra.
"Le consentement éclairé en médecine est un processus par lequel un patient apprend et comprend le but, les avantages et les risques potentiels d'une intervention médicale ou d'un traitement, et accepte ou refuse ensuite de recevoir le traitement ou l'intervention.","Konsantman eklere medesin ra ga ti proses ka jantukwa fo ga dondon k'a faham intervensyon medikal wala yayandi fo muraado, a nafey da a risk ka hin ka te, a ga yadda wala a ga wangu banda ka yayando wala intervensyono du."
La confidentialité des patients est un droit à la vie privée concernant les informations médicales d'une personne.,Konfidansiyalite de pasyan ga ti alhakku fundi sahasi boŋ ka hima boro fo information medikal.
L'erreur médicale est un événement indésirable évitable qui peut causer ou a causé un préjudice au patient.,Erör medikal ga ti hay laalo ka i ga hin k'a gaay ka ga hin ka laala te jantukwa se wala ka n'a te.
La sécurité des patients est la prévention des erreurs et des effets indésirables pour les patients associés aux soins de santé.,Sekirite de pasyan ga ti firfiri da efe laalo gaayumi jantukwa se ka hima swen de sante.
La qualité des soins de santé est la mesure dans laquelle les services de santé pour les individus et les populations augmentent la probabilité de résultats de santé souhaités et sont conformes aux connaissances professionnelles actuelles.,"Kalite de swen de sante ga ti lasaabu ka servis sante borey da popülasyon se ga albarka lafiya ka i ga baa hinne tonton, i ga hima bayray profesyonel ka go sohon."
L'accès aux soins de santé est la capacité d'obtenir des services de santé en temps opportun pour obtenir les meilleurs résultats de santé possibles.,Akses o swen de sante ga ti hinne ka boro ma servis sante du waati ka hima zama a ma albarka lafiya ka bisa kul du.
"Les disparités en matière de santé sont des différences évitables dans la charge de morbidité, de blessures, de violence ou d'opportunités d'atteindre une santé optimale qui sont vécues par des populations socialement désavantagées.","Disparite an mater de sante ga ti barmay ka i ga hin k'i gaay cuta, gaa, fitina tiŋay ra wala dama ka boro ma lafiya ka bisa kul to ka popülasyon ka margu g'i naŋ gaa ga di."
"Les déterminants sociaux de la santé sont les conditions dans lesquelles les gens naissent, grandissent, vivent, travaillent et vieillissent qui façonnent la santé.","Determinan sosyal de la sante ga ti kondisyon ka borey ga du ra, i ga beeri ra, i ga goro ra, i ga goy ra, i ga zeen ka ga lafiya te."
"L'alphabétisation en santé est la capacité d'obtenir, de traiter et de comprendre les informations et services de santé de base nécessaires pour prendre des décisions de santé appropriées.","Alfabetizasyon an sante ga ti hinne ka boro ma information da servis sante asasi du, k'i goyandi, k'i faham ka ga tilas zama a ma anniya sante ka hima te."
La promotion de la santé est le processus qui permet aux gens d'accroître le contrôle et d'améliorer leur santé.,"Promosyon de la sante ga ti proses ka ga naŋ borey ma daabu tonton, i ma ngey lafiya taysandi."
La prévention des maladies se concentre sur des efforts spécifiques visant à réduire le développement et la gravité des maladies chroniques et d'autres morbidités.,Prevensyon de maladi ga laakal daŋ goy spesifik boŋ ka muraado ga ti ka cutey kronik da morbidite fooyaŋ developpeman da i gaabo kaynandi.
Le dépistage en médecine est une stratégie utilisée pour rechercher une maladie non reconnue ou un facteur de risque chez des individus apparemment en bonne santé.,Depistaj an medesin ga ti strateji ka i ga goyandi zama i ma cuta ka si bay wala faktör risk gungun borey ka ga sanda i gonda lafiya ra.
La réadaptation est un ensemble d'interventions conçues pour optimiser le fonctionnement et réduire le handicap chez les personnes atteintes de problèmes de santé en interaction avec leur environnement.,"Readaptasyon ga ti intervensyon margu fo ka i plan te zama i ma fonksyonman taysandi, i ma andikap kaynandi borey ka gonda problem sante ngey nangu interaksyon ra."
Les soins de longue durée sont une variété de services qui aident à répondre aux besoins médicaux et non médicaux des personnes atteintes d'une maladie chronique ou d'un handicap qui ne peuvent pas prendre soin d'elles-mêmes pendant de longues périodes.,Swen de lon dire ga ti servis dumi boobo ka ga faaba ka laamey mediko da non-mediko borey ka gonda cuta kronik wala andikap ka si hin ka ngey boŋ haggoy waati kuuku se to.
La gériatrie est une spécialité qui se concentre sur les soins de santé des personnes âgées.,Jeriyatri ga ti espesiyalite ka ga laakal daŋ boro zeeney swen de sante boŋ.
"La pédiatrie est la branche de la médecine qui implique les soins médicaux aux nourrissons, aux enfants et aux adolescents.","Pediyatri ga ti medesin kambe fo ka ga zanka kayna, zankey da adolesan swen mediko go ra."
"L'obstétrique est le domaine d'étude concentré sur la grossesse, l'accouchement et la période post-partum.","Obstetrik ga ti nangu dondonyaŋ wane ka ga laakal daŋ gunde, ize duuyan da ize duuyan banda waati boŋ."
La gynécologie est le domaine médical traitant de la santé du système reproducteur féminin.,Jinekoloji ga ti nangu medikal ka ga wayboro sistem reprodüktör lafiya hima.
"L'oncologie est une branche de la médecine qui traite de la prévention, du diagnostic et du traitement du cancer.","Onkoloji ga ti medesin kambe fo ka ga kanser gaayumi, a diyagnostik da a yayandi hima."
La cardiologie est une branche de la médecine qui traite des troubles du cœur ainsi que de certaines parties du système circulatoire.,Kardiyoloji ga ti medesin kambe fo ka ga bina laala da sistem sirkülatuwar koso fooyaŋ hima.
"La dermatologie est la branche de la médecine traitant de la peau, des cheveux, des ongles et de leurs maladies.","Dermatoloji ga ti medesin kambe fo ka ga gaaham kuro, boŋ hamni, kambe hamni da i cutey hima."
"L'endocrinologie est une branche de la biologie et de la médecine traitant du système endocrinien, de ses maladies et de ses hormones spécifiques.","Andokrinoloji ga ti biyoloji da medesin kambe fo ka ga sistem andokrin, a cutey da a ormon spesifik hima."
La gastro-entérologie est la branche de la médecine axée sur le tube digestif et ses troubles.,Gastro-enteroloji ga ti medesin kambe fo ka ga laakal daŋ tüb dijestif da a laala boŋ.
"L'hématologie est la branche de la médecine concernée par l'étude, le diagnostic, le traitement et la prévention des maladies liées au sang.","Ematoloji ga ti medesin kambe fo ka ga dondonyaŋ, diyagnostik, yayandi da cutey ka hima kuri gaayumi hima."
"L'infectiologie est une spécialité médicale traitant du diagnostic, du contrôle et du traitement des infections.","Enfeksiyoloji ga ti espesiyalite medikal ka ga diyagnostik, kontrol da enfeksiyon yayandi hima."
"La néphrologie est une spécialité de la médecine et de la pédiatrie qui concerne les reins : l'étude de la fonction rénale normale, les problèmes rénaux, le traitement des problèmes rénaux et la thérapie de remplacement rénal (dialyse et transplantation rénale).","Nefroloji ga ti espesiyalite medesin da pediyatri wane ka ga ren hima: fonksyon renal normal dondonyaŋ, problem renal, problem renal yayandi da terapi ranplasman renal (diyaliz da transplantasyon renal)."
La neurologie est une branche de la médecine traitant des troubles du système nerveux.,Nöroloji ga ti medesin kambe fo ka ga sistem nerve laala hima.
L'ophtalmologie est une branche de la médecine et de la chirurgie qui traite du diagnostic et du traitement des troubles oculaires.,Oftalmoloji ga ti medesin da shirirji kambe fo ka ga diyagnostik da mo laala yayandi hima.
L'orthopédie est la branche de la chirurgie concernée par les affections impliquant le système musculo-squelettique.,Ortopedi ga ti shirirji kambe fo ka ga alhaali ka ga sistem müskülo-skeletik hima.
"L'oto-rhino-laryngologie (ORL) est une sous-spécialité chirurgicale au sein de la médecine qui traite des affections de l'oreille, du nez et de la gorge, ainsi que des structures connexes de la tête et du cou.","Oto-rino-laringoloji (ORL) ga ti su-espesiyalite shirirjikal medesin ra ka ga hangan, niine da gorongoro alhaali hima, da striktür ka hima i gaa boŋ da ce wane mo."
La pneumologie est une spécialité médicale qui traite des maladies impliquant les voies respiratoires.,Pnömoloji ga ti espesiyalite medikal ka ga cutey ka ga fufey fonda hima.
La rhumatologie est une branche de la médecine consacrée au diagnostic et au traitement des maladies rhumatismales.,Rimatoloji ga ti medesin kambe fo ka i no diyagnostik da cutey rimatismal yayandi se.
L'urologie est la branche de la médecine qui se concentre sur les maladies chirurgicales et médicales des voies urinaires masculines et féminines et des organes reproducteurs masculins.,Iroloji ga ti medesin kambe fo ka ga laakal daŋ cutey shirirjikal da medikal ka hima alboro da wayboro ciray fonda da alboro organ reprodüktör boŋ.
La radiologie est la spécialité médicale qui utilise l'imagerie médicale pour diagnostiquer et traiter les maladies visibles dans le corps.,Radiyoloji ga ti espesiyalite medikal ka ga imajeri medikal goyandi zama a ma cutey ka di gaaham ra diyagnostik te k'i yayandi.
La médecine du sport est une branche de la médecine qui traite de la condition physique et du traitement et de la prévention des blessures liées au sport et à l'exercice.,Medesin di spor ga ti medesin kambe fo ka ga kondisyon fizik da gaa ka hima spor da egzersis yayandi da i gaayumi hima.
La médecine du travail est une branche de la médecine clinique principalement concernée par la santé au travail et la prévention et le traitement des maladies et blessures professionnelles.,Medesin di travay ga ti medesin klinik kambe fo ka ga sankara lafiya goy ra da cutey da gaa profesyonel gaayumi da i yayandi hima.
La médecine aérospatiale est une branche de la médecine qui étudie les effets des vols spatiaux sur le corps humain.,Medesin aerospasyal ga ti medesin kambe fo ka ga vol espasyal goy boro gaaham boŋ dondon.
"La médecine de plongée (ou médecine hyperbare) est le diagnostic, le traitement et la prévention des affections causées par l'entrée dans l'environnement sous-marin.","Medesin de plonje (wala medesin iperbar) ga ti diyagnostik, yayandi da alhaali ka ga fun hari cire nangu furo do gaayumi."
"La médecine tropicale est une branche interdisciplinaire de la médecine qui traite des problèmes de santé qui surviennent uniquement, sont plus répandus ou sont plus difficiles à contrôler dans les régions tropicales et subtropicales.","Medesin tropikal ga ti medesin kambe enterdisipliner ka ga lafiya problemey ka ga te hinne, ka ga baa ka te wala ka ga sandi ka i m'i daabu nangu tropikal da sibtropikal ra hima."
La médecine de voyage est une branche de la médecine qui traite de la prévention et de la gestion des problèmes de santé liés aux voyages internationaux.,Medesin de vwayaj ga ti medesin kambe fo ka ga lafiya problemey ka hima diraw enternasyonal gaayumi da i daabu hima.
La médecine légale est une branche de la médecine qui applique les connaissances médicales aux questions juridiques.,Medesin legal ga ti medesin kambe fo ka ga bayray medikal daŋ hãlli jüridik boŋ.
"La recherche en sciences sociales est l'activité de collecte, d'analyse et d'interprétation d'informations pour répondre à des questions sur le monde social.","Reshersh an syans sosyal ga ti information marguyan, i analyse teyan da i fahamandiyan goy zama i ma hãlli ndunnya sosyal boŋ zaabi."
"Les méthodes de recherche qualitatives explorent les significations, les expériences et les perspectives.","Metod de reshersh kalitativ ga konno, esperiyans da gunaa guna."
Les méthodes de recherche quantitatives mesurent et analysent les données numériques.,Metod de reshersh kantitativ ga donnée nimérik lasaabu k'i analyse te.
Une enquête est une méthode de recherche utilisée pour collecter des données auprès d'un échantillon de répondants.,Anket ga ti metod reshersh ka i ga goyandi zama i ma donnée margu eshantiyon zaabikwa wane gaa.
Une entrevue est une conversation où des questions sont posées et des réponses sont données.,"Antrevü ga ti sanni teyan ka i ga hãlli te, i ga zaabi no."
"Un groupe de discussion est une forme de recherche qualitative dans laquelle un groupe de personnes est interrogé sur ses perceptions, ses opinions, ses croyances et ses attitudes à l'égard d'un produit, d'un service, d'un concept, d'une publicité, d'une idée ou d'un emballage.","Grup de disküsyon ga ti reshersh kalitativ dumi fo ka i ga boro margu fo hãlli ngey persepsyon, i miila, i naanay da i alhaali hay fo, servis fo, konsep fo, piblisite fo, miila fo wala anbalaj fo boŋ."
L'observation participante est une méthode où le chercheur s'immerge dans un groupe ou un contexte social pour comprendre les comportements et les significations de l'intérieur.,Observasyon partisipant ga ti metod ka sherher ga nga boŋ daŋ margu wala nangu sosyal fo ra zama a ma alhaali da konno faham cire.
"L'analyse de contenu est une méthode de recherche pour étudier les documents et les artefacts de communication, qui peuvent être des textes de formats variés, des images, de l'audio ou de la vidéo.","Analiz de konteni ga ti metod reshersh doküman da artefak komunikasyon wane dondonyaŋ se, ka ga hin ka te tira format dumi boobo, foto, jinde wala video."
"Une étude de cas est une enquête approfondie sur un seul individu, groupe ou événement.","Etid de ka ga ti gunguna kuuku boro foloko, margu wala hay ka te fo boŋ."
"Une expérience est une procédure menée pour étayer, réfuter ou valider une hypothèse.","Esperiyans ga ti prosedür ka i ga te zama i ma ipotez gaay, k'a wangu wala k'a tabatandi."
L'échantillonnage est le processus de sélection d'un sous-ensemble d'individus d'une population statistique pour estimer les caractéristiques de l'ensemble de la population.,Eshantiyonaj ga ti borey su-margu suubuyan proses popülasyon statistik fo gaa zama i ma popülasyon kul alhaali lasaabu.
La validité en recherche fait référence à la mesure dans laquelle une étude mesure avec précision ce qu'elle prétend mesurer.,Validite an reshersh ga lasaabu cabe ka etid fo ga lasaabu da cimi hay ka a ga ne a g'a lasaabu.
La fiabilité en recherche fait référence à la cohérence ou à la répétabilité des résultats d'une mesure.,Fiyabilite an reshersh ga lasaabu fo albarkey himandi wala i te koyne cabe.
L'éthique de la recherche régit la conduite de la recherche pour garantir qu'elle est menée de manière responsable et morale.,Etik de la reshersh ga reshersh teyan daabu zama a ma tabatandi ka i g'a te mate ka ga hima da moral.
"Le consentement éclairé, la confidentialité et l'anonymat sont des principes éthiques clés dans la recherche impliquant des participants humains.","Konsantman eklere, konfidansiyalite da anonima ga ti prensip etik beeri reshersh ka partisipan boro go ra."
"La diffusion des résultats de la recherche se fait souvent par le biais de publications dans des revues à comité de lecture, de présentations lors de conférences et de rapports.","Reshersh albarkey fayfayyaŋ ga te waati boobo publikasyon do revü ka gonda komite de lektür ra, prezentasyon konferans ra da rapor."
L'évaluation par les pairs est le processus d'examen du travail de recherche d'un auteur par d'autres experts dans le même domaine avant la publication.,Evaluasyon par le per ga ti otör fo reshersh goy gunaa proses ekspert fooyaŋ do nangu foloko ra za i mana publikasyon te.
"La science des données est un domaine interdisciplinaire qui utilise des méthodes, des processus, des algorithmes et des systèmes scientifiques pour extraire des connaissances et des informations de données structurées et non structurées.","Syans de donnée ga ti nangu enterdisipliner ka ga metod, proses, algoritm da sistem syantifik goyandi zama a ma bayray da information fun donnée striktüre da non-striktüre ra."
"L'exploration de données est le processus de découverte de motifs dans de grands ensembles de données impliquant des méthodes à l'intersection de l'apprentissage automatique, des statistiques et des systèmes de bases de données.","Eksplorasyon de donnée ga ti model bayyan proses donnée margu beeri ra ka metod aprantisaj otomatik, statistik da sistem baz de donnée kange gaa go ra."
"L'analyse prédictive englobe une variété de techniques statistiques issues de la modélisation, de l'apprentissage automatique et de l'exploration de données qui analysent les données actuelles et historiques pour faire des prédictions sur des événements futurs ou autrement inconnus.","Analiz prediktiv ra, teknik statistik dumi boobo ka ga fun modelizasyon, aprantisaj otomatik da eksplorasyon de donnée do ka ga donnée ka go sohon da ka zamaney wane analyse te zama i ma prediksyon te hay ka ga te suba wala ka si bay fooyaŋ boŋ go no."
La visualisation de données est la représentation graphique des informations et des données.,Vizüalizasyon de donnée ga ti information da donnée cabe grafik ra.
"Les tableaux de bord sont des outils de visualisation de données qui suivent, analysent et affichent des indicateurs de performance clés (KPI), des métriques et des points de données clés pour surveiller la santé d'une entreprise, d'un département, d'un projet spécifique ou d'un processus.","Tablo de bor ga ti jinay vizüalizasyon de donnée ka ga endikatör performans kle (KPI), metrik da pwen de donnée kle gana, k'i analyse te, k'i cabe zama i ma antrepriz, departman, proje spesifik fo wala proses fo lafiya guna."
"L'éthique des données concerne les aspects moraux de la collecte, du partage et de l'utilisation des données.","Etik de donnée ga alhaali moral donnée marguyan, i fayfayyaŋ da i goyandiyan hima."
"La gouvernance des données est un système de règles, de politiques, de normes, de processus et de contrôles pour la gestion des actifs de données d'une organisation.","Gubernans de donnée ga ti fonda, politik, norm, proses da kontrol sistem organizasyon fo aset donnée daabu se."
La qualité des données fait référence à l'état d'un ensemble de valeurs de variables qualitatives ou quantitatives.,Kalite de donnée ga variabl kalitativ wala kantitativ alhorma margu fo alhaali cabe.
"Le nettoyage des données est le processus de détection et de correction (ou de suppression) des enregistrements corrompus ou inexacts d'un ensemble d'enregistrements, d'une table ou d'une base de données.","Netwayaj de donnée ga ti anrejistreman ka laala wala ka si cimi diyan da i hanseyan (wala i tuusuyaŋ) proses anrejistreman margu fo, tablo fo wala baz de donnée fo gaa."
L'intégration des données implique la combinaison de données résidant dans différentes sources et la fourniture aux utilisateurs d'une vue unifiée de celles-ci.,"Entegrasyon de donnée ra, donnée ka go funa dumi boobo ra marguyan da itilizatör nooyan guna ka margu i boŋ go no."
"Un entrepôt de données (Data Warehouse) est un système utilisé pour le reporting et l'analyse de données, et est considéré comme un composant essentiel de l'informatique décisionnelle.","Antrepo de donnée (Data Warehouse) ga ti sistem ka i ga goyandi reporting da donnée analyse se, i g'a lasaabu sanda konpozan esansiyel enformatik desizyonel wane."
"Un lac de données (Data Lake) est un système ou un référentiel de données stockées dans leur format naturel/brut, généralement des objets blob ou des fichiers.","Lak de donnée (Data Lake) ga ti sistem wala referansiyel donnée ka i margu i format naturel/brut ra, waati boobo obje blob wala fisye."
L'ingénierie des données est l'aspect de la science des données qui se concentre sur les applications pratiques de la collecte et de l'analyse des données.,Enjeniyeri de donnée ga ti science de donnée alhaali ka ga laakal daŋ aplikasyon pratik donnée marguyan da i analyse teyan boŋ.
"L'architecture des données est composée de modèles, de politiques, de règles et de normes qui régissent la manière dont les données sont collectées, stockées, organisées, utilisées et supprimées dans un système donné.","Arshitektur de donnée ga te da model, politik, fonda da norm ka ga mate ka donnée ga margu, i g'i stoke, i g'i soola, i g'i goyandi k'i tuusu sistem ka i no fo ra daabu."
La modélisation des données est le processus de création d'un modèle de données pour un système d'information en appliquant certaines techniques formelles.,Modelizasyon de donnée ga ti model donnée teyan proses sistem d'enformasyon fo se teknik formel fooyaŋ daŋyan do.
SQL (Structured Query Language) est un langage spécifique à un domaine utilisé en programmation et conçu pour gérer les données détenues dans un système de gestion de base de données relationnelle (SGBDR).,"SQL (Structured Query Language) ga ti sanni spesifik nangu fo se ka i ga goyandi programasyon ra, i n'a plan te zama a ma donnée ka go sistem de jestyon de baz de donnée relasyonel (SGBDR) ra daabu."
"NoSQL (à l'origine faisant référence à ""non SQL"" ou ""non relationnel"") est une base de données qui fournit un mécanisme de stockage et de récupération de données modélisées par des moyens autres que les relations tabulaires utilisées dans les bases de données relationnelles.","NoSQL (ka ga sintin ka cabe ""non SQL"" wala ""non relasyonel"") ga ti baz de donnée ka ga mekanism no donnée stokaj da i duuyan se ka i model te mate fooyaŋ do ka si relasyon tabüler ka i ga goyandi baz de donnée relasyonel ra."
L'informatique distribuée est un domaine de l'informatique qui étudie les systèmes distribués.,Enformatik distribiye ga ti enformatik nangu fo ka ga sistem distribiye dondon.
"Un système distribué est un système dont les composants sont situés sur différents ordinateurs en réseau, qui communiquent et coordonnent leurs actions en transmettant des messages les uns aux autres.","Sistem distribiye ga ti sistem ka a konpozaney go ordinatör dumi boobo ka go rezo ra boŋ, ka ga sanni te k'i goyey daŋandi mesaj kondayan do care se."
Le calcul parallèle est un type de calcul dans lequel de nombreux calculs ou l'exécution de processus sont effectués simultanément.,Kalkul paralel ga ti kalkul dumi fo ka lasaabu boobo wala proses teyan ga te waati foloko.
L'informatique haute performance (HPC) utilise des superordinateurs et des grappes d'ordinateurs pour résoudre des problèmes de calcul complexes.,Enformatik ot performans (HPC) ga siperordinatör da ordinatör margu goyandi zama a ma problem kalkul sandi fondey cebe.
Un superordinateur est un ordinateur doté d'un haut niveau de performance par rapport à un ordinateur universel.,Siperordinatör ga ti ordinatör ka gonda performans nivo beeri ordinatör üniversel boŋ.
L'informatique quantique est l'utilisation de phénomènes de mécanique quantique tels que la superposition et l'intrication pour effectuer des calculs.,Enformatik kwantik ga ti fenomen mekanik kwantik goyandiyaŋ sanda siperspozisyon da entrikasyon zama i ma lasaabu te.
Un qubit ou bit quantique est l'unité de base de l'information quantique – l'équivalent quantique du bit classique.,Kubit wala bit kwantik no ga ti information kwantik unite asasi – bit klasik himandi kwantik.
L'algorithme de Shor est un algorithme quantique pour la factorisation d'entiers.,Algoritm de Shor ga ti algoritm kwantik antye faktorizasyon se.
L'algorithme de Grover est un algorithme quantique pour la recherche dans une base de données non triée.,Algoritm de Grover ga ti algoritm kwantik gunguna baz de donnée ka si soola ra se.
La suprématie quantique est l'objectif de démontrer qu'un dispositif quantique programmable peut résoudre un problème qu'aucun ordinateur classique ne peut résoudre dans un laps de temps raisonnable.,Sipremasi kwantik ga ti muraadu ka i ma cabe ka dispozitif kwantik programabl fo ga hin ka problem fo fondey cebe ka ordinatör klasik kulu si hin k'a te waati ka hima ra.
L'intelligence artificielle générale (AGI) est l'intelligence hypothétique d'une machine qui a la capacité de comprendre ou d'apprendre toute tâche intellectuelle qu'un être humain peut accomplir.,Entelijans artifisyel jeneral (AGI) ga ti masin fo entelijans hipotetik ka gonda hinne ka a ma goy entelektüel kul ka boro ga hin ka te faham wala k'a dondon.
"La singularité technologique est un point hypothétique dans le temps où la croissance technologique devient incontrôlable et irréversible, entraînant des changements imprévisibles pour la civilisation humaine.","Singilarite teknolojik ga ti pwen hipotetik waati ra ka teknoloji beeriyaŋ ga te ka si hin ka daabu da ka si hin ka ye banda, ka ga konda barmay ka si hin ka bay boro siivilizasyon se."
Le transhumanisme est un mouvement philosophique qui prône la transformation de la condition humaine en développant et en rendant largement disponibles des technologies sophistiquées pour améliorer considérablement l'intellect et la physiologie humains.,Transimanism ga ti muvman filosofik ka ga boro alhaali barmayan baakasina teknoloji sofistike teyan da i te i ma goro nangu kul do zama i ma boro laakal da a fizyoloji taysandi da gaabi.
L'éthique de l'intelligence artificielle est une partie de l'éthique de la technologie spécifique à l'intelligence artificielle.,Etik de l'entelijans artifisyel ga ti etik de la teknoloji kambe fo ka spesifik entelijans artifisyel se.
L'alignement de l'IA est le problème de la construction de systèmes d'IA qui atteignent les objectifs prévus par leurs concepteurs sans causer de conséquences imprévues et néfastes.,Alinyeman de l'IA ga ti problem sistem IA teyan wane ka ga muraadu ka i konseptör te to ka si goy ka si miila ka laala te.
La sécurité de l'IA est un domaine de recherche interdisciplinaire qui vise à garantir que les systèmes d'IA fonctionnent comme prévu et ne causent pas de dommages.,"Sekirite de l'IA ga ti nangu reshersh enterdisipliner wane ka muraado ga ti ka tabatandi ka sistem IA ga goy mate ka i ga baa, i si laala te."
La robustesse de l'IA fait référence à la capacité d'un système d'IA à maintenir ses performances dans des conditions incertaines ou face à des attaques contradictoires.,Robüstes de l'IA ga sistem IA hinne cabe ka a ma nga performans gaay kondisyon ka si cimi ra wala kar ka ga gaay jine.
L'interprétabilité de l'IA (ou explicabilité) est la mesure dans laquelle un humain peut comprendre la cause d'une décision prise par un système d'IA.,Enterpretabilite de l'IA (wala eksplikabilite) ga ti lasaabu ka boro ga hin ka anniya ka sistem IA fo te sabbo faham.
L'équité algorithmique est la préoccupation selon laquelle les algorithmes ne doivent pas créer ou renforcer des résultats injustes pour différents groupes de personnes.,Ekite algoritmik ga ti bine haw ka algoritm si hima i ma albarka ka si adili te wala k'i gaabandi boro margu dumi boobo se.
La transparence algorithmique fait référence à la disponibilité d'informations sur le fonctionnement interne d'un algorithme.,Transparans algoritmik ga information goro algoritm fo cire goy boŋ cabe.
La responsabilité algorithmique concerne la question de savoir qui est responsable lorsqu'un algorithme cause un préjudice.,Responsabilite algoritmik ga hãlli ka hima may no ga ti alhakikaw waati ka algoritm fo ga laala te hima.
La réglementation de l'intelligence artificielle est un domaine émergent du droit et de la politique.,Reglemantasyon de l'entelijans artifisyel ga ti drwa da politik nangu ka ga fatta.
L'avenir du travail est un sujet de discussion concernant l'impact de l'automatisation et de l'IA sur l'emploi et l'économie.,Suba goy wane ga ti sanni teyan hay ka hima otomatizasyon da IA goy goy da ekonomi boŋ.
"Le revenu de base universel (RBU) est un programme de sécurité sociale dans lequel tous les citoyens ou résidents d'un pays reçoivent régulièrement une somme d'argent inconditionnelle d'un organisme public, indépendamment de toute autre source de revenu.","Reveni de baz üniversel (RBU) ga ti program sekirite sosyal ka laabu fo sitwayen wala a borey kul ga nooru lasaabu ka si kondisyone du waati kul organ publik fo gaa, ka si hima duuyaŋ funa fo kul."
"L'économie du partage (Sharing Economy) est un modèle économique défini comme une activité entre pairs (P2P) d'acquisition, de fourniture ou de partage de l'accès à des biens et services, souvent facilitée par une plateforme communautaire en ligne.","Ekonomi di partaj (Sharing Economy) ga ti model ekonomik ka i definisyon te sanda goy per game (P2P) hayey da servis akses duuyan, i nooyan wala i fayfayyaŋ wane, waati boobo platfom kominotär en liny g'a farhandi."
L'économie des petits boulots (Gig Economy) est un marché du travail caractérisé par la prévalence de contrats à court terme ou de travail indépendant par opposition aux emplois permanents.,Ekonomi de peti bulo (Gig Economy) ga ti marshe di travay ka kontra kuuku wala goy ka si boro fo hima baayaŋ g'a cabe ka ga gaay da goy ka ga gay.
"Le travail à distance (ou télétravail) est un arrangement de travail dans lequel les employés n'ont pas à se rendre à un lieu de travail central, tel qu'un immeuble de bureaux, un entrepôt ou un magasin.","Travay a distans (wala teletravay) ga ti goy aranjman ka goykoy si hima i ma koy goy nangu santral fo gaa, sanda biro cinari, antrepo wala butik."
"L'apprentissage tout au long de la vie est la poursuite ""continue, volontaire et auto-motivée"" de la connaissance pour des raisons personnelles ou professionnelles.","Aprantisaj tu o lon de la vi ga ti bayray gunguna ""ka ga gay, ka ti anniya, ka ga fun boŋ"" sabbay personel wala profesyonel se."
"Les compétences du XXIe siècle sont un ensemble de capacités, d'aptitudes et de dispositions d'apprentissage qui ont été identifiées comme étant nécessaires pour réussir dans la société et sur les lieux de travail du XXIe siècle par les éducateurs, les chefs d'entreprise, les universitaires et les agences gouvernementales.","Konpetans di XXIe siyecl ga ti hinne, aptitid da aprantisaj dispozisyon margu fo ka i bay sanda i ga tilas zama boro ma du albarka margu da goy nangey XXIe siyecl wane ra edikatör, antrepriz bonkooney, iniversitekaw da ajans gobernemantal do."
"La pensée critique, la créativité, la collaboration et la communication sont souvent citées comme des compétences clés du XXIe siècle.","Miila kritik, kreyativite, kolaborasyon da komunikasyon, i g'i ci waati boobo sanda konpetans kle XXIe siyecl wane."
"L'alphabétisation numérique est la capacité d'utiliser les technologies de l'information et de la communication pour trouver, évaluer, créer et communiquer des informations, nécessitant à la fois des compétences cognitives et techniques.","Alfabetizasyon nimérik ga ti hinne ka boro ma teknoloji de l'enformasyon da de la komunikasyon goyandi zama a ma information gungun, k'a lasaabu, k'a te, k'a sanni te, ka ga konpetans kognitiv da teknik ihinka kul laamiya."
"L'alphabétisation médiatique est la capacité d'accéder, d'analyser, d'évaluer, de créer et d'agir en utilisant toutes les formes de communication.","Alfabetizasyon mediyatik ga ti hinne ka boro ma akses du, k'a analyse te, k'a lasaabu, k'a te, k'a goy komunikasyon dumi kul goyandiyan do."
"La citoyenneté numérique fait référence à l'utilisation responsable, éthique et sûre des technologies de l'information.","Sitwayenete nimérik ga teknoloji de l'enformasyon goyandiyaŋ ka ga hima, ka ti etik, ka gonda sekirite cabe."
L'empreinte numérique est l'ensemble des données traçables que vous laissez derrière vous lorsque vous utilisez Internet.,Anprent nimérik ga ti donnée ka i ga hin k'i gana kul marganta ka ni ga naŋ banda waati ka ni ga Internet goyandi.
La confidentialité en ligne est le niveau de confidentialité personnelle qu'un utilisateur a lorsqu'il utilise Internet.,Konfidansiyalite an liny ga ti konfidansiyalite personel nivo ka itilizatör fo gonda waati ka a ga Internet goyandi.
"La protection des données est le processus de sauvegarde des données importantes contre la corruption, la compromission ou la perte.","Proteksyon de donnée ga ti donnée ka tilas gaayumi laala, konpromi wala patiyan se proses."
Le Règlement général sur la protection des données (RGPD) est un règlement du droit de l'UE sur la protection des données et la vie privée dans l'Union européenne et l'Espace économique européen.,Regleman jeneral sur la proteksyon de donnée (RGPD) ga ti regleman drwa UE wane proteksyon de donnée da vi prive Inyon Eropeyen da Espas Ekonomik Eropeyen ra boŋ.
La fracture numérique fait référence à l'écart entre les personnes qui ont accès aux technologies de l'information et de la communication (TIC) modernes et celles qui n'y ont pas accès ou qui ont un accès restreint.,Fraktür nimérik ga fayfayyaŋ cabe borey ka gonda akses teknoloji de l'enformasyon da de la komunikasyon (TIC) modern se da ngey ka si akses du wala ka gonda akses ka daŋante game.
"L'inclusion numérique vise à garantir que tous les individus et toutes les communautés, y compris les plus défavorisés, aient accès et puissent utiliser les technologies de l'information et de la communication (TIC).","Enklüzyon nimérik muraado ga ti ka tabatandi ka boro kul da kominote kul, ka ngey ka bisa kul ka i naŋ gaa go ra, gonda akses, i ga hin ka teknoloji de l'enformasyon da de la komunikasyon (TIC) goyandi."
L'accessibilité du Web fait référence à la conception inclusive de sites Web pour permettre aux personnes handicapées d'interagir avec le Web.,Aksesibilite di Web ga sit Web plan enklüzif cabe zama i ma naŋ borey ka gonda andikap ma interaksyon te Web banda.
"Les technologies d'assistance sont des éléments, des équipements ou des systèmes de produits, qu'ils soient acquis commercialement, modifiés ou personnalisés, qui sont utilisés pour augmenter, maintenir ou améliorer les capacités fonctionnelles des personnes handicapées.","Teknoloji d'asistans ga ti eleman, ekipman wala sistem prodi wane, baa i n'i day komersyalman, i n'i modifiye wala i n'i personalize, ka i ga goyandi zama i ma borey ka gonda andikap hinne fonksyonel tonton, k'i gaay, wala k'i taysandi."
"La conception universelle est la conception de produits et d'environnements utilisables par toutes les personnes, dans la mesure du possible, sans qu'il soit nécessaire de les adapter ou de les concevoir de manière spécialisée.","Konsepsyon üniversel ga ti prodi da environnemaŋ plan ka boro kul ga hin k'i goyandi, mate ka hin kul, ka si laamiya ka i m'i adapte wala k'i plan te mate spesiyalize."
"L'innovation sociale fait référence à de nouvelles stratégies, concepts, idées et organisations qui répondent à des besoins sociaux de toutes sortes – des conditions de travail et de l'éducation à la santé communautaire et à l'environnement – et qui étendent et renforcent la société civile.","Inovasyon sosyal ga strateji, konsep, miila da organizasyon taji cabe ka ga laamey sosyal dumi kul to – goy kondisyon da karam gaa hala kominote lafiya da environnemaŋ – ka ga siivil margu feeri k'a gaabandi."
"L'entrepreneuriat social est une approche adoptée par les particuliers, les groupes, les start-ups ou les entrepreneurs, dans laquelle ils développent, financent et mettent en œuvre des solutions à des problèmes sociaux, culturels ou environnementaux.","Antreprenarya sosyal ga ti aprosh ka borey, margu, start-ap wala antreprenör ga te, ka i ga fondey te, k'i finanse, k'i daŋ goy ra problem sosyal, kültürel wala environnemantal se."
"Une entreprise sociale est une organisation qui applique des stratégies commerciales pour maximiser les améliorations du bien-être humain et environnemental, plutôt que de maximiser les profits pour les propriétaires externes.","Antrepriz sosyal ga ti organizasyon ka ga strateji komersiyal daŋ zama a ma boro da environnemaŋ byen-etr taysandiyan maksimize, manti ka a ma profit maksimize bandakoy ka go banda se."
"L'investissement d'impact fait référence aux investissements réalisés dans des entreprises, des organisations et des fonds dans l'intention de générer un impact social et environnemental mesurable aux côtés d'un rendement financier.","Envestisman d'enpak ga envestisman ka i te antrepriz, organizasyon da fon ra cabe ka anniya ga ti ka enpak sosyal da environnemantal ka i ga hin ka lasaabu te randeman finansiye banda."
"La responsabilité sociale des entreprises (RSE) est un type d'autorégulation commerciale internationale qui vise à contribuer aux objectifs sociétaux de nature philanthropique, activiste ou caritative en s'engageant ou en soutenant le bénévolat ou des pratiques éthiquement orientées.","Responsabilite sosyal de antrepriz (RSE) ga ti otorégülasyon komersiyal enternasyonal dumi fo ka muraado ga ti ka faaba muraadu sosyetal ka ti filantropik, aktivist wala karitativ se benevolat wala pratik ka ga koy etik gaa teyan wala i gaayumi do."
"La durabilité des entreprises est une approche visant à créer une valeur à long terme pour les parties prenantes en tenant compte de la manière dont une organisation donnée fonctionne dans l'environnement écologique, social et économique.","Dirabilite de antrepriz ga ti aprosh ka muraado ga ti ka alhorma kuuku te parti prenantey se organizasyon ka i no fo goy environnemaŋ ekolojik, sosyal da ekonomik ra gunaa do."
"Les critères environnementaux, sociaux et de gouvernance (ESG) sont un ensemble de normes pour les opérations d'une entreprise que les investisseurs socialement conscients utilisent pour sélectionner les investissements potentiels.","Kriter environnemanto, sosiyo e de gubernans (ESG) ga ti norm margu fo antrepriz fo operasyon se ka envestisör ka ga laakal daŋ margu boŋ ga goyandi zama i ma envestisman ka hin ka te suuba."
"L'économie verte est définie comme une économie qui vise à réduire les risques environnementaux et les pénuries écologiques, et qui vise un développement durable sans dégrader l'environnement.","Ekonomi verd, i g'a definisyon te sanda ekonomi ka muraado ga ti ka risk environnemantal da peniri ekolojik kaynandi, ka ga developpeman dirab laamiya ka si environnemaŋ laala."
"Les emplois verts sont des emplois décents qui contribuent à préserver ou à restaurer l'environnement, que ce soit dans les secteurs traditionnels tels que la fabrication et la construction, ou dans les nouveaux secteurs verts émergents tels que les énergies renouvelables et l'efficacité énergétique.","Anplwa verd ga ti goy ka hima ka ga faaba environnemaŋ gaayumi wala a te koyne se, baa sektör adadi ra sanda fabrikasyon da konstriksyon, wala sektör verd taji ka ga fatta ra sanda enerji ka i ga te koyne da efikasite enerjetik."
La finance verte est toute activité financière structurée qui a été créée pour garantir un meilleur résultat environnemental.,Finans verd ga ti aktivite finansiyer striktüre kul ka i te zama a ma albarka environnemantal ka bisa tabatandi.
Les obligations vertes sont des instruments à revenu fixe conçus spécifiquement pour soutenir des projets climatiques ou environnementaux spécifiques.,Obligasyon verd ga ti enstrüman a reveni fiks ka i plan te spesifikman zama i ma proje klimatik wala environnemantal spesifik gaay.
"La technologie propre (Cleantech) est tout processus, produit ou service qui réduit les impacts environnementaux négatifs grâce à des améliorations significatives de l'efficacité énergétique, à l'utilisation durable des ressources ou à des activités de protection de l'environnement.","Teknoloji propr (Cleantech) ga ti proses, prodi wala servis kul ka ga enpak environnemantal negativ kaynandi efikasite enerjetik taysandiyan beeri, resurs goyandiyaŋ dirab wala aktivite environnemaŋ gaayumi do."
L'écoconception est une approche de la conception de produits en mettant l'accent sur l'impact environnemental du produit tout au long de son cycle de vie.,Ekokonsepsyon ga ti aprosh prodi plan teyan wane ka laakal daŋyan prodi enpak environnemantal boŋ a sikl de vi kul ra.
"L'analyse du cycle de vie (ACV) est une technique permettant d'évaluer les impacts environnementaux associés à toutes les étapes de la vie d'un produit, du berceau à la tombe (c'est-à-dire, de l'extraction des matières premières à la transformation, la fabrication, la distribution, l'utilisation, la réparation et la maintenance, et l'élimination ou le recyclage).","Analiz di sikl de vi (ACV) ga ti teknik ka i ga daŋ zama i ma enpak environnemantal ka hima prodi fo fundi ce kul lasaabu, funa gaa hala kable (sanda, materiyel sintina funandiyan gaa hala barmayan, fabrikasyon, distribüsyon, goyandiyan, hanseyan da mentenans, da tuusuyaŋ wala resiklaj)."
"L'empreinte carbone est la quantité totale de gaz à effet de serre (GES) émis directement et indirectement par un individu, une organisation, un événement ou un produit.","Anprent karbon ga ti gaz a efe de ser (GES) lasaabu kul ka boro, organizasyon, evenman wala prodi fo ga naŋ cimi wala si cimi."
"La neutralité carbone fait référence à la réalisation d'émissions nettes de dioxyde de carbone nulles en équilibrant les émissions de dioxyde de carbone avec leur élimination (souvent par compensation carbone) ou en éliminant simplement les émissions de dioxyde de carbone (passant à ""l'économie post-carbone"").","Netralite karbon ga emisyon net diyoksid de karbon sifir toyyaŋ cabe diyoksid de karbon emisyon daŋandiyan do i tuusuyaŋ banda (waati boobo konpansasyon karbon do) wala diyoksid de karbon emisyon tuusuyaŋ hinne do (ka ga koy ""ekonomi post-karbon"" gaa)."
"La compensation carbone est une réduction des émissions de gaz à effet de serre ou une augmentation du stockage du carbone (par exemple, par la plantation d'arbres) utilisée pour compenser les émissions produites ailleurs.","Konpansasyon karbon ga ti emisyon gaz a efe de ser kaynandiyan wala karbon stokaj tontona (misalman, tuuri tilam do) ka i ga goyandi zama i ma emisyon ka i te nangu fo konpanse."
"Le captage et le stockage du carbone (CSC) est le processus de captage des déchets de dioxyde de carbone (CO2) provenant de grandes sources ponctuelles, telles que les centrales électriques au charbon, son transport vers un site de stockage et son dépôt là où il n'entrera pas dans l'atmosphère, normalement un gisement géologique souterrain.","Kaptaj e stokaj di karbon (CSC) ga ti diyoksid de karbon (CO2) fumbu ka ga fun funa pwenktüel beeri gaa diyan proses, sanda santral elektrik shabon wane, a kondayan stokaj nangu fo gaa da a daŋyan noodin ka a si furo atmosfer ra, waati boobo jizman jeolojik laabu cire wane."
L'utilisation du captage du carbone (CCU) est le processus de captage du dioxyde de carbone (CO2) pour le recycler en vue d'une utilisation ultérieure.,Itilizasyon di kaptaj di karbon (CCU) ga ti diyoksid de karbon (CO2) diyan proses zama i m'a resikle goyandiyan ka ga te banda se.
"L'énergie des vagues est le transport de l'énergie par les vagues de surface de l'océan et la capture de cette énergie pour effectuer un travail utile – par exemple, la production d'électricité, le dessalement de l'eau ou le pompage de l'eau dans des réservoirs.","Enerji de vag ga ti enerji kondayan oseyan sirfas vagey do da enerjiyo din diyan zama i ma goy ka gonda nafa te – misalman, elektrisite prodüksyon, hari desalinizasyon wala hari ponpaj rezervoar ra."
"L'énergie marémotrice est une forme d'hydroélectricité qui convertit l'énergie obtenue à partir des marées en formes utiles d'énergie, principalement l'électricité.","Enerji maremotris ga ti idroelektrisite dumi fo ka ga enerji ka i du marey gaa barmay ka te enerji dumi ka gonda nafa, sankara elektrisite."
"L'énergie osmotique, également connue sous le nom d'énergie de gradient de salinité ou d'énergie bleue, est l'énergie disponible à partir de la différence de concentration de sel entre l'eau de mer et l'eau de rivière.","Enerji osmotik, ka i ga bay mo sanda enerji de gradyan de salinite wala enerji blö, ga ti enerji ka go no ciiri konsantrasyon barmay teeko hari da isa hari game."
La conversion de l'énergie thermique des océans (OTEC) est un processus ou une technologie permettant de produire de l'énergie en exploitant la différence de température (gradient thermique) entre les eaux de surface plus chaudes de l'océan et les eaux océaniques plus froides et profondes.,Konversyon de l'enerji termik de oseyan (OTEC) ga ti proses wala teknoloji enerji teyan se tanperatir barmay (gradyan termik) oseyan sirfas hari ka gullo ka bisa da oseyan hari ka sumay ka kuuku ka bisa game goyandiyan do.
Les véhicules électriques (VE) utilisent un ou plusieurs moteurs électriques ou moteurs de traction pour la propulsion.,Vehikil elektrik (VE) ga motör elektrik wala motör traksyon fo wala ka bisa goyandi propülsyon se.
Les véhicules hybrides combinent un moteur à combustion interne conventionnel (ICE) avec un système de propulsion électrique.,Vehikil ibrid ga motör a konbistyon entern konvansyonel (ICE) da sistem propülsyon elektrik margu.
Les véhicules à pile à combustible (FCEV) utilisent une pile à combustible pour alimenter leur moteur électrique embarqué.,Vehikil a pil a konbustibl (FCEV) ga pil a konbustibl goyandi zama i ma ngey motör elektrik ka go i ra ŋwaarayandi.
L'infrastructure de recharge est nécessaire pour prendre en charge l'adoption généralisée des véhicules électriques.,Enfrastrüktür de resharj ga tilas zama i ma vehikil elektrik yaddayan ka fay gaay.
La recharge intelligente ajuste la vitesse de recharge des véhicules électriques en fonction de la demande du réseau et de la disponibilité des énergies renouvelables.,Resharj entelijant ga vehikil elektrik resharj vites daŋandi rezo laamiya da enerji ka i ga te koyne goro boŋ.
La technologie Vehicle-to-grid (V2G) permet aux véhicules électriques de renvoyer de l'électricité au réseau électrique.,Teknoloji Vehicle-to-grid (V2G) ga naŋ vehikil elektrik ma elektrisite ye ka no rezo elektrik se.
"Les transports publics comprennent les bus, les trains, les tramways et les métros qui fournissent des services de transport partagés.","Transport publik ra, bis, tren, tramwe da metro ka ga servis transport ka i ga fay no go no."
La mobilité en tant que service (MaaS) intègre divers services de transport en un seul service de mobilité accessible sur demande.,Mobilite an tan ke servis (MaaS) ga servis transport dumi boobo margu ka te servis mobilite foloko ka i ga du laamiya boŋ.
"L'urbanisme est le processus technique et politique concerné par le développement et la conception de l'utilisation des terres et de l'environnement bâti, y compris l'air, l'eau et l'infrastructure entrant et sortant des zones urbaines, telles que le transport, les communications et les réseaux de distribution.","Urbanism ga ti proses teknik da politik ka ga laabu goyandiyan da environnemaŋ ka i cina developpeman da i plan hima, ka haw, hari da enfrastrüktür ka ga furo da ka ga fatta nangu urban ra go ra, sanda transport, komunikasyon da rezo distribüsyon."
Le zonage est une méthode d'urbanisme dans laquelle une municipalité ou une autre instance gouvernementale divise les terres en zones dans lesquelles certaines utilisations des terres sont autorisées ou interdites.,Zonaj ga ti metod urbanism ka minisipalite wala organ gobernemantal fo ga laabu fay zon ra ka laabu goyandiyan fooyaŋ ga yadda wala i g'i gaay.
"Le développement axé sur les transports en commun (TOD) est un type de développement urbain qui maximise la quantité d'espaces résidentiels, commerciaux et de loisirs à distance de marche des transports en commun.","Developpeman akse sur le transpor an komun (TOD) ga ti developpeman urban dumi fo ka ga nangu ka i ga goro, ka i ga komers te da ka i ga farhã te lasaabu maksimize mooru ka boro ga hin ka ce ka to transport komun gaa."
Les villes piétonnes sont conçues pour donner la priorité aux piétons par rapport aux autres modes de transport.,"Vil piyeton, i n'i plan te zama i ma piyeton no jina mod transport fooyaŋ boŋ."
"Les infrastructures cyclables, telles que les pistes cyclables et les parkings à vélos, favorisent le vélo comme mode de transport.","Enfrastrüktür siklabl, sanda pist siklabl da parkin velo wane, ga velo teyan sanda mod transport taysandi."
"Les espaces verts urbains, tels que les parcs et les jardins, offrent des avantages récréatifs, écologiques et sanitaires.","Espas verd urban, sanda park da jardin, ga nafa rekreyasyonel, ekolojik da saniter no."
"L'agriculture urbaine est la pratique de la culture, de la transformation et de la distribution de nourriture dans ou autour des zones urbaines.","Agrikültür urben ga ti ŋwaari tayyan, a barmayan da a fayfayyaŋ goy nangu urban ra wala i jarga."
"Les toits verts sont des toits de bâtiments partiellement ou complètement recouverts de végétation et d'un milieu de culture, plantés sur une membrane d'étanchéité.","Twa verd ga ti cinari boŋ ka i daabu kayna wala kul da vejetasyon da milieu de kültür, ka i tilam membran etansheite fo boŋ."
"Les murs vivants, ou murs verts, sont des murs partiellement ou complètement recouverts de végétation, comportant un milieu de culture, tel que de la terre ou un substrat.","Mir vivan, wala mir verd, ga ti cinari ka i daabu kayna wala kul da vejetasyon, ka gonda milieu de kültür, sanda laabu wala sibstra."
La collecte des eaux pluviales dans les zones urbaines peut réduire les inondations et fournir une source d'eau.,"Hari marguyan nangu urban ra ga hin ka hari beeri kaynandi, a ma hari funa no."
"Les chaussées perméables permettent à l'eau de pluie de s'infiltrer dans le sol, réduisant ainsi le ruissellement.","Shose permeabl ga naŋ hari ma furo laabo ra, ka ga hari zuru kaynandi."
"La conception de bâtiments écologiques (Green Building) se concentre sur l'efficacité des ressources, la réduction des déchets et la création d'environnements intérieurs sains.","Konsepsyon de batiman ekolojik (Green Building) ga laakal daŋ resurs efikasite, fumbu kaynandiyan da environnemaŋ cire ka lafiya teyan boŋ."
"Les normes de construction écologique, telles que LEED et BREEAM, fournissent des cadres pour la conception, la construction, l'exploitation et la maintenance de bâtiments écologiques.","Norm de konstriksyon ekolojik, sanda LEED da BREEAM, ga fonda no batiman ekolojik plan, i cina, i goyandiyan da i mentenans se."
"L'efficacité énergétique dans les bâtiments réduit la consommation d'énergie pour le chauffage, la climatisation, l'éclairage et les appareils.","Efikasite enerjetik batiman ra ga enerji konsomasyon kaynandi dullandiyan, klimatizasyon, kaari da aparey se."
"L'isolation, les fenêtres à haute performance et l'éclairage économe en énergie sont des mesures clés d'efficacité énergétique.","Izolasyon, fonetar ot performans da kaari ka ga enerji daabu ga ti efikasite enerjetik lasaabu beeri."
Les appareils électroménagers économes en énergie réduisent la consommation d'électricité.,Aparey elektromeenaje ka ga enerji daabu ga elektrisite konsomasyon kaynandi.
L'énergie solaire passive utilise la conception des bâtiments pour capter la chaleur du soleil en hiver et la rejeter en été.,Enerji soler pasiv ga batiman plan goyandi zama a ma wayna gullum di sumay ra k'a naŋ été ra.
"Les systèmes de chauffage, de ventilation et de climatisation (CVC) écoénergétiques améliorent le confort et réduisent la consommation d'énergie.","Sistem de shofaj, de vantilasyon e de klimatizasyon (CVC) ekoenerjetik ga konfor taysandi, i ga enerji konsomasyon kaynandi."
La qualité de l'air intérieur (QAI) est importante pour la santé et le bien-être des occupants des bâtiments.,Kalite de l'er enteriyör (QAI) ga tilas batiman borey lafiya da i byen-etr se.
La ventilation assure un apport d'air frais et élimine les polluants intérieurs.,"Vantilasyon ga haw taji nooyan tabatandi, a ga polüan cire wane tuusu."
Les matériaux de construction à faibles émissions (Low-VOC) réduisent la libération de composés organiques volatils nocifs.,Materiyo de konstriksyon a feb emisyon (Low-VOC) ga konpoze organik volatil laalo feeriyaŋ kaynandi.
"L'éclairage naturel (Daylighting) utilise la lumière naturelle pour éclairer les espaces intérieurs, réduisant ainsi le besoin d'éclairage artificiel.","Ekleraj natürel (Daylighting) ga kaari naturel goyandi zama a ma espas cire kaarayandi, ka ga kaari artifisyel laamiya kaynandi."
"La gestion de l'eau dans les bâtiments comprend des appareils à faible débit, la collecte des eaux de pluie et le recyclage des eaux grises.","Jeston de l'o batiman ra ra, aparey a debi feb, hari marguyan da hari gri resiklaj go no."
"Les eaux grises sont les eaux usées relativement propres provenant des baignoires, des lavabos, des machines à laver et d'autres appareils de cuisine.","O griz ga ti o uze ka hanan ka ga fun benwar, lavabo, masin nyunyan wane da aparey kizin fooyaŋ."
"La construction modulaire implique la fabrication de sections de bâtiments (modules) hors site, puis leur assemblage sur site.","Konstriksyon modüler ra, batiman seksyon (modül) fabrikasyon nangu banda, banda i m'i margu nangu ra go no."
Les bâtiments à énergie nuls (Net-Zero Energy Buildings) produisent autant d'énergie renouvelable qu'ils en consomment sur une base annuelle.,Batiman a enerji nil (Net-Zero Energy Buildings) ga enerji ka i ga te koyne te mate ka i ga konsome jiiri fo boŋ.
Les bâtiments à énergie positive produisent plus d'énergie renouvelable qu'ils n'en consomment.,Batiman a enerji pozitiv ga enerji ka i ga te koyne te ka bisa mate ka i ga konsome.
La rénovation énergétique des bâtiments existants est cruciale pour réduire la consommation globale d'énergie.,Renovasyon enerjetik batiman ka go sohon wane ga tilas gumo zama enerji konsomasyon kul ma kaynandi.
L'audit énergétique identifie les opportunités d'amélioration de l'efficacité énergétique.,Odit enerjetik ga dama bay efikasite enerjetik taysandiyan se.
Les contrats de performance énergétique (CPE) sont des accords dans lesquels les économies d'énergie financent le coût des améliorations.,Kontra de performans enerjetik (CPE) ga ti akord ka ekonomi d'enerji ga taysandiyan sanda finanse.
L'économie comportementale peut être utilisée pour encourager les comportements économes en énergie.,"Ekonomi konportemantal, i g'a goyandi zama i ma alhaali ka ga enerji daabu taysandi."
"Les compteurs intelligents fournissent des informations en temps réel sur la consommation d'énergie, permettant aux utilisateurs de mieux la gérer.","Kontör entelijan ga information no waati cimi ra enerji konsomasyon boŋ, ka ga naŋ itilizatör ma nga boŋ daabu kaani ka bisa."
"Les communautés énergétiques permettent aux citoyens de produire, de consommer et de partager collectivement de l'énergie renouvelable.","Kominote enerjetik ga naŋ sitwayen ma enerji ka i ga te koyne te, k'a konsome, k'a fay margante."
La pauvreté énergétique est le manque d'accès à des services énergétiques modernes et abordables.,Puvrete enerjetik ga ti akses si teyan servis enerjetik modern da ka si daabu se.
L'accès universel à l'énergie est un objectif de développement durable.,Akses üniversel a l'enerji ga ti developpeman dirab muraadu fo.
Les mini-réseaux décentralisés peuvent fournir de l'électricité aux communautés rurales éloignées.,Mini-rezo desantralize ga hin ka elektrisite no kominote rural ka mooru se.
Les systèmes solaires domestiques fournissent de l'électricité à des ménages individuels.,Sistem soler domestik ga elektrisite no fu folokantey se.
Les solutions de cuisson propres réduisent la pollution de l'air intérieur due à la combustion de biomasse traditionnelle.,Solüsyon de küison propr ga polüsyon de l'er enteriyör ka ga fun biyomas adadi tonyaŋ do kaynandi.
L'électrification des transports est essentielle pour réduire les émissions du secteur des transports.,Elektrifikasyon de transpor ga tilas zama emisyon sektör de transpor wane ma kaynandi.
Les carburants durables pour l'aviation (SAF) sont une alternative aux carburants d'aviation conventionnels.,Karbüran dirab pur l'aviyasyon (SAF) ga ti alternativ karbüran aviyasyon konvansyonel se.
L'hydrogène vert peut être utilisé comme carburant propre pour les transports et l'industrie.,"Idrojen verd, i g'a goyandi sanda karbüran hanante transport da endustri se."
L'ammoniac vert est un autre vecteur énergétique potentiel.,Amonyak verd ga ti vektör enerjetik potansiyel fo.
L'économie de l'hydrogène fait référence à une économie future où l'hydrogène est utilisé comme principal vecteur énergétique.,Ekonomi de l'idrojen ga ekonomi ka ga te suba cabe ka idrojen ga te vektör enerjetik beeri.
"Les politiques de tarification du carbone, telles que les taxes sur le carbone ou les systèmes d'échange de quotas d'émission, visent à internaliser les coûts externes des émissions.","Politik de tarifikasyon di karbon, sanda taks karbon boŋ wala sistem eshanj de kota d'emisyon, muraado ga ti ka kost ekstern emisyon wane daŋ cire."
Les subventions aux combustibles fossiles entravent la transition vers les énergies propres.,Sibvansyon o konbustibl fosil ga tranzisyon enerji propr gaa gaay.
L'investissement dans les infrastructures d'énergie propre est crucial pour la transition énergétique.,Envestisman enfrastrüktür enerji propr ra ga tilas gumo tranzisyon enerjetik se.
La coopération internationale est nécessaire pour relever les défis mondiaux du changement climatique et de l'énergie.,Kooperasyon enternasyonal ga tilas zama i ma hasara mondiyal shanjman klimatik da enerji wane hin.
L'éducation et la sensibilisation du public sont importantes pour promouvoir des modes de vie durables.,Edukasyon da jama laakal tunandi ga tilas zama i ma fundi alhaali dirab taysandi.
"Les choix individuels, lorsqu'ils sont agrégés, peuvent avoir un impact significatif.","Suubuyan folokantey, waati ka i margu, ga hin ka enpak ka gonda alhorma te."
La pensée systémique est nécessaire pour comprendre les interconnexions complexes des défis de la durabilité.,Miila sistemik ga tilas zama boro ma interkoneksyon sandi ka hima dirabilite hasarey faham.
L'innovation technologique et sociale est essentielle pour trouver des solutions durables.,Inovasyon teknolojik da sosyal ga tilas zama i ma fondey dirab gungun.
"Un avenir durable nécessite une transformation fondamentale de nos économies, de nos sociétés et de nos modes de vie.","Suba dirab ga barmayan fondamental iri ekonomi, iri margu da iri fundi alhaali wane laamiya."
L'optimisme et la détermination sont importants pour relever les défis de la durabilité.,Optimism da determinasyon ga tilas zama i ma dirabilite hasarey hin.
"Chaque action, petite ou grande, contribue à un avenir plus durable.","Goy kul, kayna wala beeri, ga faaba suba ka ga dirab ka bisa se."
"Il était une fois, dans un petit village niché au creux des montagnes, un jeune berger nommé Ali.","Waati fo, kwaara kayna fo ra ka go tondi cire, farkoŋ zanka fo go no ka i ga ce Ali."
Ali aimait ses moutons plus que tout au monde.,Ali ga nga feejey baa ka bisa hay kul ndunnya ra.
"Chaque matin, il les menait paître dans les vertes prairies.","Subba kul, a g'i konda i ma subu ŋwa saaji kobtey ra."
"Un jour, alors qu'il surveillait son troupeau, un loup affamé apparut.","Han fo, waati ka a ga nga alman marga guna, muusu harayante fo na fatta."
Le loup voulait dévorer un mouton dodu.,Muuso ga baa feeji fo ka gaaray ma ŋwa.
"Ali, bien que jeune, était courageux.","Ali, baa a ma zanka, a ga ti gaabikooni."
Il prit son bâton et se plaça entre le loup et ses moutons.,"A na nga goobu di, a kay muuso da nga feejey game."
« Laisse mes moutons tranquilles ! » cria Ali.,« Ma ay feejey naŋ da lafiya! » Ali na jinde te.
"Le loup, surpris par tant d'audace, hésita un instant.","Muuso, kaŋ gaabiyaŋ din naŋ a ma dambara, na gay kayna."
"Ali en profita pour crier plus fort, alertant les autres bergers du village.","Ali na dama din di ka jinde te ka bisa, ka kwaara farkoŋ fooyaŋ laakal tunandi."
Les bergers accoururent avec leurs chiens.,Farkoy na zuru ka kaa ngey hansiyey banda.
"Voyant cela, le loup s'enfuit, la queue entre les pattes.","Waato ka a na woodin di, muuso na zuru, nga biriyo nga cey game."
Ali avait sauvé son troupeau grâce à son courage.,Ali na nga alman marga faaba nga gaabo do.
Les villageois le félicitèrent et il devint un héros local.,"Kwaara borey n'a fo, a te nangu gaso."
Dans une grande forêt vivait un petit écureuil nommé Noisette.,"Saaji beeri fo ra, fono kayna fo go no ka i ga ce Nwayet."
Noisette était très travailleur et passait ses journées à amasser des noix pour l'hiver.,"Nwayet ga ti goykwa gumo, a ga nga zaarey kul te nwa marguyan sumay se."
"Un jour, il rencontra une cigale qui chantait joyeusement sur une branche.","Han fo, a na kubay da sigale fo ka ga dooni da kaani bina tuuri kambe fo boŋ."
"« Pourquoi travailles-tu si dur, Noisette ? » demanda la cigale. « L'été est fait pour chanter et s'amuser ! »","« Ifo se no ni ga goy da gaabi yaadin, Nwayet? » sigalo na hã. « Koraŋ, dooni da farhã teyan se no i n'a te! »"
"Noisette répondit : « Je prépare des provisions pour l'hiver, quand il n'y aura plus rien à manger. »","Nwayet na zaabi: « Ay ga ŋwaari soola sumay se, waati ka hay kulu si te ka i ga ŋwa. »"
La cigale rit et continua de chanter.,"Sigalo na haaru, a na nga doono gaay."
"L'hiver arriva, froid et neigeux.","Sumay kaa, da sumay da nej."
"Noisette avait plein de noix dans son trou, bien au chaud.","Nwayet gonda nwa boobo nga guso ra, nangu ka gullo kaani."
"La cigale, affamée et grelottante, vint frapper à la porte de Noisette.","Sigalo, ka haray g'a di ka ga karkar, na kaa ka Nwayet fuwo kusu."
"« Noisette, mon ami, aurais-tu quelques noix à me donner ? Je meurs de faim. »","« Nwayet, ay core, ni gonda nwa kayna ka ni g'ay no? Haray g'ay wi. »"
"Noisette, qui avait bon cœur, partagea ses provisions avec la cigale.","Nwayet, ka gonda bine kaano, na nga ŋwaarey fay da sigalo."
"« Mais l'été prochain, » dit Noisette, « pense à travailler un peu aussi. »","« Amma koraŋ ka ga kaa, » Nwayet na ci, « ma fongu ka ni ma goy kayna mo. »"
La cigale promit de suivre son conseil.,Sigalo na alkaul no ka a ga nga saaware gana.
Un vieux pêcheur vivait seul au bord de la mer.,Hamisadinko zeeno fo go no nga hinne teeko daŋay gaa.
"Chaque jour, il sortait en mer avec sa petite barque, espérant attraper du poisson.","Zaari kul, a ga fatta teeko gaa nga hi kayna banda, ka ga beeje ka a ma hamisa di."
"Mais depuis plusieurs semaines, il ne ramenait rien.","Amma za hefti boobo, a si hay kulu kande."
Les autres pêcheurs se moquaient de lui.,Hamisadinko fooyaŋ g'a haaru.
"Un matin, il lança sa ligne très loin.","Subba fo, a na nga jaari catu mooru gumo."
"Soudain, la ligne se tendit violemment.","Waati foloko, jaaro na sandi da gaabi."
Le vieux pêcheur lutta pendant des heures avec ce qui semblait être un poisson énorme.,Hamisadinko zeeno na wongu te guuru boobo da hay ka ga sanda hamisa beeri.
"Finalement, il réussit à ramener un espadon gigantesque.","Banda, a na hin ka espadon beeri gumo kande."
C'était le plus gros poisson qu'il ait jamais vu.,Hamisa ka bisa kul ka a di abada no.
"De retour au port, tous les autres pêcheurs furent stupéfaits.","Waato ka a ye por gaa, hamisadinko fooyaŋ kul na dambara."
Le vieux pêcheur avait prouvé que la patience et la persévérance finissent toujours par payer.,Hamisadinko zeeno na tabatandi ka suuru da gaayumi ga hin banda waati kul.
Il vendit le poisson et vécut confortablement pendant longtemps.,"A na hamiso neera, a goro da alhaali kaani waati kuuku."
"Dans un royaume lointain, une princesse nommée Lila était très malheureuse.","Bonkoonitara mooru fo ra, bonkoon ize wayo fo ka i ga ce Lila go no ka bina si kaan gumo."
"Son père, le roi, voulait la marier à un prince riche mais cruel.","A baaba, bonkoono, ga baa a ma hiiji nda prens arzakaante amma ka gonda bine laalo."
"Lila aimait un jeune jardinier du palais, doux et attentionné.","Lila ga palas jardiniye zanka fo baa, ka ga hawru ka ga laakal daŋ."
"Un soir, Lila décida de s'enfuir avec le jardinier.","Wiciri fo, Lila na anniya te ka a ma zuru jardiniyo banda."
Ils prirent des provisions et quittèrent le palais en secret.,"I na ŋwaari di, i fun palas gaa da tuguyaŋ."
"Le roi, furieux, envoya ses gardes à leur poursuite.","Bonkoono, ka futu gumo, na nga gardey donton i ma ngey gana."
Lila et le jardinier coururent à travers la forêt pendant des jours.,Lila da jardiniyo na zuru saaji beero ra zaari boobo.
"Épuisés, ils arrivèrent à une petite cabane abandonnée.","Ka i farga, i to fu kayna ka i naŋ fo gaa."
Une vieille femme sage y vivait.,Wayboro zeeno laakalante fo go no.
Elle leur offrit l'hospitalité et écouta leur histoire.,"A n'i yadda, a na ngey baaro maa."
La vieille femme leur donna une potion magique.,Wayboro zeeno n'i no yaaji majik fo.
"« Buvez ceci, et le roi ne vous reconnaîtra plus. »","« Araŋ ma wo haŋ, bonkoono si araŋ bay koyne. »"
Lila et le jardinier burent la potion.,Lila da jardiniyo na yaajo haŋ.
"Leurs apparences changèrent légèrement, assez pour tromper les gardes.","I alhaali na barmay kayna, ka to ka gardey fansi."
Ils remercièrent la vieille femme et continuèrent leur chemin.,"I na wayboro zeeno fo, i na ngey fonda gaay."
"Ils s'installèrent dans un village paisible et vécurent heureux, loin de la cruauté du roi.","I goro kwaara ka gonda lafiya fo ra, i goro da kaani bina, ka mooru bonkoono bine laalo gaa."
Un petit oiseau avait perdu sa mère.,Curko kayna fo na nga nya pati.
"Il volait de branche en branche, appelant tristement.","A ga tun tuuri kambe boŋ ka koy afa boŋ, ka ga ce da bine saray."
Un hibou sage l'entendit.,Hilli laakalante fo n'a maa.
"« Petit oiseau, pourquoi pleures-tu ? » demanda le hibou.","« Curko kayna, ifo se no ni ga hẽ? » hillo na hã."
"« J'ai perdu ma mère, et je ne sais pas où elle est. »","« Ay na ay nya pati, ay si bay man a go. »"
"Le hibou, connaissant bien la forêt, réfléchit.","Hillo, ka ga saaji beero bay kaani, na miila."
"« Ta mère a des plumes bleues et un chant mélodieux, n'est-ce pas ? »","« Ni nya gonda kuurey bulu da dooni kaano, manti yaadin no? »"
"« Oui ! » s'exclama le petit oiseau, plein d'espoir.","« To! » curko kayno na ci, ka to da beeje."
"« Alors suis-moi, je crois savoir où elle est. »","« Kala ni ma ay gana, ay ga lasaabu ka ay bay man a go. »"
Le hibou guida le petit oiseau à travers les arbres.,Hillo na curko kayno candi tuurey ra.
"Finalement, ils arrivèrent à un grand chêne.","Banda, i to shen beeri fo gaa."
"Là, sur une branche, se trouvait la mère oiseau, inquiète.","Noodin, tuuri kambe fo boŋ, curko nya go no, ka ga bine haw."
Les retrouvailles furent joyeuses.,Kubayey na kaani bina te.
Le petit oiseau remercia chaleureusement le hibou pour son aide précieuse.,Curko kayno na hillo fo da gaabi nga faaba ka gonda alhorma se.
Un jeune inventeur nommé Karim rêvait de voler.,Inventör zanka fo ka i ga ce Karim ga fafayaŋ miila.
Il passait des heures dans son atelier à construire des ailes.,A ga guuru boobo te nga ateliye ra ka fafayaŋ te.
Ses premières tentatives furent des échecs.,A ceeciyan sintina kul na pati.
"Les ailes étaient trop lourdes, ou trop fragiles.","Fafayaŋey ga tiŋo gumo, wala i si gaabi."
Les gens du village se moquaient de ses efforts.,Kwaara borey ga nga goyey haaru.
Mais Karim ne se découragea pas.,Amma Karim mana bine buri.
"Il étudia le vol des oiseaux, observant attentivement leurs mouvements.","A na curkoy fafayaŋ dondon, ka ga ngey diraw guna da laakal."
"Il comprit qu'il avait besoin d'ailes légères et solides, et d'une bonne technique.","A na faham ka a ga fafayaŋ ka farhã ka gaabi laamiya, da teknik kaano mo."
"Après de nombreux essais, il construisit une paire d'ailes parfaites.","Ceeciyan boobo banda, a na fafayaŋ margu ka timme te."
Il monta au sommet d'une colline et s'élança.,"A na tondi kayna fo boŋ kuru, a na nga boŋ catu."
"Au début, il tomba, mais il se releva et réessaya.","Sintina ra, a na kaŋ, amma a na tun ka ceeci koyne."
"Finalement, le vent le souleva.","Banda, hawo n'a sambu."
"Karim volait ! Il planait au-dessus du village, le cœur rempli de joie.","Karim ga fafa! A ga kwaara boŋ dira, nga bina to da kaani."
"Les villageois, ébahis, le regardaient avec admiration.","Kwaara borey, ka dambara, g'a guna da say."
Karim avait réalisé son rêve grâce à sa persévérance.,Karim na nga miila te cimi nga gaayumi do.
Une petite tortue nommée Kumba était très lente.,Kunkurfu kayna fo ka i ga ce Kumba ga dira da gayyaŋ gumo.
Tous les autres animaux de la forêt se moquaient de sa lenteur.,Saaji alman fooyaŋ kul g'a gayyaŋo haaru.
"Un jour, un lièvre arrogant la défia à la course.","Han fo, kondi fo ka ga boŋ beeriandi n'a ce wongu zuru ra."
« Je suis sûr de gagner ! » se vanta le lièvre.,« Ay ga tabati ka ay ga hin! » kondi na nga boŋ fo.
"Kumba accepta le défi, à la surprise de tous.","Kumba na wongoo yadda, ka boro kul dambara."
La course commença.,Zuroo sintin.
Le lièvre partit comme une flèche et prit une grande avance.,"Kondi na fun sanda biraw, a na mooru beeri te."
"Voyant Kumba loin derrière, il décida de faire une sieste sous un arbre.","Waato ka a na Kumba di mooru banda, a na anniya te ka a ma kani kayna tuuri fo cire."
"Kumba, quant à elle, avançait lentement mais sûrement, sans jamais s'arrêter.","Kumba, nga kambe gaa, ga dira da hawru amma da tabati, ka si gay abada."
Le lièvre dormit plus longtemps que prévu.,Kondi na kani ka bisa mate ka a ga lasaabu.
"Quand il se réveilla, il vit Kumba approcher de la ligne d'arrivée.","Waato ka a tun, a na Kumba di ka ga maan tooyan nango gaa."
"Il se mit à courir de toutes ses forces, mais il était trop tard.","A na sintin ka zuru da nga gaabo kul, amma wati bisa."
Kumba franchit la ligne d'arrivée la première.,Kumba na tooyan nango daŋandi sintina.
La lente et régulière Kumba avait gagné la course.,Kumba ka ga dira da gayyaŋ ka ga tabati na zuroo hin.
Le lièvre apprit une leçon d'humilité ce jour-là.,Kondi na boŋ kaynandiyan derse dondon zaaro din.
"Dans un village côtier, une jeune fille nommée Aïcha aimait ramasser des coquillages.","Kwaara ka go teeko daŋay gaa fo ra, zanka wayo fo ka i ga ce Aysha ga baa ka kunkuni margu."
"Un jour, elle trouva un coquillage particulièrement beau, aux couleurs chatoyantes.","Han fo, a na kunkuni fo ka kaanu gumo du, ka gonda fär ka ga karkar."
"En le portant à son oreille, elle entendit une douce mélodie.","Waato ka a n'a daŋ nga hanga gaa, a na melodi hawru fo maa."
Le coquillage était magique et parlait la langue de la mer.,"Kunkuno ga ti majik, a ga teeko sanni te."
"Il raconta à Aïcha les secrets des profondeurs, les trésors cachés et les créatures merveilleuses.","A na Aysha se teeko cire gundey, arzaka ka tugu da alman ka kaanu baaro te."
Aïcha passait des heures à écouter le coquillage.,Aysha ga guuru boobo te ka ga kunkuno maa.
Elle apprit beaucoup sur l'océan et ses mystères.,A na hay boobo dondon oseyan da a gundey boŋ.
"Un jour, une grande tempête menaça le village.","Han fo, haw beeri fo na kwaara kankam."
Les vagues étaient énormes et les vents violents.,"Teeko kurey ga beeri gumo, hawey ga gaabi."
Le coquillage avertit Aïcha d'un danger imminent : un tsunami.,Kunkuno na Aysha laakal tunandi kankami ka ga maan se: tsunami.
Aïcha courut alerter les villageois.,Aysha na zuru ka kwaara borey laakal tunandi.
"Grâce à l'avertissement du coquillage, tous purent se réfugier sur les hauteurs avant que la vague ne frappe.","Kunkuno laakal tunandiyano do, i kul na hin ka tugu nangu ka ziji gaa za teeko kuro mana kar."
"Le village fut sauvé, et Aïcha fut saluée comme une héroïne.","Kwaara na faaba, i na Aysha fo sanda gaso."
"Elle garda précieusement son coquillage magique, son ami de la mer.","A na nga kunkuni majiko gaay da alhorma, nga teeko core."
"Un roi possédait un jardin magnifique, mais une seule chose y manquait : un oiseau au chant d'or.","Bonkoon fo gonda kaley ka kaanu gumo, amma hay foloko no ga si no: curko ka gonda wura dooni."
Il promit une grande récompense à celui qui lui apporterait cet oiseau.,A na nooru beeri alkaul no bora ka g'a kande curko din se.
"De nombreux princes et chasseurs tentèrent leur chance, en vain.","Prens da gundakaw boobo na ngey dama ceeci, amma i mana du."
"Un jeune homme pauvre, mais au cœur pur, entendit parler de la quête.","Arzaka si te zanka fo, amma ka gonda bine hanante, na ceeciyano sanni maa."
"Il décida de tenter sa chance, non pour la récompense, mais pour la beauté du défi.","A na anniya te ka a ma nga dama ceeci, manti nooro se, amma wongoo kaanoyaŋ se."
"Il voyagea longtemps, traversant forêts et montagnes.","A na dira kuuku te, ka saaji beeri da tondey daŋandi."
"Un jour, il arriva dans une clairière enchantée.","Han fo, a to nangu ka feeri ka gonda maji fo ra."
"Au centre se trouvait un arbre d'argent, et sur ses branches, l'oiseau au chant d'or.","A bindo ra, tuuri arzan fo go no, a kambey boŋ, curko ka gonda wura dooni."
L'oiseau ne se laissa pas attraper facilement.,Curko mana nga boŋ naŋ i m'a di da farhã.
"Mais le jeune homme, par sa patience et sa douceur, gagna la confiance de l'oiseau.","Amma zanka, nga suuro da a hawro do, na curko naanay du."
L'oiseau accepta de l'accompagner au palais.,Curko na yadda ka a m'a gana palas gaa.
Le roi fut émerveillé par le chant de l'oiseau.,Bonkoono na dambara curko doono do.
"Il offrit au jeune homme la récompense promise, mais celui-ci refusa.","A na zanka no nooro ka a n'a alkaul no, amma bora din na wangu."
"« La beauté de ce chant ne s'achète pas, » dit-il. « Je vous l'offre. »","« Doono wo kaanoyaŋ si day, » a na ci. « Ay g'araŋ no. »"
"Le roi, touché par sa noblesse, fit de lui son conseiller.","Bonkoono, ka a beeray naŋ a ma suuji, n'a te nga saawarekwa."
L'oiseau au chant d'or apporta joie et prospérité au royaume.,Curko ka gonda wura dooni na kaani bina da arzaka kande bonkoonitara se.
"Deux frères vivaient ensemble. L'aîné était égoïste, le cadet généreux.","Arme ihinka go no care banda. Bero ga ti boŋ hinne baakasinakaw, kayno ga ti kulu."
"Un jour, ils trouvèrent un sac d'or sur la route.","Han fo, i na wura buukey fo du fonda boŋ."
L'aîné voulut tout garder pour lui.,Bero na baa ka a ma kul gaay nga boŋ se.
"« Non, » dit le cadet, « partageons équitablement. »","« Kala, » kayno na ci, « iri ma fay da adilitaray. »"
Ils se disputèrent et décidèrent de demander conseil à un sage du village.,"I na wongu te, i na anniya te ka i ma saaware ŋwaaray kwaara laakalante fo gaa."
Le sage écouta leur histoire.,Laakalanto na ngey baaro maa.
"Puis il dit : « L'or appartient à celui qui l'a trouvé, mais la sagesse est de le partager. »","Banda a na ci: « Wura ga ti bora ka n'a du wane, amma laakari ga ti ka i m'a fay. »"
"Il proposa une solution : « Divisez l'or en trois parts. Une pour l'aîné, une pour le cadet, et la troisième pour celui qui a eu l'idée de partager. »","A na fonda fo cabe: « Araŋ ma wura fay kambe ihinza. Afo bero se, afo kayno se, ihinzanta bora ka na miila te ka i m'a fay se. »"
"L'aîné, réalisant que le cadet aurait alors deux parts, comprit la leçon.","Bero, ka faham ka kayno ga du kambe ihinka, na derseo faham."
Il accepta de partager l'or équitablement avec son frère.,A na yadda ka a ma wura fay da adilitaray nga armo banda.
La générosité du cadet et la sagesse du sage avaient triomphé de l'égoïsme.,Kayno kullo da laakalanto laakaro na boŋ hinne baakasinay hin.
"Les deux frères vécurent en harmonie, partageant leurs biens et leur bonheur.","Arme ihinka na goro nda lafiya, ka ga ngey hayey da ngey kaani bina fay."
Le système solaire comprend le Soleil et les objets qui orbitent autour de lui.,"Sistem soler ra, Wayna da hayey ka g'a windi go no."
Mercure est la planète la plus proche du Soleil.,Merkür no ga ti planet ka maan Wayna gaa ka bisa.
Vénus est souvent appelée l'étoile du berger.,"Venüs, i g'a ce farkoŋ handu bonjo waati boobo."
"La Terre est notre planète, la seule connue pour abriter la vie.","Ndunnya no ga ti iri planet, ka i bay hinne ka fundi go ra."
Mars est connue comme la planète rouge en raison de son sol riche en oxyde de fer.,"Mars, i g'a bay sanda planet biya nga laabo ka gonda oksid de fer boobo sabbay se."
Jupiter est la plus grande planète du système solaire.,Jipiter no ga ti planet ka bisa kul sistem soler ra.
Saturne est célèbre pour ses anneaux spectaculaires.,Satürn ga bay nga anow ka kaanu gumo do.
Uranus et Neptune sont des géantes de glace.,Uranüs da Neptün ga ti glas beeriyaŋ.
"Pluton était autrefois considérée comme la neuvième planète, mais est maintenant classée comme une planète naine.","Plüton, i g'a lasaabu zaman sanda planet yegganta, amma sohon i n'a daŋ planet nayn kategoro ra."
Une comète est un petit corps céleste glacé qui développe une queue lorsqu'il s'approche du Soleil.,Komet ga ti beero alman kayna glas wane ka ga biri te waati ka a ga maan Wayna gaa.
Un astéroïde est un petit corps rocheux orbitant autour du Soleil.,Asteroyid ga ti tondi alman kayna ka ga Wayna windi.
Une météorite est un fragment d'astéroïde ou de comète qui survit à sa traversée de l'atmosphère et atteint la surface de la Terre.,Meteorit ga ti asteroyid wala komet koso ka ga nga bisa atmosfer ra hin ka to Ndunnya boŋ.
"Une galaxie est un vaste ensemble d'étoiles, de gaz et de poussière maintenus ensemble par la gravité.","Galaksi ga ti etwal, gaz da laabu fumbu margu beeri ka gravite g'i gaay care gaa."
Notre galaxie s'appelle la Voie lactée.,Iri galaksi maa ga ti Vwa lakte.
"L'univers est tout ce qui existe, y compris l'espace, le temps, la matière et l'énergie.","Univers ga ti hay kul ka go no, ka espas, waati, mater da enerji go ra."
"Un trou noir est une région de l'espace où la gravité est si forte que rien ne peut s'en échapper, pas même la lumière.","Tru nuwar ga ti espas nangu fo ka gravite ga gaabi gumo hala hay kulu si hin ka fatta, baa kaari."
La lumière voyage à une vitesse d'environ 300 000 kilomètres par seconde.,Kaari ga dira vites ka hima kilometr 300 000 segond fo ra.
Une année-lumière est la distance que la lumière parcourt en une année.,Ane-limiyer ga ti mooru ka kaari ga dira jiiri fo ra.
L'énergie est la capacité d'effectuer un travail.,Enerji ga ti hinne ka boro ma goy te.
L'énergie cinétique est l'énergie du mouvement.,Enerji sinetik ga ti dira enerji.
"La loi de la conservation de l'énergie stipule que l'énergie ne peut être ni créée ni détruite, seulement transformée.","Enerji gaayumi fonda ga ne enerji si hin ka te wala ka halaci, i g'a barmay hinne."
La photosynthèse est le processus par lequel les plantes utilisent la lumière du soleil pour produire de la nourriture.,Fotosentez ga ti proses ka tuurey ga wayna kaari goyandi zama i ma ŋwaari te.
La respiration cellulaire est le processus par lequel les cellules libèrent de l'énergie à partir des aliments.,Respirasyon selüler ga ti proses ka seliley ga enerji feeri ŋwaarey ra.
L'ADN (acide désoxyribonucléique) contient les informations génétiques d'un organisme.,ADN (asid dezoksiribonükleyik) no ga alman fo information jenetik jare.
Un gène est une unité d'hérédité qui est transférée d'un parent à sa progéniture.,Jen ga ti tubu unite fo ka ga fun hayrey gaa ka koy i izey gaa.
L'évolution est le processus par lequel les espèces changent au fil du temps.,Evolüsyon ga ti proses ka alman dumi ga barmay waati ra.
Un fossile est le reste ou l'empreinte d'un organisme préservé d'une époque géologique passée.,Fosil ga ti alman fo banda wala a ce kambe ka i gaay zaman jeolojik ka bisa wane.
La tectonique des plaques est la théorie selon laquelle la couche externe de la Terre est divisée en plusieurs plaques qui glissent sur le manteau.,Tektonik de plak ga ti teyori ka ga ne Ndunnya kuro ka go banda ga fay plak boobo gaa ka ga manto boŋ dira.
Un tremblement de terre est une secousse soudaine et violente de la surface de la Terre.,Laabu zinji ga ti Ndunnya boŋ yanje ka te da waasu da gaabi.
"Un volcan est une montagne ou une colline, généralement conique, ayant un cratère ou une cheminée par laquelle de la lave, des fragments de roche, de la vapeur chaude et du gaz sont ou ont été éjectés des profondeurs de la Terre.","Volkan ga ti tondi wala tondi kayna, waati boobo konik, ka gonda krater wala shimine ka lav, tondi koso, dullu ka gullo da gaz ga fun wala ka fun Ndunnya cire gaa."
"L'érosion est le processus d'usure de la terre par le vent, l'eau ou d'autres agents naturels.","Erozyon ga ti laabu ŋwaari proses haw, hari wala ajan naturel fooyaŋ do."
Le climat est l'ensemble des conditions météorologiques qui prévalent dans une région sur une longue période.,Klima ga ti haw alhaali kul ka ga te nangu fo ra waati kuuku boŋ.
"La météo est l'état de l'atmosphère à un endroit et à un moment particuliers en ce qui concerne la chaleur, la sécheresse, le soleil, le vent, la pluie, etc.","Meteo ga ti atmosfer alhaali nangu da waati folokante fo ra gullum, kooguyaŋ, wayna, haw, hari, da hay fooyaŋ hima."
Un atome est la plus petite unité d'un élément chimique.,Atome no ga ti eleman shimik unite ka bisa kul.
Une molécule est un groupe d'atomes liés ensemble.,Molekül ga ti atome margu ka haw care gaa.
Un composé est une substance formée lorsque deux éléments chimiques ou plus sont chimiquement liés.,Konpoze ga ti sibstans ka ga te waati ka eleman shimik ihinka wala ka bisa ga haw care gaa shimikman.
"Une réaction chimique est un processus qui implique le réarrangement de la structure moléculaire ou ionique d'une substance, par opposition à un changement d'état physique ou à une réaction nucléaire.","Reaksyon shimik ga ti proses ka ga sibstans fo striktür moleküler wala iyonik te koyne go ra, ka ga gaay da alhaali fizik barmay wala reaksyon nikleyer."
Un acide est une substance qui peut donner un proton ou accepter une paire d'électrons.,Asid ga ti sibstans ka ga hin ka proton no wala ka elektron margu fo yadda.
Une base est une substance qui peut accepter un proton ou donner une paire d'électrons.,Baz ga ti sibstans ka ga hin ka proton yadda wala ka elektron margu fo no.
Le pH est une mesure de l'acidité ou de l'alcalinité d'une solution.,pH ga ti solüsyon fo asidite wala a alkalinita lasaabu.
Un catalyseur est une substance qui augmente la vitesse d'une réaction chimique sans être elle-même consommée.,Katalizör ga ti sibstans ka ga reaksyon shimik vites tonton ka si nga boŋ wi.
"La gravité est la force qui attire un corps vers le centre de la Terre, ou vers tout autre corps physique ayant une masse.","Gravite no ga ti gaabi ka ga kor fo jare Ndunnya bindo gaa, wala kor fizik fo kul ka gonda tiŋay gaa."
La friction est la résistance qu'une surface ou un objet rencontre lorsqu'il se déplace sur un autre.,Friksyon ga ti rezistans ka sirfas wala obje fo ga kubay d'a waati ka a ga dira afa boŋ.
La vitesse est le taux auquel quelqu'un ou quelque chose est capable de se déplacer ou de fonctionner.,Vites ga ti lasaabu ka boro wala hay fo ga hin ka dira wala ka goy boŋ.
L'accélération est le taux de changement de la vitesse d'un objet par rapport au temps.,Akselerasyon ga ti obje fo vites barmay lasaabu waati boŋ.
"L'inertie est une propriété de la matière par laquelle elle continue dans son état de repos existant ou de mouvement uniforme en ligne droite, à moins que cet état ne soit modifié par une force externe.","Inersi ga ti mater kaanoyaŋ fo ka a ga nga fondi alhaali ka go sohon wala dira ka hima ceeri cimi ra gaay, kala nda gaabi ka fun banda na alhaali din barmay."
La masse est une mesure de la quantité de matière dans un objet.,Mas ga ti mater lasaabu obje fo ra lasaabu.
Le poids est une mesure de la force de gravité sur un objet.,Pwa ga ti gravite gaabo obje fo boŋ lasaabu.
La densité est le degré de compacité d'une substance.,Dansite ga ti sibstans fo sandiyaŋ daraja.
"Le volume est la quantité d'espace tridimensionnel occupé par un liquide, un solide ou un gaz.","Volim ga ti espas tridimansyonel lasaabu ka likid, solid wala gaz ga di."
La température est une mesure de la chaleur ou du froid d'un objet ou d'une substance.,Tanperatir ga ti obje wala sibstans fo gullum wala a sumay lasaabu.
La pression est la force physique continue exercée sur ou contre un objet par quelque chose en contact avec lui.,Presyon ga ti gaabi fizik ka ga gay ka i ga daŋ obje fo boŋ wala k'a gaay hay fo do ka g'a di.
"Le son est une vibration qui se propage sous forme d'onde de pression acoustique, à travers un milieu de transmission tel qu'un gaz, un liquide ou un solide.","Jinde ga ti vibrasyon ka ga fayfay sanda ond presyon akustik, nangu ka ga konda gaa sanda gaz, likid wala solid."
La lumière est un rayonnement électromagnétique à l'intérieur d'une certaine partie du spectre électromagnétique.,Kaari ga ti rayonneman elektromagnetik spektr elektromagnetik kambe fo cire.
"L'électricité est une forme d'énergie résultant de l'existence de particules chargées (telles que les électrons ou les protons), soit statiquement comme une accumulation de charge, soit dynamiquement comme un courant.","Elektrisite ga ti enerji dumi fo ka ga fun partikul ka gonda sharj (sanda elektron wala proton) goro do, wala statikman sanda sharj margu, wala dinamikman sanda kuran."
Un circuit est un chemin complet et fermé autour duquel le courant électrique peut circuler.,Sirki ga ti fonda ka timme ka daŋante ka kuran elektrik ga hin ka windi.
Un aimant est un matériau ou un objet qui produit un champ magnétique.,Eman ga ti materiyo wala obje ka ga shan manyetik te.
Le magnétisme est une force physique produite par des charges électriques en mouvement.,Manyetism ga ti gaabi fizik ka sharj elektrik ka ga dira ga te.
Une onde est une perturbation qui transfère de l'énergie à travers la matière ou l'espace.,Ond ga ti dambara ka ga enerji konda mater wala espas gaa.
La fréquence est le taux auquel quelque chose se produit ou est répété sur une période de temps particulière ou sur une distance.,Frekans ga ti lasaabu ka hay fo ga te wala ka i g'a te koyne waati wala mooru folokante fo boŋ.
"La longueur d'onde est la distance entre les crêtes successives d'une onde, telle qu'une onde lumineuse ou sonore.","Longör d'ond ga ti mooru ond fo boŋ ka gana care game, sanda ond kaari wala jinde wane."
Le spectre électromagnétique est la gamme de toutes les fréquences possibles du rayonnement électromagnétique.,Spektr elektromagnetik ga ti frekans ka hin ka te kul ranj rayonneman elektromagnetik wane.
Les rayons X sont une forme de rayonnement électromagnétique à haute énergie.,Reyon X ga ti rayonneman elektromagnetik enerji beeri wane dumi fo.
La radioactivité est l'émission de rayonnement ou de particules causée par la désintégration spontanée des noyaux atomiques.,Radiyoaktivite ga ti rayonneman wala partikul naŋyan ka nwayo atomik feeriyaŋ ka ga fun boŋ ga te.
La fission nucléaire est une réaction nucléaire dans laquelle le noyau d'un atome se divise en parties plus petites.,Fizyon nikleyer ga ti reaksyon nikleyer ka atome fo nwayo ga fay ka te koso kayna.
La fusion nucléaire est une réaction dans laquelle deux noyaux atomiques ou plus sont combinés pour former un ou plusieurs noyaux atomiques et particules subatomiques différents (neutrons ou protons).,Fizyon nikleyer ga ti reaksyon ka nwayo atomik ihinka wala ka bisa ga margu zama i ma nwayo atomik da partikul sibatomik dumi fo wala ka bisa te (nötron wala proton).
"Un ordinateur est un appareil électronique permettant de stocker et de traiter des données, généralement sous forme binaire, selon les instructions qui lui sont données dans un programme variable.","Ordinatör ga ti aparey elektronik donnée stokaj da i goyandiyan se, waati boobo biner alhaali ra, lordi ka i g'a no program ka ga barmay ra boŋ."
Un logiciel est l'ensemble des programmes et autres informations d'exploitation utilisés par un ordinateur.,Lojisiyel ga ti program kul da information operasyon fooyaŋ ka ordinatör ga goyandi marganta.
Le matériel informatique est l'ensemble des composants physiques d'un système informatique.,Materiyel enformatik ga ti sistem enformatik konpozan fizik kul marganta.
Internet est un système mondial de réseaux informatiques interconnectés.,Internet ga ti sistem ndunnya kul wane rezo enformatik ka haw care gaa.
"Un algorithme est un processus ou un ensemble de règles à suivre dans les calculs ou autres opérations de résolution de problèmes, en particulier par un ordinateur.","Algoritm ga ti proses wala fonda margu fo ka i ga gana lasaabu wala operasyon problem fondey cebe fooyaŋ ra, sankara ordinatör do."
L'intelligence artificielle est la théorie et le développement de systèmes informatiques capables d'effectuer des tâches qui nécessitent normalement l'intelligence humaine.,Entelijans artifisyel ga ti teyori da sistem enformatik ka ga hin ka goy te ka ga boro entelijans laamiya waati boobo developpeman.
L'apprentissage automatique est une application de l'IA qui fournit aux systèmes la capacité d'apprendre et de s'améliorer automatiquement à partir de l'expérience sans être explicitement programmés.,Aprantisaj otomatik ga ti IA aplikasyon fo ka ga sistem no hinne ka i ma dondon k'i boŋ taysandi otomatikman esperiyans gaa ka si i program te da fahamandi.
"Un robot est une machine capable d'effectuer automatiquement une série complexe d'actions, en particulier une machine programmable par un ordinateur.","Robo ga ti masin ka ga hin ka goy sandi margu te otomatikman, sankara masin ka ordinatör ga hin k'a program te."
"La biotechnologie est l'exploitation de processus biologiques à des fins industrielles et autres, en particulier la manipulation génétique de micro-organismes pour la production d'antibiotiques, d'hormones, etc.","Biyoteknoloji ga ti proses biyolojik goyandiyaŋ endustriyel da sabbay fooyaŋ se, sankara mikro-organizm manipulasyon jenetik antibiotik, ormon, da hay fooyaŋ prodüksyon se."
L'ingénierie génétique est la modification délibérée des caractéristiques d'un organisme en manipulant son matériel génétique.,Enjeniyeri jenetik ga ti alman fo alhaali barmayan da anniya nga materiyel jenetik goyandiyan do.
Le clonage est le processus de production d'un organisme ou d'une cellule génétiquement identique à partir d'un organisme ou d'une cellule existant.,Klonaj ga ti alman wala selil ka hima care jenetikman teyan proses alman wala selil ka go sohon gaa.
Un écosystème est une communauté biologique d'organismes en interaction et leur environnement physique.,Ekosistem ga ti alman kominote biyolojik ka ga interaksyon te da ngey nangu fizik.
La biodiversité est la variété de la vie végétale et animale dans le monde ou dans un habitat ou un écosystème particulier.,Biyodiversite ga ti tuuri da alman fundi dumiyaŋ ndunnya ra wala nangu wala ekosistem folokante fo ra.
"La conservation est la préservation, la protection ou la restauration de l'environnement naturel et de la faune.","Konservasyon ga ti environnemaŋ naturel da alman gaayumi, i gaayumi wala i te koyne."
La pollution est la présence ou l'introduction dans l'environnement d'une substance ou d'une chose qui a des effets nocifs ou toxiques.,Polüsyon ga ti sibstans wala hay fo ka gonda efe laalo wala tuuri laalo goro wala a daŋyan environnemaŋ ra.
Le développement durable est un développement économique mené sans épuisement des ressources naturelles.,Developpeman dirab ga ti developpeman ekonomik ka i ga te ka si resurs naturel banandi.
"Les énergies renouvelables sont de l'énergie provenant d'une source qui n'est pas épuisée lorsqu'elle est utilisée, comme l'énergie éolienne ou solaire.","Enerji ka i ga te koyne ga ti enerji ka ga fun funa ka si ban waati ka i g'a goyandi, sanda enerji eoliyen wala soler."
"Le changement climatique est un changement des régimes météorologiques régionaux ou mondiaux, en particulier un changement apparent depuis le milieu jusqu'à la fin du XXe siècle et attribué en grande partie à l'augmentation des niveaux de dioxyde de carbone atmosphérique produits par l'utilisation de combustibles fossiles.","Shanjman klimatik ga ti haw alhaali rejyonal wala mondiyal barmay, sankara barmay ka di za XXe siyecl bindo hala a bananta, ka i g'a daŋ sankara diyoksid de karbon atmosferik nivo tontona boŋ ka konbustibl fosil goyandiyan ga te."
L'effet de serre est le piégeage de la chaleur du soleil dans l'atmosphère inférieure d'une planète en raison d'une plus grande transparence de l'atmosphère au rayonnement visible du soleil qu'au rayonnement infrarouge émis par la surface de la planète.,Efe de ser ga ti wayna gullum diyan planet fo atmosfer ka go cire ra atmosfer kaari ka di se feeriyaŋ ka bisa do rayonneman enfaruj ka planet sirfas ga naŋ se.
La déforestation est le défrichage de vastes zones d'arbres.,Deforestasyon ga ti tuuri nangu beeri hanseyan.
"La désertification est le processus par lequel des terres fertiles deviennent désertiques, généralement à la suite d'une sécheresse, d'une déforestation ou d'une agriculture inappropriée.","Dezertifikasyon ga ti proses ka laabu ka gonda albarka ga te dezer, waati boobo kooguyaŋ, deforestasyon wala agrikültür ka si hima banda."
"L'acidification des océans est la réduction continue du pH des océans de la Terre, causée par l'absorption de dioxyde de carbone (CO2) de l'atmosphère.","Asidifikasyon de oseyan ga ti Ndunnya oseyaney pH kaynandiyan ka ga gay, ka diyoksid de karbon (CO2) ka fun atmosfer ra diyan ga te."
Une espèce en voie de disparition est une espèce d'animal ou de plante qui risque sérieusement de disparaître.,Espes an vwa de disparisyon ga ti alman wala tuuri dumi fo ka go kankami beeri ra ka a ma bu.
"L'extinction est la fin d'un organisme ou d'un groupe d'organismes (taxon), normalement une espèce.","Ekstinksyon ga ti alman wala alman margu fo (takson) bananta, waati boobo espes fo."
"Un habitat est l'environnement naturel ou le foyer d'un animal, d'une plante ou d'un autre organisme.","Habitat ga ti alman, tuuri wala alman fooyaŋ nangu naturel wala i fu."
Une chaîne alimentaire est une série hiérarchique d'organismes dont chacun dépend du suivant comme source de nourriture.,Shen alimenter ga ti alman margu iyerarshik ka i kulu ga haw afa boŋ sanda ŋwaari funa.
Un prédateur est un animal qui chasse et tue naturellement d'autres animaux pour se nourrir.,Predatör ga ti alman ka ga alman fooyaŋ gungun k'i wi naturelman zama a ma ŋwa.
Une proie est un animal qui est chassé et tué par un autre pour se nourrir.,Prwa ga ti alman ka afa g'a gungun k'a wi zama a ma ŋwa.
La symbiose est une interaction étroite et à long terme entre deux espèces biologiques différentes.,Senbiyoz ga ti interaksyon ka maan ka ga gay espes biyolojik dumi ihinka game.
Le mutualisme est une symbiose bénéfique aux deux organismes impliqués.,Mitüalism ga ti senbiyoz ka ga nafa no alman ihinka ka go ra se.
Le commensalisme est une relation entre deux organismes dans laquelle l'un bénéficie et l'autre ne tire ni bénéfice ni préjudice.,"Komensalism ga ti alakaw alman ihinka game ka afo ga nafa du, afa si nafa wala laala du."
"Le parasitisme est une relation symbiotique dans laquelle un organisme, le parasite, vit sur ou dans un autre organisme, l'hôte, lui causant un certain préjudice.","Parazitism ga ti alakaw senbiyotik ka alman fo, parazito, ga goro alman fo boŋ wala a ra, oto, ka ga laala kayna te a se."
"Un écosystème forestier est une communauté d'organismes qui vivent dans une forêt, ainsi que l'environnement physique dans lequel ils vivent.","Ekosistem forestiye ga ti alman kominote ka ga goro saaji beeri ra, da nangu fizik ka i ga goro ra mo."
Un écosystème de prairie est dominé par les herbes et autres plantes non ligneuses.,"Ekosistem de preri, subu da tuuri ka si bundu fooyaŋ no g'a daabu."
Un écosystème désertique reçoit très peu de précipitations.,Ekosistem dezertik ga presipitasyon kayna gumo du.
Un écosystème aquatique est un écosystème dans un plan d'eau.,Ekosistem akwatik ga ti ekosistem hari nangu fo ra.
"Un écosystème marin se trouve dans l'eau salée, comme les océans.","Ekosistem marin ga goro hari ciiri ra, sanda oseyan."
"Un écosystème d'eau douce se trouve dans l'eau douce, comme les lacs et les rivières.","Ekosistem d'o dus ga goro hari ka si ciiri ra, sanda teeko da isey."
Un estuaire est une zone côtière partiellement fermée où l'eau douce d'une rivière ou d'un cours d'eau se mélange à l'eau salée de l'océan.,Estüer ga ti nangu kotiyer ka daŋante kayna ka isa wala hari zuru hari ka si ciiri ga margu nda oseyan hari ciiri.
Un récif corallien est une crête sous-marine de roche calcaire formée par la croissance et le dépôt de squelettes de coraux durs.,Resif korayen ga ti tondi kalker kuro hari cire wane ka koray ka gaabi beeriyaŋ da i skelet daŋyan ga te.
Une mangrove est un arbuste ou un petit arbre qui pousse dans les eaux côtières salines ou saumâtres.,Mangrov ga ti tuuri kayna wala tuuri ka ga te hari kotiyer ciiri wala ka ciiri kayna ra.
La toundra est un vaste biome sans arbres où la croissance des arbres est entravée par les basses températures et les courtes saisons de croissance.,Tundra ga ti biyom beeri ka sinda tuuri ka tuuri beeriyaŋ ga gaay tanperatir kayna da koraŋ kuuku do.
"La taïga, également connue sous le nom de forêt boréale, est un biome caractérisé par des forêts de conifères.","Tayga, ka i ga bay mo sanda saaji boreal, ga ti biyom ka saaji konifer g'a cabe."
Une forêt tropicale humide est une forêt caractérisée par de fortes précipitations.,Saaji tropikal imid ga ti saaji ka presipitasyon beeri g'a cabe.
Une savane est un écosystème de prairie mixte et de terres boisées caractérisé par des arbres suffisamment espacés pour que la canopée ne se ferme pas.,Savan ga ti ekosistem preri ka margu da laabu ka gonda tuuri ka tuurey ka fay gumo hala i boŋ si daŋ care g'a cabe.
"La géologie est la science qui traite de la structure physique et de la substance de la Terre, de leur histoire et des processus qui agissent sur elles.","Jeoloji ga ti science ka ga Ndunnya striktür fizik da a sibstans, i taariki da proses ka ga goy i boŋ hima."
Une roche est un agrégat naturel de minéraux solides.,Rosh ga ti mineral solid margu naturel.
"Un minéral est une substance solide naturelle, généralement inorganique, ayant une structure cristalline définie et une composition chimique spécifique.","Mineral ga ti sibstans solid naturel, waati boobo inorganik, ka gonda striktür kristalin ka i daŋ da konpozisyon shimik spesifik."
Les roches ignées se forment par le refroidissement et la solidification du magma ou de la lave.,Rosh inye ga te magma wala lav sumay da i sandiyaŋ do.
Les roches sédimentaires se forment par l'accumulation ou le dépôt de petites particules et la cimentation ultérieure de fragments minéraux ou organiques ou la précipitation de minéraux à partir d'une solution.,Rosh sedimanter ga te partikul kayna marguyan wala i daŋyan da mineral wala organik koso simantasyon ka te banda wala mineral presipitasyon solüsyon fo gaa do.
"Les roches métamorphiques se forment lorsque les roches existantes sont modifiées par la chaleur, la pression ou des solutions chimiquement actives.","Rosh metamorfik ga te waati ka rosh ka go sohon ga barmay gullum, presyon wala solüsyon shimikman aktiv do."
"Le cycle des roches est un concept de base en géologie qui décrit les transitions entre les trois principaux types de roches : sédimentaire, métamorphique et ignée.","Sikl de rosh ga ti konsep asasi jeoloji ra ka ga tranzisyon rosh dumi beeri ihinka game cabe: sedimanter, metamorfik da inye."
Un séisme est le résultat d'une libération soudaine d'énergie dans la croûte terrestre qui crée des ondes sismiques.,Seism ga ti enerji feeriyaŋ da waasu Ndunnya kuro ra ka ga ond sismik te albarka.
L'épicentre est le point à la surface de la Terre directement au-dessus du foyer ou de l'hypocentre d'un tremblement de terre.,Episantr no ga ti pwen Ndunnya boŋ ka go cimi laabu zinji fwaye wala iposantr boŋ.
L'échelle de Richter était une échelle de grandeurs numériques utilisée pour décrire la force des tremblements de terre.,Eshel de Rishter ga ti eshel grandör nimérik ka i ga goyandi zama i ma laabu zinji gaabo cabe.
L'échelle de magnitude de moment (Mw) est maintenant plus couramment utilisée pour mesurer la taille des tremblements de terre.,"Eshel de magnitid de moman (Mw), sohon i g'a goyandi ka bisa zama i ma laabu zinji beeriyaŋ lasaabu."
"Un tsunami est une série de vagues dans un plan d'eau causée par le déplacement d'un grand volume d'eau, généralement dans un océan ou un grand lac.","Tsunami ga ti vag margu fo hari nangu fo ra ka hari volim beeri diraw ga te, waati boobo oseyan wala teeko beeri ra."
"La paléontologie est l'étude scientifique de la vie qui existait avant, et parfois y compris, le début de l'Holocène (l'époque géologique actuelle).","Paleontoloji ga ti fundi ka go zaman, da waati fooyaŋ ka i daŋ ra, Olosen sintina (epok jeolojik ka go sohon) dondonyaŋ syantifik."
L'archéologie est l'étude de l'activité humaine à travers la récupération et l'analyse de la culture matérielle.,Arkeoloji ga ti boro goy dondonyaŋ kultür materiyel duuyan da a analyse teyan gaa.
"Un artefact est un objet fabriqué par un être humain, généralement un objet d'intérêt culturel ou historique.","Artefak ga ti obje ka boro te, waati boobo obje ka gonda enterê kültürel wala taariki."
La datation au carbone est une méthode permettant de déterminer l'âge d'un objet contenant de la matière organique en utilisant les propriétés du radiocarbone (un isotope radioactif du carbone).,Datasyon o karbon ga ti metod obje fo ka gonda mater organika jiiri bayyan se radiokarbon (karbon izotop radiyoaktif fo) kaanoyaŋ goyandiyan do.
"L'histoire est l'étude des événements passés, en particulier en relation avec l'humanité.","Taariki ga ti hay ka bisa dondonyaŋ, sankara boro hima."
"Une civilisation est toute société complexe caractérisée par le développement urbain, la stratification sociale, une forme de gouvernement et des systèmes de communication symboliques (tels que l'écriture).","Siivilizasyon ga ti margu sandi kul ka developpeman urban, stratifikasyon sosyal, gobernemant dumi fo da sistem komunikasyon senbolik (sanda hantumyaŋ) g'a cabe."
"Un empire est un groupe étendu d'États ou de pays sous une seule autorité suprême, anciennement surtout un empereur ou une impératrice.","Anpiir ga ti Eta wala laabu margu ka feeri ka go otorite siprem foloko cire, zaman sankara anperör wala anperatris."
Une dynastie est une lignée de dirigeants héréditaires d'un pays.,Dinasti ga ti laabu fo bonkooney ka ga tubu care ceeri.
Une révolution est un renversement fondamental du pouvoir ou des structures organisationnelles qui a lieu sur une période de temps relativement courte lorsque la population se soulève en révolte contre les autorités actuelles.,Revolüsyon ga ti gaabi wala striktür organizasyonel barmayan fondamental ka ga te waati ka kuuru kayna ra waati ka popülasyon ga tun ka wongu te otorite ka go sohon se.
La guerre est un état de conflit armé entre différents pays ou groupes au sein d'un pays.,Wongu ga ti wongu da jinay alhaali laabu dumi boobo wala margu laabu fo ra game.
La paix est un état de tranquillité ou de quiétude ; une absence de perturbation ou de violence.,Lafiya ga ti siiray wala hawru alhaali; dambara wala fitina si teyan.
"La diplomatie est la profession, l'activité ou l'habileté de gérer les relations internationales, généralement par les représentants d'un pays à l'étranger.","Diplomasi ga ti profesyon, aktivite wala hinne relasyon enternasyonal daabu wane, waati boobo laabu fo borey do laabu fo banda ra."
Un traité est un accord formellement conclu et ratifié entre États.,Trete ga ti akord ka i te da fahamandi ka i yadda Eta game.
"Le droit international est l'ensemble des règles, normes et standards généralement acceptés comme contraignants entre les nations.","Drwa enternasyonal ga ti fonda, norm da standar ka i ga yadda waati boobo sanda i ga haw nasyon game marganta."
Les droits de l'homme sont des droits moraux ou des normes qui décrivent certaines normes de comportement humain et sont régulièrement protégés comme des droits naturels et légaux dans le droit municipal et international.,"Drwa de l'om ga ti drwa moral wala norm ka ga boro alhaali norm fooyaŋ cabe, i g'i gaay waati boobo sanda drwa naturel da legal drwa minisipal da enternasyonal ra."
"La démocratie est un système de gouvernement dans lequel les citoyens exercent le pouvoir directement ou élisent des représentants parmi eux pour former un organe directeur, tel qu'un parlement.","Demokrasi ga ti sistem gobernemant ka sitwayen ga gaabi te cimi wala ka borey suuba ngey game zama i ma organ ka ga daabu te, sanda parlaman."
"Une république est une forme de gouvernement dans laquelle le pays est considéré comme une ""affaire publique"", et non comme la propriété privée ou la propriété des dirigeants, et où les fonctions publiques sont par conséquent directement ou indirectement élues ou nommées plutôt qu'héritées.","Repiblik ga ti gobernemant dumi fo ka i ga laabo lasaabu sanda ""hay publik"", manti bonkooney hay sahasi wala i bandatara, da ka fonksyon publik ga te da cimi wala si cimi i suubuyan wala i daŋyan do manti tubuyan."
"Une monarchie est une forme de gouvernement dans laquelle une personne, le monarque, est chef de l'État à vie ou jusqu'à l'abdication.","Monarshi ga ti gobernemant dumi fo ka boro fo, monarko, ga ti Eta bonkoono fundi kul wala hala a ma nga boŋ naŋ."
Une dictature est une forme de gouvernement caractérisée par un seul dirigeant ou un petit groupe avec peu ou pas de tolérance pour le pluralisme politique ou les médias indépendants.,Diktatür ga ti gobernemant dumi fo ka bonkoon foloko wala margu kayna ka gonda suuru kayna wala kulu si pluralism politik wala mediya ka si boro fo hima se g'a cabe.
"Le totalitarisme est un concept désignant une forme de gouvernement et un système politique qui interdit tous les partis d'opposition, interdit l'opposition individuelle à l'État et à ses revendications, et exerce un degré extrêmement élevé de contrôle sur la vie publique et privée.","Totalitarism ga ti konsep ka ga gobernemant dumi fo da sistem politik ka ga parti opozisyon kul gaay, ka ga boro foloko Eta da a laamey gaayumi gaay, ka ga kontrol ka ziji gumo te fundi publik da prive boŋ cabe."
L'anarchie est un état de désordre dû à l'absence ou à la non-reconnaissance de l'autorité.,Anarshi ga ti laala alhaali otorite si teyan wala i si bayyan do.
Le capitalisme est un système économique dans lequel les moyens de production sont largement ou entièrement détenus par des particuliers et exploités à des fins lucratives.,"Kapitalism ga ti sistem ekonomik ka prodüksyon jinay ga goro sankara wala kul boro sahasi kambey ra, i g'i goyandi nooru se."
"Le socialisme est une idéologie politique, sociale et économique et un mouvement dont le but est l'établissement d'une société socialiste, définie comme un ordre socio-économique basé sur la propriété sociale des moyens de production et l'autogestion des travailleurs de ceux-ci.","Sosyalism ga ti ideoloji politik, sosyal da ekonomik da muvman ka a muraado ga ti margu sosyalist teyan, ka i definisyon te sanda lordi sosyo-ekonomik ka ga kay prodüksyon jinay bandatara sosyal boŋ da goykoy ngey boŋ daabu i boŋ."
"Le communisme est une idéologie et un mouvement philosophiques, sociaux, politiques et économiques dont le but ultime est l'établissement d'une société communiste, à savoir un ordre socio-économique structuré sur les idées de propriété commune des moyens de production et l'absence de classes sociales, d'argent et de l'État.","Kominism ga ti ideoloji da muvman filosofik, sosyal, politik da ekonomik ka a muraadu bananta ga ti margu kominist teyan, sanda lordi sosyo-ekonomik ka i striktür te miila prodüksyon jinay bandatara komun boŋ da klas sosyal, nooru da Eta si teyan."
"L'économie est la science sociale qui étudie la production, la distribution et la consommation de biens et de services.","Ekonomi ga ti science sosyal ka ga hayey da servis prodüksyon, i distribüsyon da i konsomasyon dondon."
La microéconomie est une branche de l'économie qui étudie le comportement des individus et des entreprises dans la prise de décisions concernant l'allocation des ressources rares et les interactions entre ces individus et ces entreprises.,Mikroekonomi ga ti ekonomi kambe fo ka ga borey da antrepriz alhaali dondon anniya teyan resurs ka si boobo alokasyon da interaksyon borey din da antreprizey din game hima.
"La macroéconomie est une branche de l'économie traitant de la performance, de la structure, du comportement et de la prise de décision d'une économie dans son ensemble.","Makroekonomi ga ti ekonomi kambe fo ka ga ekonomi fo performans, a striktür, a alhaali da a anniya teyan a kulanta hima."
Le produit intérieur brut (PIB) est une mesure monétaire de la valeur marchande de tous les biens et services finaux produits au cours d'une période de temps spécifique.,Produit intérieur brut (PIB) ga ti hayey da servis final kul ka i te waati folokante fo ra kaaso alhorma lasaabu monetar.
L'inflation est une augmentation générale des prix des biens et services dans une économie sur une période de temps.,Enflasyon ga ti hayey da servis sanda kul beeriyaŋ ekonomi fo ra waati fo boŋ.
Le chômage est la situation des personnes qui sont sans emploi mais qui sont disponibles pour travailler et qui ont activement cherché du travail.,Shomaj ga ti borey ka sinda goy amma ka go no zama i ma goy ka na goy gungun da gaabi alhaali.
"La politique monétaire est le processus par lequel l'autorité monétaire d'un pays, comme la banque centrale ou le conseil monétaire, contrôle l'offre de monnaie, souvent en ciblant un taux d'intérêt pour atteindre un ensemble d'objectifs orientés vers la croissance et la stabilité de l'économie.","Politik monetar ga ti proses ka laabu fo otorite monetar, sanda bank santral wala konseiy monetar, ga nooru nooyan daabu, waati boobo ka ga tere to fo sibla zama a ma muraadu margu fo ka ga koy ekonomi beeriyaŋ da a tabatandi gaa to."
La politique fiscale est l'utilisation des dépenses publiques et de la fiscalité pour influencer l'économie.,Politik fiskal ga ti gobernemant wiyyaŋ da taks goyandiyaŋ zama a ma ekonomi di.
Un marché est un lieu où les acheteurs et les vendeurs peuvent se rencontrer pour faciliter l'échange ou la transaction de biens et de services.,Kaaso ga ti nangu ka daykaw da neerakaw ga hin ka kubay zama i ma hayey da servis barmay wala i tranzaksyon farhandi.
L'offre et la demande est un modèle économique de détermination des prix sur un marché.,Nooyan da laamiya ga ti model ekonomik sanda teyan kaaso fo ra wane.
La concurrence est une situation dans laquelle les entreprises se font concurrence pour les clients.,Konkirans ga ti alhaali ka antrepriz ga care wongu kliyan se.
Un monopole est une situation dans laquelle une seule entreprise ou un seul groupe possède la totalité ou la quasi-totalité du marché pour un type de produit ou de service donné.,Monopol ga ti alhaali ka antrepriz wala margu foloko gonda kaaso kul wala a baayaŋ prodi wala servis dumi ka i no fo se.
"Le commerce international est l'échange de capital, de biens et de services à travers les frontières ou territoires internationaux.","Kommers enternasyonal ga ti kapital, hayey da servis barmay kange wala laabu enternasyonal gaa."
"La mondialisation est le processus d'interaction et d'intégration entre les personnes, les entreprises et les gouvernements du monde entier.","Mondiyalizasyon ga ti interaksyon da entegrasyon proses borey, antrepriz da gobernemant ndunnya kul wane game."
"La sociologie est l'étude de la société, des modèles de relations sociales, de l'interaction sociale et de la culture qui entoure la vie quotidienne.","Sosyoloji ga ti margu, alakaw sosyal model, interaksyon sosyal da kultür ka ga zaari kul fundi windi dondonyaŋ."
"La culture est un concept général qui englobe les croyances sociales, les normes sociales et les artefacts matériels que l'on trouve couramment dans les sociétés humaines, ainsi que les significations que les gens attribuent à ces éléments.","Kültür ga ti konsep jeneral ka ga naanay sosyal, norm sosyal da artefak materiyel ka i ga du waati boobo boro margu ra daŋ ra, da konno ka borey ga no elemaney din se mo."
La socialisation est le processus d'intériorisation des normes et des idéologies d'une société.,Sosyalizasyon ga ti margu fo norm da ideolojiyey daŋyan cire proses.
"La stratification sociale est un concept impliquant la classification des personnes en groupes sur la base de facteurs socio-économiques partagés tels que la richesse, le revenu, la race, l'éducation, l'ethnicité, le sexe, la profession, le statut social ou le pouvoir dérivé (social et politique).","Stratifikasyon sosyal ga ti konsep ka borey klasifikasyon margu ra faktör sosyo-ekonomik ka i ga fay boŋ sanda arzaka, duuyaŋ, ras, karam, etnisite, janr, profesyon, stati sosyal wala gaabi ka fun (sosyal da politik) go ra."
"L'inégalité sociale se produit lorsque les ressources d'une société donnée sont réparties de manière inégale, généralement par le biais de normes d'allocation, qui engendrent des modèles spécifiques le long des lignes de catégories de personnes socialement définies.","Inegalite sosyal ga te waati ka margu ka i no fo resurs ga fayfay mate ka si saba, waati boobo alokasyon norm do, ka ga model spesifik te boro kategori ka margu ga definisyon te ceeri boŋ."
La pauvreté est un état ou une condition dans lequel une personne ou une communauté manque des ressources financières et des éléments essentiels pour un niveau de vie minimum.,Talkataray ga ti alhaali wala kondisyon ka boro wala kominote fo ga resurs finansiye da hay esansiyel fundi nivo minimom se si.
"Un groupe social est deux personnes ou plus qui interagissent les unes avec les autres, partagent des caractéristiques similaires et ont collectivement un sentiment d'unité.","Grup sosyal ga ti boro ihinka wala ka bisa ka ga interaksyon te care banda, ka ga alhaali ka hima care fay, ka gonda margu bine margante."
"Une communauté est une unité sociale (un groupe d'organismes vivants) ayant une communalité telle que des normes, une religion, des valeurs, des coutumes ou une identité.","Kominote ga ti unite sosyal (alman fundikooniyaŋ margu fo) ka gonda kominalite sanda norm, diina, alhorma, adetey wala identite."
"L'urbanisation est le processus par lequel les populations se déplacent des zones rurales vers les zones urbaines, permettant aux villes et aux villages de croître.","Urbanizasyon ga ti proses ka popülasyon ga fun nangu rural gaa ka koy nangu urban gaa, ka ga naŋ birni da kwaara ma beeri."
Le changement social est toute altération significative au fil du temps des modèles de comportement et des valeurs et normes culturelles.,Shanjman sosyal ga ti alhaali model da alhorma da norm kültürel barmay ka gonda alhorma kul waati ra.
Un mouvement social est un type d'action de groupe. Il s'agit de grands regroupements informels d'individus ou d'organisations qui se concentrent sur des questions politiques ou sociales spécifiques.,Muvman sosyal ga ti aksyon grup wane dumi fo. A ga ti borey wala organizasyon margu beeri ka si formel ka ga laakal daŋ hãlli politik wala sosyal spesifik boŋ.
"L'anthropologie est l'étude scientifique de l'humanité, concernée par le comportement humain, la biologie humaine, les cultures et les sociétés, à la fois dans le présent et dans le passé, y compris les sociétés humaines passées et leurs origines.","Antropoloji ga ti boro dondonyaŋ syantifik, ka ga boro alhaali, boro biyoloji, kultür da margu hima, sohon da zaman ra mo, ka boro zamaney margu da i sintina go ra."
L'anthropologie culturelle est une branche de l'anthropologie axée sur l'étude de la variation culturelle chez les humains.,Antropoloji kültürel ga ti antropoloji kambe fo ka ga laakal daŋ varyasyon kültürel borey ra dondonyaŋ boŋ.
L'ethnographie est la description systématique des peuples et des cultures.,Etnografi ga ti borey da kultür cabe sistematik.
"La parenté est le réseau de relations sociales qui forme une partie importante de la vie de la plupart des humains dans la plupart des sociétés, bien que sa signification exacte varie même au sein d'une même culture.","Bandatara ga ti alakaw sosyal rezo ka ga boro baayaŋ fundi kambe ka tilas te margu baayaŋ ra, baa nda a konno cimi ga barmay baa kultür foloko ra."
"Le mariage est une union culturellement reconnue entre des personnes, appelées conjoints, qui établit des droits et des obligations entre elles, ainsi qu'entre elles et leurs enfants, et entre elles et leurs beaux-parents.","Hiijay ga ti margu ka kultür ga yadda borey game, ka i ga ce hiijantey, ka ga alhakku da farilla daŋ i game, da i da i izey game, da i da i hiijay almayaaley game mo."
"La famille est un groupe de personnes affiliées soit par consanguinité (par naissance reconnue), affinité (par mariage ou autre relation), soit par co-résidence (comme dans certaines définitions de la famille) ou une combinaison de celles-ci.","Almayaaley ga ti boro margu fo ka haw care gaa wala konsanginite do (duuyan ka i ga yadda do), afinite do (hiijay wala alakaw fo do), wala ko-rezidans do (sanda almayaaley definisyon fooyaŋ ra) wala i margu."
"La religion est un système social et culturel de comportements et de pratiques désignés, de morale, de visions du monde, de textes, de lieux sanctifiés, de prophéties, d'éthique ou d'organisations, qui relie l'humanité à des éléments surnaturels, transcendantaux et spirituels.","Diina ga ti sistem sosyal da kültürel alhaali da pratik ka i daŋ, moral, ndunnya guna, tira, nangu ka i hanse, annabitaray, etik wala organizasyon wane, ka ga boro haw da eleman ka bisa natuur, ka bisa ndunnya da spiritüel."
"La mythologie fait référence soit au corpus étudié de mythes d'une culture, soit à l'étude de ces mythes.","Mitoloji ga cabe wala kultür fo miit margu ka i ga dondon, wala miitey din dondonyaŋ."
"Un rituel est une séquence d'activités impliquant des gestes, des mots, des actions ou des objets, exécutée dans un lieu séquestré et selon une séquence fixe.","Ritüel ga ti aktivite sekans fo ka jest, sanni, aksyon wala obje go ra, ka i ga te nangu ka i fayandi ra da sekans fiks boŋ."
"La perception est l'organisation, l'identification et l'interprétation des informations sensorielles afin de représenter et de comprendre les informations ou l'environnement présentés.","Persepsyon ga ti information sensoriyel organizasyon, i bayyan da i fahamandiyan zama i ma information wala nangu ka i cabe cabe k'a faham."
"L'attention est le processus comportemental et cognitif de concentration sélective sur un aspect discret de l'information, qu'elle soit considérée comme subjective ou objective, tout en ignorant d'autres informations perceptibles.","Atansyon ga ti proses alhaali da kognitif laakal daŋyan selektiv information alhaali diskre fo boŋ, baa i g'a lasaabu sanda sibjektif wala objektiv, ka ga information ka di fooyaŋ si guna."
"La mémoire est la faculté de l'esprit par laquelle les données ou les informations sont encodées, stockées et récupérées en cas de besoin.","Memwar ga ti laakal fakülte ka donnée wala information ga enkode, i g'i stoke, i g'i du koyne waati ka laamiya."
"L'apprentissage est le processus d'acquisition de nouvelles compréhensions, connaissances, comportements, compétences, valeurs, attitudes et préférences.","Aprantisaj ga ti fahamyaŋ, bayray, alhaali, hinne, alhorma, atitid da preferans taji duuyan proses."
"L'émotion, dans son usage quotidien, est un état affectif ou un sentiment.","Emosyon, a goyandiyan zaari kul ra, ga ti alhaali afektif wala bine alhaali."
"La motivation est la raison pour laquelle les humains et autres animaux initient, continuent ou terminent un comportement à un moment particulier.","Motivasyon no ga ti sabbay ka borey da alman fooyaŋ ga alhaali fo sintin, k'a gaay wala k'a ban waati folokante fo ra."
"La personnalité est le schéma caractéristique des pensées, des sentiments et des comportements qui distinguent une personne d'une autre.","Personalite ga ti miiley, bine alhaali da alhaali alhaali ka g'a cabe ka ga boro fo fay da afa."
"L'intelligence a été définie de nombreuses façons : la capacité de logique, de compréhension, de conscience de soi, d'apprentissage, de connaissance émotionnelle, de raisonnement, de planification, de créativité, de pensée critique et de résolution de problèmes.","Entelijans, i n'a definisyon te mate boobo: hinne lojik, fahamyaŋ, boŋ bayyan, aprantisaj, bayray emosyonel, lasaabu teyan, plan teyan, kreyativite, miila kritik da problem fondey cebe wane."
Un trouble mental est un schéma comportemental ou mental qui cause une détresse ou une déficience importante du fonctionnement personnel.,Trubl mental ga ti alhaali wala miila alhaali ka ga bine haw wala defisiyans ka tilas te fonksyonman personel ra.
"La psychothérapie est l'utilisation de méthodes psychologiques, en particulier lorsqu'elles sont basées sur une interaction personnelle régulière, pour aider une personne à changer de comportement et à surmonter des problèmes de manière souhaitée.","Psikoterapi ga ti metod psikolojik goyandiyan, sankara waati ka i ga kay interaksyon personel ka ga te waati kul boŋ, zama i ma boro fo faaba a ma alhaali barmay, a ma problemey bisa mate ka i ga baa."
"La philosophie est l'étude de questions générales et fondamentales, telles que celles concernant l'existence, la connaissance, les valeurs, la raison, l'esprit et le langage.","Filosofi ga ti hãlli jeneral da fondamental dondonyaŋ, sanda ngey ka hima goro, bayray, alhorma, lasaabu, laakal da sanni."
"La métaphysique est la branche de la philosophie qui examine la nature fondamentale de la réalité, y compris la relation entre l'esprit et la matière, entre la substance et l'attribut, et entre la potentialité et l'actualité.","Metafizik ga ti filosofi kambe fo ka ga cimi alhaali fondamental guna, ka alakaw laakal da mater game, sibstans da atribi game, da potansiyalite da aktüalite game go ra."
L'épistémologie est la branche de la philosophie concernée par la théorie de la connaissance.,Epistemoloji ga ti filosofi kambe fo ka ga teyori bayray wane hima.
"L'éthique ou philosophie morale est une branche de la philosophie qui ""implique la systématisation, la défense et la recommandation de concepts de conduite juste et injuste"".","Etik wala filosofi moral ga ti filosofi kambe fo ka ""ga alhaali adili da ka si adili konsep sistematizasyon, i gaayumi da i rekomandasyon daŋ ra""."
La logique est l'étude systématique de la forme de l'inférence et du raisonnement valides.,Lojik ga ti enferans da lasaabu ka cimi dumi dondonyaŋ sistematik.
"L'art est une gamme variée d'activités humaines dans la création d'artefacts visuels, auditifs ou performatifs (œuvres d'art), exprimant l'habileté imaginative, conceptuelle ou technique de l'auteur, destinées à être appréciées pour leur beauté ou leur pouvoir émotionnel.","Art ga ti boro goy dumi boobo artefak vizüel, oditif wala performatif (goy art wane) teyan ra, ka ga otör hinne imajinativ, konseptüel wala teknik cabe, ka muraado ga ti ka i ma kaanu i kaanoyaŋ wala i gaabi emosyonel se."
La musique est une forme d'art et une activité culturelle dont le support est le son organisé dans le temps.,Mizik ga ti art dumi fo da aktivite kültürel ka a gaayumo ga ti jinde ka soola waati ra.
"La littérature comprend au sens large toute collection d'œuvres écrites, mais elle est également utilisée plus spécifiquement pour les écrits considérés comme une forme d'art, en particulier la fiction en prose, le théâtre et la poésie.","Literatir ra, da fahamandi, goy ka i hantum kul marganta go no, amma i g'a goyandi mo da spesifik hantum ka i ga lasaabu sanda art dumi fo, sankara miila proz ra, teyatr da powezi."
"Le théâtre est une forme collaborative d'art de la performance qui utilise des interprètes vivants, généralement des acteurs ou des actrices, pour présenter l'expérience d'un événement réel ou imaginaire devant un public vivant dans un lieu spécifique, souvent une scène.","Teyatr ga ti art performans wane dumi kolaborativ fo ka ga enterpret fundikooniyaŋ goyandi, waati boobo aktör wala aktris, zama i ma hay ka te cimi wala miila esperiyans cabe jama fundikooni fo jine nangu spesifik fo ra, waati boobo sen."
La danse est un art de la performance composé de séquences de mouvements humains volontairement sélectionnées.,Gambu ga ti art performans wane ka ga te da boro diraw sekans ka i suuba da anniya.
"La peinture est la pratique consistant à appliquer de la peinture, du pigment, de la couleur ou un autre support sur une surface solide (appelée la ""matrice"" ou le ""support"").","Pentür ga ti pentür, pigman, fär wala suport fooyaŋ daŋyan sirfas solid fo boŋ (ka i ga ce ""matris"" wala ""suport"") pratik."
La sculpture est la branche des arts visuels qui opère en trois dimensions.,Skültür ga ti art vizüel kambe fo ka ga goy dimensyon ihinza ra.
"L'architecture est à la fois le processus et le produit de la planification, de la conception et de la construction de bâtiments ou d'autres structures.","Arshitektur ga ti proses da prodi plan teyan, dizayn da batiman wala striktür fooyaŋ teyan wane kul."
"La photographie est l'art, l'application et la pratique de la création d'images durables en enregistrant la lumière, soit électroniquement au moyen d'un capteur d'image, soit chimiquement au moyen d'un matériau sensible à la lumière tel qu'un film photographique.","Fotografi ga ti art, aplikasyon da pratik foto ka ga gay teyan kaari enrejistreyan do, wala elektronikman kaptör imaj do, wala shimikman materiyo ka ga kaari guna do sanda film fotografik."
"Le cinéma, également connu sous le nom de film ou de motion picture, est l'art de simuler des expériences pour communiquer des idées, des histoires, des perceptions, des sentiments, de la beauté ou une atmosphère au moyen d'images enregistrées ou programmées ainsi que d'autres stimulations sensorielles.","Sinema, ka i ga bay mo sanda film wala moshiyon piktyur, ga ti art esperiyans himandiyan wane zama a ma miila, baaro, persepsyon, bine alhaali, kaanoyaŋ wala atmosfer sanni te foto ka i enrejistre wala ka i program te da stimilasyon sensoriyel fooyaŋ do."
L'ingénieur a conçu un nouveau type de moteur.,Enjeniyer na motör dumi taji fo plan te.
Le satellite transmet des données météorologiques.,Satelit ga donnée meteorolojik konda.
L'algorithme optimise le trajet du véhicule.,Algoritm ga vehikil fonda taysandi.
La cellule solaire convertit la lumière en électricité.,Selil soler ga kaari barmay ka te elektrisite.
Le microscope électronique permet d'observer des structures infimes.,Mikroskop elektronik ga naŋ boro ma striktür kayna gumo di.
La fibre optique assure une transmission rapide des informations.,Fibr optik ga information kondayan yaw tabatandi.
Le programmeur a écrit plusieurs lignes de code.,Programör na kod ceeri boobo hantum.
Le système d'exploitation gère les ressources de l'ordinateur.,Sistem d'eksplwatasyon ga ordinatör resursey daabu.
La base de données contient des millions d'enregistrements.,"Baz de donnée ra, anrejistreman miliyon boobo go no."
L'intelligence artificielle apprend de ses erreurs.,Entelijans artifisyel ga dondon nga firfiryey ra.
Le robot assemble les pièces avec précision.,Robo ga kosoy margu da presizyon.
La simulation numérique a prédit le comportement du fluide.,Simulasyon nimérik na flüid alhaali bay jina.
Le capteur mesure la température ambiante.,Kaptör ga tanperatir anbyant lasaabu.
Le circuit imprimé connecte les composants électroniques.,Sirki enprime ga konpozan elektronik haw care gaa.
La nanotechnologie manipule la matière à l'échelle atomique.,Nanoteknoloji ga mater goyandi atome lasaabu boŋ.
Le matériau composite est léger et résistant.,"Materiyo konpoze ga farhã, a ga gaabi."
La réaction chimique produit de la chaleur.,Reaksyon shimik ga gullum te.
L'enzyme catalyse la transformation biologique.,Anzim ga transformasyon biyolojik katalize.
Le vaccin stimule la réponse immunitaire.,Vaksen ga repons iminiter tunandi.
L'antibiotique combat l'infection bactérienne.,Antibiotik ga enfeksiyon bakteri wane wongu.
Le diagnostic médical a été confirmé par les analyses.,Diyagnostik medikal na tabati analizey do.
La chirurgie a duré plusieurs heures.,Shirirji na guuru boobo te.
Le traitement préventif réduit les risques de maladie.,Tretman preventif ga cuta riskey kaynandi.
L'étude clinique évalue l'efficacité du nouveau médicament.,Etid klinik ga yaaji taji efikasite lasaabu.
La génétique étudie la transmission des caractères héréditaires.,Jenetik ga alhaali ka i ga tubu kondayan dondon.
L'ADN porte le code génétique de l'organisme.,ADN no ga alman kod jenetik jare.
La cellule est l'unité de base de la vie.,Selil no ga ti fundi unite asasi.
Le tissu biologique est composé de cellules similaires.,Tisu biyolojik ga te da selil ka hima care.
L'organe remplit une fonction spécifique dans le corps.,Organ ga fonksyon spesifik fo te gaaham ra.
Le système nerveux contrôle les actions et les sensations.,Sistem nerve ga aksyon da gunaa daabu.
Le cerveau est le centre de commandement du corps.,Boŋ laakalo no ga ti gaaham lordi nangu.
Le cœur pompe le sang à travers les vaisseaux.,Bina no ga kuri tuti fonda ra.
Les poumons absorbent l'oxygène de l'air.,Fufey ga oksijen di hawo ra.
Le squelette fournit un support structurel.,Skelet ga suport striktürel no.
Les muscles permettent le mouvement du corps.,Muskulley no ga naŋ gaaham ma dira.
La digestion décompose les aliments en nutriments.,Dijesyon ga ŋwaarey feeri ka te nitriman.
L'astronome observe les étoiles lointaines.,Astronom ga etwal moorey guna.
Le télescope spatial a capturé des images de galaxies.,Teleskop espasyal na galaksi foto di.
La planète orbite autour de son étoile.,Planet ga nga etwal windi.
La lune influence les marées terrestres.,Handu ga ndunnya marey di.
La gravité maintient les planètes sur leur orbite.,Gravite no ga planetey gaay ngey orbit boŋ.
La lumière du soleil met environ huit minutes pour atteindre la Terre.,Wayna kaari ga te minti ahakku ka to Ndunnya gaa.
L'univers est en expansion constante.,Univers ga beeri waati kul.
La matière noire constitue une grande partie de la masse de l'univers.,Mater nuwar no ga ti univers mas baayaŋ.
L'énergie noire accélère l'expansion de l'univers.,Enerji nuwar ga univers beeriyaŋ yawandi.
Le géologue étudie la composition des roches.,Jeolog ga tondey konpozisyon dondon.
Les plaques tectoniques se déplacent lentement.,Plak tektonik ga dira da hawru.
Les volcans libèrent de la lave et des cendres.,Volkan ga lav da dullu fumbu naŋ.
L'érosion façonne le paysage au fil du temps.,Erozyon ga nangu te waati ra.
Les fossiles nous renseignent sur la vie passée.,Fosil g'iri no habaru fundi ka bisa boŋ.
Le climat de la Terre a changé à plusieurs reprises.,Ndunnya klima na barmay sorro boobo.
L'océanographe étudie les courants marins.,Oseyanograf ga teeko kurey dondon.
Les récifs coralliens abritent une grande biodiversité.,Resif korayen ga biyodiversite beeri gaay.
Le météorologue prévoit le temps qu'il fera demain.,Meteorolog ga haw ka ga te suba bay jina.
La pression atmosphérique influence la météo.,Presyon atmosferik ga meteo di.
L'humidité de l'air est mesurée par un hygromètre.,"Haw nyun, igrometr no g'a lasaabu."
Le vent est le mouvement de l'air.,Haw ga ti haw diraw.
Les nuages sont formés de gouttelettes d'eau ou de cristaux de glace.,Burmu ga te da hari tondi kayna wala glas kristal.
"La pluie, la neige et la grêle sont des formes de précipitations.","Hari, nej da grêle ga ti presipitasyon dumiyaŋ."
L'arc-en-ciel apparaît lorsque la lumière du soleil traverse des gouttes de pluie.,Kataka ga te waati ka wayna kaari ga hari tondi bisa.
L'architecte a dessiné les plans du nouveau bâtiment.,Arshitekt na cinari taji planey te.
L'ingénieur civil supervise la construction du pont.,Enjeniyer sivil ga kööprü cina guna.
Le maçon a construit un mur solide.,Mason na cinari gaabi fo cina.
Le charpentier a assemblé la structure en bois.,Sharpantiye na striktür bundu wane margu.
L'électricien a installé le système électrique.,Elektrisiyen na sistem elektrik daŋ.
Le plombier a réparé la fuite d'eau.,Plonbiye na hari funa hanse.
Le mécanicien automobile a changé l'huile du moteur.,Mekanisyen otomobil na motör ji barmay.
Le pneu crevé a été remplacé.,"Pnö ka bu, i n'a barmay."
Le soudeur a assemblé les pièces métalliques.,Sudör na guuru kosoy margu.
L'opérateur de machine contrôle le processus de fabrication.,Operatör masin wane ga fabrikasyon proses daabu.
L'usine produit des milliers d'unités par jour.,Izin ga unite zambar boobo te zaari fo ra.
La chaîne de montage accélère la production.,Shen de montaj ga prodüksyon yawandi.
Le contrôle qualité vérifie la conformité des produits.,Kontrol kalite ga prodi konformite guna.
Le logisticien organise le transport des marchandises.,Lojistisyen ga alman transport soola.
Le conteneur a été chargé sur le navire.,"Kontener, i n'a daŋ hi boŋ."
Le train de marchandises transporte des matières premières.,Tren alman wane ga materiyel sintina jare.
L'avion cargo livre des colis urgents.,Aviyon kargo ga koli ka ga yaw no.
Le port est une plaque tournante pour le commerce international.,Por ga ti nangu beeri komers enternasyonal se.
L'agriculteur a semé les graines au printemps.,Farkoŋ na bi tilam printemps ra.
La récolte du blé aura lieu en été.,Alkama fari ga te été ra.
L'irrigation est nécessaire pour les cultures en zone aride.,Irigasyon ga tilas fari se nangu koogu ra.
Le tracteur laboure le champ.,Traktör ga fari fumbu.
Les pesticides protègent les cultures contre les insectes.,Pestisid ga fari gaay da kurey.
L'engrais améliore la fertilité du sol.,Angre ga laabu albarka taysandi.
L'élevage de bétail est une activité importante.,Alman beeriyaŋ ga ti goy ka tilas.
Les vaches produisent du lait et de la viande.,Hawey ga waa da ham te.
Les poulets pondent des œufs.,Kookarey ga gunde daŋ.
L'apiculteur récolte le miel des ruches.,Apikültör ga yu margu ciisey bu ra.
La pêche fournit une source de protéines.,Hamisa diyan ga protein funa no.
Le pisciculteur élève des poissons en bassins.,Pisikültör ga hamisa beeri basin ra.
La forêt fournit du bois et d'autres ressources.,Saaji beero ga bundu da resurs fooyaŋ no.
La gestion durable des forêts est essentielle.,Saaji beeri daabu dirab ga tilas.
Le menuisier fabrique des meubles en bois.,Menüiziye ga fu kaasey te da bundu.
Le forgeron travaille le métal chauffé.,Forjeron ga guuru ka i dullandi goy.
Le potier façonne l'argile sur son tour.,Potiyer ga laabu te nga tur boŋ.
Le tisserand crée des étoffes colorées.,Fari teekwa ga fari ka gonda fär te.
L'artisan vend ses créations au marché.,Artizan ga nga teyaney neera kaaso ra.
Le chef cuisinier prépare un plat délicieux.,Shef küiziniye ga ŋwaari kaano fo sobay.
Les ingrédients frais améliorent la saveur.,Engrediyan taji ga dayyaŋ taysandi.
La recette indique les étapes de préparation.,Reset ga sobayyan ce cabe.
Le four est préchauffé à la bonne température.,"Fur, i n'a dullandi jina tanperatir ka hima boŋ."
Le gâteau cuit lentement dans le four.,Gato ga mon da hawru furo ra.
Le pain frais sort du fournil.,Buru taji ga fun furnil gaa.
Le marché propose une variété de fruits et légumes.,Kaaso ga tuuri albarkey da kobtey dumi boobo no.
Le commerçant pèse les marchandises.,Komersan ga alman tiŋay.
Le client paie ses achats à la caisse.,Kliyan ga nga hay ka a day bana kes gaa.
La monnaie est rendue avec précision.,"Nooru banda, i g'a ye ka no da presizyon."
Le banquier conseille ses clients sur leurs finances.,Bankiye ga nga kliyan saaware ngey finans boŋ.
Le compte d'épargne rapporte des intérêts.,Kont d'epany ga entere kande.
Le prêt immobilier finance l'achat d'une maison.,Pre imobiliye ga fu dayyan finanse.
La bourse des valeurs fluctue quotidiennement.,Burs de valör ga barmay zaari kul.
L'investisseur analyse les tendances du marché.,Envestisör ga kaaso tandans analyse te.
L'assurance protège contre les risques financiers.,Asirans ga gaay da risk finansiye.
Le contrat d'assurance détaille les conditions de couverture.,Kontra d'asirans ga kuvertür kondisyon fahamandi.
L'expert-comptable vérifie les comptes de l'entreprise.,Eksper-kontabl ga antrepriz kont guna.
Le bilan financier montre l'actif et le passif.,Bilan finansiye ga aktif da pasif cabe.
L'avocat défend les intérêts de son client au tribunal.,Avoka ga nga kliyan enterê gaay tribunal ra.
Le juge rend un verdict basé sur les preuves.,Jij ga verdik te seeda boŋ.
La loi doit être respectée par tous les citoyens.,"Fonda, sitwayen kul ga hima i m'a say."
Le policier maintient l'ordre public.,Polis ga lordi publik gaay.
L'enquête criminelle cherche à identifier le coupable.,Anket kriminel ga ceeci ka alhakikaw bay.
Le pompier éteint l'incendie avec courage.,Ponpiye ga ton wi da gaabi.
L'ambulance transporte les blessés à l'hôpital.,Anbilans ga borey ka gaa jare ka koy opital.
Le médecin urgentiste prodigue les premiers soins.,Medesen irjantist ga swen sintina no.
L'enseignant explique la leçon aux élèves.,Karamkwa ga derse fahamandi almajirey se.
Les élèves écoutent attentivement en classe.,Almajirey ga maa da laakal klas ra.
L'examen évalue les connaissances acquises.,Egzamen ga bayray ka i du lasaabu.
La bibliothèque contient de nombreux ouvrages de référence.,"Bibliotek ra, tira referans wane boobo go no."
L'étudiant fait des recherches pour son mémoire.,Almajirio ga reshersh te nga memwar se.
L'université propose divers cursus académiques.,Iniversite ga kürsüs akademik dumi boobo no.
Le diplôme sanctionne la fin des études.,Diplom ga karamay bananta tabatandi.
Le chercheur publie ses résultats dans une revue scientifique.,Sherher ga nga albarkey fatta revü syantifik fo ra.
La découverte scientifique fait progresser la connaissance.,Bayyaŋ syantifik ga bayray te a ma koy jina.
L'artiste peintre expose ses œuvres dans une galerie.,Artist pentör ga nga goyey cabe galeri fo ra.
Le sculpteur travaille le marbre avec talent.,Skültör ga marbr goy da talent.
Le musicien compose une nouvelle symphonie.,Mizisyen ga senfoni taji fo konpoze.
L'orchestre interprète la partition avec brio.,Orkestr ga partisyon enterprete da hinne.
Le danseur exécute des mouvements gracieux sur scène.,Dansör ga dira kaano te sen boŋ.
L'acteur incarne un personnage complexe au théâtre.,Aktör ga personaj sandi fo te teyatr ra.
Le réalisateur dirige le tournage du film.,Realizatör ga film turnaj daabu.
Le scénariste a écrit une histoire captivante.,Senarist na baaro ka ga di hantum.
Le photographe capture l'instant décisif.,Fotograf ga waati ka tilas di.
L'écrivain publie son nouveau roman.,Hantumkwa ga nga roman taji fatta.
Le poète récite ses vers avec émotion.,Poet ga nga verse caw da emosyon.
Le journaliste enquête sur une affaire sensible.,Jurnalist ga anket te afer ka sandi fo boŋ.
Le présentateur annonce les nouvelles du soir.,Prezantatör ga wiciri habarey ci.
Le traducteur transpose un texte d'une langue à une autre.,Tradiktör ga tira barmay sanni fo gaa ka koy afa gaa.
L'interprète assure la communication entre des locuteurs de langues différentes.,Enterpret ga komunikasyon tabatandi sanni teekwa ka ngey sanney si care hima game.
Le guide touristique présente les monuments de la ville.,Gid turistik ga birni monimaney cabe.
Le voyageur explore de nouvelles contrées.,Dirakooni ga laabu taji guna.
L'avion décolle de la piste à l'heure prévue.,Aviyon ga fun pist gaa waati ka i daŋ boŋ.
Le train traverse des paysages variés.,Tren ga nangu dumi boobo daŋandi.
Le navire de croisière navigue en haute mer.,Hi krwaziyer wane ga teeko beeri ra dira.
L'hôtel offre des chambres confortables aux clients.,Otel ga shambr ka gonda konfor no kliyan se.
Le restaurant sert des spécialités locales.,Restoran ga nangu spesiyalitey no.
Le client commande son plat préféré au serveur.,Kliyan ga nga ŋwaari ka a ga baa komande serför gaa.
La famille se réunit pour célébrer un anniversaire.,Almayaaley ga margu zama i ma jiiri duuyan fo ceeci.
Les enfants jouent joyeusement dans le parc.,Zankey ga fooru da kaani bina parko ra.
Les amis partagent des souvenirs et des rires.,Corey ga fonguyaŋ da haaruyan fay.
Le mariage unit deux personnes pour la vie.,Hiijay ga boro ihinka margu fundi kul se.
La naissance d'un bébé apporte beaucoup de joie.,Zanka kayna duuyan ga kaani bina boobo kande.
Les funérailles sont un moment de deuil et de recueillement.,Kubayyaŋ ga ti bine saray da fonguyan waati.
La fête nationale est célébrée avec des défilés et des feux d'artifice.,"Feti nasyonal, i g'a ceeci da defile da fey d'artifis."
Le festival de musique attire de nombreux spectateurs.,Festival mizik wane ga gunaakwa boobo jare.
L'exposition d'art présente des talents émergents.,Ekpozisyon art wane ga talent ka ga fatta cabe.
Le match de football se termine par un score nul.,Maas baloon wane na ban da skor ka saba.
L'athlète remporte la médaille d'or aux Jeux Olympiques.,Atlet na meday wura du Jö Olenpik ra.
Le marathonien franchit la ligne d'arrivée épuisé mais heureux.,Maratoniyen na tooyan nango daŋandi ka farga amma ka ga kaan.
Le nageur bat le record du monde.,Hari nyunkwa na ndunnya rekor wi.
Le cycliste grimpe le col de montagne avec effort.,Siklist ga tondi kol kuru da gaabi.
Le skieur dévale la piste enneigée à grande vitesse.,Skiyör ga pist ka nej g'a daabu zun da vites beeri.
Le joueur de tennis sert une balle puissante.,Juwör tenis wane ga bal ka gaabi servis te.
Le golfeur réussit un coup impressionnant.,Golför na kar ka dambarandi te.
Le basketteur marque un panier décisif à la dernière seconde.,Basketör na paniye ka tilas daŋ segond bananta ra.
Le boxeur esquive les coups de son adversaire.,Boksör ga nga gaaykwa karey gaay.
L'alpiniste atteint le sommet de la haute montagne.,Alpinist ga tondi beeri ka ziji boŋ to.
L'explorateur découvre une nouvelle grotte.,Eksploratör na guusu taji fo bay.
Le spéléologue explore les profondeurs souterraines.,Speleolog ga laabu cire kuukuri guna.
Le plongeur observe les poissons colorés dans le récif.,Plonjör ga hamisa ka gonda fär guna resifo ra.
Le surfeur glisse sur la crête de la vague.,Sörför ga vag boŋ dira.
Le parachutiste saute de l'avion avec audace.,Parashitist ga fun aviyon gaa da gaabi.
Le pilote de course franchit la ligne d'arrivée en tête.,Pilot kurs wane na tooyan nango daŋandi jine.
Le programmeur développe une nouvelle application mobile.,Programör ga aplikasyon mobil taji fo te.
Le concepteur de sites web crée une interface utilisateur intuitive.,Konseptör sit web wane ga enterfas itilizatör ka ga farhã te.
L'analyste de données interprète les tendances statistiques.,Analist de donnée ga tandans statistik fahamandi.
Le responsable marketing lance une nouvelle campagne publicitaire.,Responsabl marketing ga kanpany piblisiter taji fo sintin.
Le vendeur persuade le client d'acheter le produit.,Neerakwa ga kliyan yadda a ma prodi day.
Le directeur des ressources humaines recrute de nouveaux employés.,Direktör resursey imen wane ga goykwa taji ceeci.
Le comptable prépare les états financiers de l'entreprise.,Kontabl ga antrepriz eta finansiyey sobay.
L'auditeur vérifie la conformité des procédures.,Oditör ga prosedür konformite guna.
Le consultant fournit des conseils stratégiques à l'organisation.,Konsültan ga saaware stratejik no organizasyon se.
Le chef de projet gère les délais et le budget.,Shef de proje ga waati da bijee daabu.
L'équipe collabore pour atteindre les objectifs fixés.,Ekip ga margu zama i ma muraadu ka i daŋ to.
La réunion a permis de discuter des problèmes importants.,La reüniyon na naŋ i ma problem ka tilas sanni te.
La présentation a été claire et concise.,"Prezantasyon na hanan, a mana ku."
Le rapport résume les principales conclusions de l'étude.,Rapor ga etid konklüzyon beerey margu.
La décision a été prise après mûre réflexion.,"Anniya, i n'a te miila kuuku banda."
La solution proposée semble la plus appropriée.,Solüsyon ka i cabe ga sanda ka hima ka bisa.
L'innovation est essentielle pour la croissance de l'entreprise.,Inovasyon ga tilas antrepriz beeriyaŋ se.
La technologie évolue rapidement et transforme nos vies.,"Teknoloji ga barmay da waasu, a g'iri fundey barmay."
L'ordinateur portable est un outil de travail indispensable.,Ordinatör portabl ga ti goy jinay ka si hin ka naŋ.
Le smartphone nous connecte au monde entier.,Smartfon g'iri margu nda ndunnya kul.
Internet offre un accès illimité à l'information.,Internet ga akses ka si ban no information se.
Les réseaux sociaux facilitent la communication et le partage.,Rezo sosiyal ga komunikasyon da fayfayyaŋ farhandi.
L'intelligence artificielle révolutionne de nombreux secteurs.,Entelijans artifisyel ga sektör boobo barmay da gaabi.
Les robots effectuent des tâches répétitives et dangereuses.,Robo ga goy ka i ga te koyne da ka ti kankami te.
La réalité virtuelle offre des expériences immersives.,Realite virtüel ga esperiyans ka boro ga du ka furo no.
L'impression 3D permet de créer des objets personnalisés.,Enpresyon 3D ga naŋ boro ma obje personalize te.
Les énergies renouvelables sont une alternative aux combustibles fossiles.,Enerji ka i ga te koyne ga ti alternativ konbustibl fosil se.
L'énergie solaire est propre et inépuisable.,"Enerji soler ga hanan, a si ban."
Les éoliennes convertissent l'énergie du vent en électricité.,Eoliyen ga haw enerji barmay ka te elektrisite.
La voiture électrique réduit les émissions de gaz à effet de serre.,Motor elektrik ga gaz a efe de ser emisyon kaynandi.
Le recyclage des déchets contribue à la protection de l'environnement.,Fumbu resiklaj ga faaba environnemaŋ gaayumi se.
La conservation de l'eau est importante dans les régions arides.,Hari gaayumi ga tilas nangu koogu ra.
La protection de la biodiversité est cruciale pour l'équilibre des écosystèmes.,Biyodiversite gaayumi ga tilas gumo ekosistem daŋandi se.
Le changement climatique représente une menace mondiale.,Shanjman klimatik ga kankami mondiyal cabe.
La coopération internationale est nécessaire pour résoudre les problèmes globaux.,Kooperasyon enternasyonal ga tilas zama i ma problem global fondey cebe.
L'éducation est la clé du développement personnel et sociétal.,Karam no ga ti developpeman personel da sosyetal fonda.
La santé est un bien précieux qu'il faut préserver.,Lafiya ga ti hay ka gonda alhorma ka i ga hima i m'a gaay.
L'alimentation équilibrée et l'exercice physique sont essentiels pour une bonne santé.,Ŋwaari daŋante da egzersis fizik ga tilas lafiya kaano se.
Le sommeil réparateur est important pour la récupération.,Kani ka ga hanse ga tilas fondi se.
La gestion du stress contribue au bien-être mental.,Stres daabu ga faaba byen-etr mental se.
Les relations sociales positives enrichissent la vie.,Alakaw sosyal pozitiv ga fundi taysandi.
L'empathie est la capacité de comprendre les sentiments des autres.,Anpati ga ti hinne ka boro ma boro fooyaŋ bine alhaali faham.
La tolérance est l'acceptation des différences.,Tolerans ga ti barmay yaddayan.
Le respect mutuel est la base d'une société harmonieuse.,Sayyan ka hima care no ga ti margu ka gonda lafiya sintina.
La justice garantit l'équité et l'égalité des droits.,Adilitaray ga ekite da alhakku sabayaŋ tabatandi.
La liberté d'expression est un droit fondamental.,Liberte d'ekspresyon ga ti alhakku asasi.
La paix est un objectif universel à atteindre.,Lafiya ga ti muraadu üniversel ka i ga hima i m'a to.
L'espoir nous donne la force de continuer.,Beejo g'iri no gaabi ka iri ma gaay.
La persévérance permet de surmonter les obstacles.,Gaayumi ga naŋ boro ma hasarey bisa.
La créativité ouvre de nouvelles perspectives.,Kreyativite ga perspektiv taji feeri.
L'apprentissage continu est essentiel dans un monde en évolution.,Aprantisaj ka ga gay ga tilas ndunnya ka ga barmay ra.
La curiosité intellectuelle stimule la découverte.,Kuriyozite entelektüel ga bayyaŋ tunandi.
La sagesse s'acquiert avec l'expérience et la réflexion.,"Laakari, i g'a du esperiyans da miila do."
Le bonheur est un état d'esprit subjectif.,Kaani bina ga ti laakal alhaali sibjektif.
L'amour est un sentiment puissant et universel.,Baakasinay ga ti bine alhaali ka gaabi ka ti üniversel.
L'amitié est un lien précieux entre les personnes.,Corotaray ga ti haw ka gonda alhorma borey game.
La famille est le premier cercle de socialisation.,Almayaaley no ga ti sosyalizasyon serkl sintina.
La solidarité est l'entraide entre les membres d'une communauté.,Solidarite ga ti kominote borey care faaba.
La générosité est le don de soi sans attente de retour.,Jenerozite ga ti boŋ nooyan ka si ye ka duyaŋ hangan.
L'honnêteté est la qualité d'être véridique et sincère.,Onetete ga ti cimi teyan da bine folokante kaanoyaŋ.
L'intégrité est l'adhésion à des principes moraux stricts.,Entegrite ga ti prensip moral sandi gaayumi.
La responsabilité est le fait d'assumer les conséquences de ses actions.,Responsabilite ga ti boro nga goyey banda yaddayan.
Le courage est la capacité de faire face au danger ou à la douleur.,Kuraj ga ti hinne ka boro ma kankami wala doori guna.
La patience est la capacité d'accepter les retards ou les ennuis sans se fâcher.,Pasyans ga ti hinne ka boro ma gayyaŋ wala hasara yadda ka si futu.
L'humilité est la qualité d'avoir une opinion modeste de sa propre importance.,Imilite ga ti miila kayna teyan boro nga boŋ alhorma boŋ kaanoyaŋ.
La gratitude est le sentiment d'être reconnaissant.,Gratitid ga ti barka teyan bine.
Le pardon est l'acte de cesser de ressentir du ressentiment envers quelqu'un pour une offense.,Pardon ga ti bine bi si teyan naŋyan boro fo se taali fo se goy.
La compassion est la sympathie et la préoccupation pour les souffrances ou les malheurs des autres.,Konpasyon ga ti suuji da bine haw boro fooyaŋ doori wala i laala se.
La culture façonne notre vision du monde et nos comportements.,Kültür ga iri ndunnya guna da iri alhaali te.
Les traditions sont transmises de génération en génération.,"Adetey, i g'i konda jiil gaa ka koy jiil fo gaa."
Les coutumes varient d'une société à l'autre.,Alhaali ga barmay margu fo gaa ka koy afa gaa.
L'art est une expression de la créativité humaine.,Art ga ti boro kreyativite cabe.
La musique transcende les barrières linguistiques.,Mizik ga sanni kange bisa.
La littérature nous transporte dans d'autres mondes et d'autres époques.,Literatir g'iri konda ndunnya da waati fooyaŋ gaa.
Le sport favorise la santé physique et mentale.,Sport ga lafiya fizik da mental taysandi.
Le jeu est essentiel au développement de l'enfant.,Fooruyan ga tilas zanka developpeman se.
Les voyages élargissent nos horizons et notre compréhension du monde.,Diraw g'iri orizon da iri ndunnya fahamyaŋ feeri.
La nature nous offre beauté et sérénité.,Natuur g'iri no kaanoyaŋ da bine serendi.
La protection de l'environnement est une responsabilité collective.,Environnemaŋ gaayumi ga ti responsabilite ka margu.
Chaque individu peut contribuer à un avenir meilleur.,Boro foloko kul ga hin ka faaba suba kaano se.
Le dialogue et la compréhension mutuelle sont essentiels pour la paix.,Diyalog da care fahamyaŋ ga tilas lafiya se.
L'histoire nous enseigne des leçons précieuses pour l'avenir.,Taariki g'iri no derse ka gonda alhorma suba se.
Le progrès scientifique et technologique doit être au service de l'humanité.,Progres syantifik da teknolojik ga hima a ma te boro nafa se.
L'éthique doit guider nos actions et nos décisions.,Etik ga hima a ma iri goyey da iri anniyey candi.
La recherche de la vérité est une quête sans fin.,Cimi gunguna ga ti ceeci ka si ban.
La connaissance est un pouvoir qui doit être utilisé sagement.,Bayray ga ti gaabi ka i ga hima i m'a goyandi da laakari.
L'éducation est l'arme la plus puissante pour changer le monde.,Karam no ga ti jinay ka gaabi ka bisa kul ka i ga daŋ zama i ma ndunnya barmay.
Le respect de la diversité enrichit nos sociétés.,Diversite sayyan g'iri margu taysandi.
La lutte contre les injustices est un devoir moral.,Adilitaray si teyan wongu ga ti farilla moral.
La solidarité internationale est nécessaire face aux défis mondiaux.,Solidarite enternasyonal ga tilas hasara mondiyal jine.
L'avenir de la planète est entre nos mains.,Planet suba go iri kambey ra.
Agir ensemble pour un monde plus juste et durable.,Iri ma goy care banda ndunnya ka gonda adilitaray ka dirab ka bisa se.
Le petit chaton miaulait tristement.,Muusu kayna na jinde te da bine saray.
Il avait perdu sa mère dans la grande ville.,A na nga nya pati birni beero ra.
Une gentille dame l'entendit et le prit dans ses bras.,"Wayboro ka baani fo n'a maa, a n'a sambu nga kambey ra."
Elle lui donna du lait chaud et un endroit douillet pour dormir.,A n'a no waa ka gullo da nangu ka hawru ka a ma kani.
Le chaton se sentit enfin en sécurité.,Muuso na nga boŋ guna da sekirite banda.
Le vieux chêne se dressait fièrement au milieu du champ.,Shen zeeno na kay da beeray fari bindo ra.
Il avait vu passer de nombreuses saisons et de nombreuses générations.,A na sezon boobo da jiil boobo di ka bisa.
Ses branches offraient de l'ombre aux voyageurs fatigués.,A kambey ga dulbey no dirakooni ka farga se.
Les oiseaux construisaient leurs nids dans ses feuilles.,Curkoy ga ngey bu te a kobtey ra.
Il était le gardien silencieux de la campagne.,A ga ti saaji gaaykwa ka si sanni te.
La petite étoile scintillait dans le ciel nocturne.,Handu bonji kayna na karkar cin beero ra.
Elle regardait la Terre endormie en contrebas.,A ga Ndunnya ka kani guna nga cire.
Elle se demandait ce que les humains rêvaient.,A ga nga boŋ hã ifo no borey ga miila.
Elle envoyait de doux rayons d'espoir à ceux qui étaient tristes.,A ga beeje kaari hawru donton ngey ka bine sara se.
"Chaque nuit, elle veillait fidèlement sur le monde.","Cin kul, a ga ndunnya guna da naanay."
Le ruisseau chantait en dévalant la colline.,Hari kayna na dooni ka ga tondi kayna zun.
Ses eaux claires reflétaient le ciel bleu.,A hari ka hanan ga beero bulu cabe.
Les petits poissons y nageaient joyeusement.,Hamisa kayney ga hari nyun a ra da kaani bina.
Les fleurs sauvages poussaient sur ses rives.,Fula saajey ga te a daŋey gaa.
Il apportait la vie et la fraîcheur à la vallée.,A ga fundi da hawsumay kande gooro se.
Le vent soufflait à travers les hautes herbes.,Haw na fufu subu kuukey ra.
Il murmurait des secrets aux arbres.,A ga gundey sanni te tuurey se.
Il faisait danser les feuilles et les fleurs.,A ga kobtey da fulawey te i ma gambu.
"Parfois, il était une douce brise, parfois une tempête puissante.","Waati fooyaŋ, a ga ti haw hawru, waati fooyaŋ haw beeri ka gaabi."
Il était l'esprit invisible de la nature.,A ga ti natuur laakal ka si di.
"Le désert s'étendait à perte de vue, doré et silencieux.","Dezer na feeri hala guna si to, wura fär da siiray."
Seules quelques plantes courageuses y survivaient.,Tuuri gaabikooney kayna hinne no ga fundi noodin.
"Le soleil y régnait en maître, implacable.","Wayna no ga bonkoonitara te noodin, ka si suuji."
"La nuit, le ciel se remplissait d'étoiles innombrables.","Cin, beero ga to da handu bonjarey ka si lasaabu."
Le désert gardait ses mystères pour ceux qui osaient l'explorer.,Dezer ga nga gundey gaay ngey ka ga yadda k'a guna se.
"La montagne se dressait, imposante et majestueuse.","Tondi na kay, ka ga beerandi, ka gonda beeray."
Ses sommets enneigés touchaient presque les nuages.,A boŋ ka nej g'i daabu ga maan ka burmu di.
Des cascades d'eau claire dévalaient ses flancs.,Hari ka hanan kaskadey ga zun a kambey gaa.
"Les aigles y construisaient leurs nids, dominant la vallée.","Zaamey ga ngey bu te noodin, ka ga gooro daabu."
Elle était un symbole de force et de pérennité.,A ga ti gaabi da gayyaŋ senbol.
"L'océan était vaste et profond, plein de merveilles inconnues.","Oseyan ga beeri, a ga kuuku, a to da alaajibi ka si bay."
Des baleines chantaient leurs mélodies mystérieuses dans ses profondeurs.,Balen ga ngey melodi ka ti gundo dooni a cire kuukuri ra.
Des bancs de poissons colorés y dansaient en harmonie.,Hamisa ka gonda fär margu ga gambu noodin da armoni.
Les vagues venaient s'écraser sur les plages de sable fin.,Teeko kurey ga kaa ka bu laabu kayna plajey boŋ.
"Il était un monde en soi, puissant et imprévisible.","A ga ti ndunnya nga boŋ, ka gaabi, ka si hin ka bay jina."
La vieille bibliothèque sentait le papier ancien et la connaissance.,Bibliotek zeeno na tira zamaney wane da bayray fiti.
Ses étagères étaient remplies de livres de toutes les époques et de tous les sujets.,A etajer to da tira waati kul da hay kul wane.
"Chaque livre contenait une histoire, une idée, un rêve.","Tira kul ra, baaro, miila, miila fo go no."
Les lecteurs silencieux y cherchaient la sagesse et l'évasion.,Cawkwa ka si sanni te ga laakari da fatta gungun noodin.
Elle était un trésor de l'esprit humain.,A ga ti boro laakal arzaka.
"Le marché animé débordait de couleurs, d'odeurs et de sons.","Kaaso ka ga yulwa na to da fär, fiti da jinde."
Les marchands vantaient leurs produits à grands cris.,Neerakoy ga ngey hayey fo da jinde beeri.
Les clients négociaient les prix avec habileté.,Kliyan ga sanda sanni te da hinne.
"On y trouvait des épices exotiques, des tissus chatoyants et des fruits juteux.","I ga epis ekzotik, fari ka ga karkar da tuuri albarkey ka gonda hari du noodin."
C'était le cœur vibrant de la ville.,A ga ti birni bina ka ga dira.
Le train siffla et entra lentement en gare.,"Tren na jinde te, a furo gar ra da hawru."
"Des voyageurs fatigués descendirent, d'autres montèrent avec impatience.","Dirakooni ka farga na zun, boro fooyaŋ na kuru da suuru si teyan."
Le chef de gare annonça le prochain départ.,Shef de gar na fatta ka ga kaa ci.
"Les adieux se firent sur le quai, entre rires et larmes.","Banda naŋyan na te ke boŋ, haaruyan da hẽnon game."
Le train était une promesse de nouvelles aventures.,Tren ga ti avantür taji alkaul.
"La petite graine dormait sous la terre, attendant le printemps.","Bi kayna na kani laabu cire, ka ga printemps hangan."
La pluie vint la réveiller doucement.,Hari kaa k'a tunandi da hawru.
Le soleil lui donna la force de grandir.,Wayna n'a no gaabi ka a ma beeri.
"Bientôt, une petite pousse verte sortit de terre.","Sahondi, kobtey kayna fo na fatta laabo ra."
"Elle deviendrait un jour un grand arbre, fort et protecteur.","A ga te han fo tuuri beeri, ka gaabi, ka ga gaay."
Le peintre mélangeait les couleurs sur sa palette.,Pentör na fär margu nga palet boŋ.
"Son pinceau dansait sur la toile, créant un paysage imaginaire.","A penso na gambu twal boŋ, ka ga nangu miila fo te."
"Des montagnes bleues se dressaient au loin, un lac scintillant reflétait le ciel.","Tondi bulu na kay mooru, teeko ka ga karkar na beero cabe."
Chaque coup de pinceau était une expression de son âme.,Penso kar kul ga ti nga biya cabe.
"L'art était son langage, sa passion, sa vie.","Art ga ti a sanni, a baakasinay, a fundi."
Le musicien accordait son violon avant le concert.,Mizisyen na nga viyolon daŋandi za konser mana sintin.
"La salle était comble, le public attendait avec impatience.","Sal to, jama ga hangan da suuru si teyan."
"Les premières notes s'élevèrent, emplissant l'air de mélodie.","Not sintina na tun, ka hawo toonandi da melodi."
"La musique racontait une histoire sans mots, touchant les cœurs.","Mizik na baaro te ka sinda sanni, ka ga biney di."
C'était un moment de pure magie.,A ga ti maji hanante waati.
L'écrivain cherchait l'inspiration devant sa page blanche.,Hantumkwa na inspiration gungun nga paj funay jine.
Les mots ne venaient pas facilement ce jour-là.,Sanney mana kaa da farhã zaaro din.
"Il se leva, regarda par la fenêtre, observa le monde extérieur.","A na tun, a guna fonetar gaa, a na ndunnya ka go banda guna."
"Soudain, une idée germa, une histoire commença à prendre forme.","Waati foloko, miila fo na fatta, baaro fo na sintin ka te."
"Il retourna à son bureau, le stylo prêt à courir sur le papier.","A ye nga biro gaa, alkalamo soola ka a ma zuru tira boŋ."
Le scientifique observait attentivement la réaction dans l'éprouvette.,Syantifik na reaksyon guna da laakal epruvet ra.
"Des bulles se formaient, la couleur changeait.","Bül na te, fär na barmay."
Il notait chaque détail dans son carnet de laboratoire.,A ga detay kul hantum nga karne de laboratuwar ra.
Cette expérience pourrait mener à une découverte importante.,Esperiyans wo ga hin ka konda bayyaŋ ka tilas gaa.
La quête de la connaissance était sa plus grande passion.,Bayray gunguna no ga ti a baakasinay ka bisa kul.
L'explorateur s'aventura dans la jungle inconnue.,Eksploratör na nga boŋ daŋ jangal ka si bay ra.
Des plantes étranges et des animaux colorés l'entouraient.,Tuuri dumi waani da alman ka gonda fär n'a windi.
"Il cherchait une cité perdue, mentionnée dans d'anciennes légendes.","A ga birni ka pati fo gungun, ka i ci lejand zamaney wane ra."
"Le chemin était difficile, semé d'embûches et de dangers.","Fonda ga sandi, a to da hasara da kankamey."
Mais sa soif d'aventure était plus forte que la peur.,Amma a avantür goyo ga gaabi ka bisa humburuyaŋ.
Le vieux marin racontait des histoires de créatures marines fantastiques.,Marin zeeno na teeko alman fantastik baaro te.
Le réveil sonne à six heures du matin.,Revey ga jinde te guuru iddu subba.
Je me lève et je vais prendre une douche.,"Ay ga tun, ay ga koy ka nyun."
"Ensuite, je prépare le petit-déjeuner pour la famille.","Banda, ay ga subba futu te almayaaley se."
Nous mangeons ensemble avant de commencer la journée.,Iri ga ŋwa care banda za iri ga zaaro sintin.
Les enfants vont à l'école en bus.,Zankey ga koy karam bis ra.
Je vais au travail en voiture.,Ay ga koy goy motor ra.
La circulation est dense ce matin.,Sirkülasyon ga sandi hunkuna subba.
J'arrive au bureau et je salue mes collègues.,"Ay ga to biro, ay ga ay goy borey fo."
La journée de travail commence par une réunion d'équipe.,Goy zaaro ga sintin da ekip la reüniyon.
Nous discutons des projets en cours.,Iri ga proje ka go sohon sanni te.
J'ai beaucoup de courriels à lire et à traiter.,Ay gonda kurye boobo ka ay ga hima ay m'i caw k'i goy.
La pause déjeuner est à midi.,Zaari ŋwaari fonda ga te midi.
Je mange à la cantine avec mes collègues.,Ay ga ŋwa kantin ra ay goy borey banda.
"L'après-midi, je me concentre sur mes tâches principales.","Wiciri kambu, ay ga ay laakal daŋ ay goy beerey boŋ."
Je participe à une visioconférence avec des clients.,Ay ga viziyokonferans fo ra koto kliyan banda.
La journée se termine vers dix-huit heures.,Zaaro ga ban ka hima guuru way-ahakku.
"Je rentre à la maison, fatigué mais satisfait.","Ay ga ye fu, ka farga amma ka kaan."
Je prépare le dîner pendant que les enfants font leurs devoirs.,Ay ga wiciri ŋwaari sobay waati ka zankey ga ngey derse te.
Nous dînons en famille et parlons de notre journée.,"Iri ga wiciri ŋwaari ŋwa almayaaley banda, iri ga iri zaaro sanni te."
"Après le dîner, nous regardons un peu la télévision.","Wiciri ŋwaari banda, iri ga televizyon guna kayna."
Les enfants se couchent vers vingt et une heures.,Zankey ga kani ka hima guuru yegga-afo.
Je lis un livre avant de m'endormir.,Ay ga tira caw za ay ma kani.
"Le week-end, nous faisons souvent des activités en famille.","Wikend, iri ga goy te almayaaley banda waati boobo."
"Nous allons au parc, au cinéma ou nous rendons visite à des amis.","Iri ga koy parko, sinema wala iri ga koy corey guna."
"Parfois, nous faisons une excursion à la campagne.","Waati fooyaŋ, iri ga diraw te saaji."
J'aime passer du temps avec ma famille et mes amis.,Ay ga baa ka ay ma waati te ay almayaaley da ay corey banda.
Le marché du samedi matin est toujours animé.,Asibda subba kaaso ga yulwa waati kul.
J'achète des fruits et légumes frais pour la semaine.,Ay ga tuuri albarkey da kobtey taji day hepto se.
Je rencontre souvent des voisins au marché.,Ay ga gorokasiney kubay kaaso ra waati boobo.
Nous échangeons les dernières nouvelles du quartier.,Iri ga kwaara habaru ka te banda barmay.
"L'après-midi, je fais un peu de jardinage.","Wiciri kambu, ay ga jardin goy kayna te."
Je plante de nouvelles fleurs et j'arrose les légumes.,"Ay ga fula taji tilam, ay ga kobtey haŋandi."
"Le soir, nous invitons parfois des amis à dîner.","Wiciri, iri ga corey ce i ma kaa ka ŋwa waati fooyaŋ."
Nous préparons un barbecue dans le jardin.,Iri ga barbekü te kaley ra.
Les enfants jouent ensemble pendant que les adultes discutent.,Zankey ga fooru care banda waati ka borey beerey ga sanni te.
C'est agréable de se détendre et de s'amuser.,A ga kaanu ka boro ma fondi k'a ma farhã te.
"Le dimanche, nous faisons souvent une longue promenade.","Alhadi, iri ga ce diraw kuuku te waati boobo."
Nous explorons les sentiers de la forêt voisine.,Iri ga saaji ka jarga fonda kayney guna.
L'air frais et la nature sont revigorants.,Haw tajo da natuur ga gaabi no.
Nous pique-niquons au bord du lac.,Iri ga piknik te teeko daŋay gaa.
Les enfants aiment nourrir les canards.,Zankey ga baa ka i ma kookari hariyey ŋwaarayandi.
"En rentrant, nous nous arrêtons parfois pour prendre une glace.","Waato ka iri ga ye, iri ga kay waati fooyaŋ zama iri ma glas di."
"Le soir, je prépare mes affaires pour la semaine de travail.","Wiciri, ay ga ay hayey soola hepto goy se."
Je vérifie mon agenda et mes rendez-vous.,Ay ga ay ajanda da ay randevuy guna.
Une bonne organisation aide à commencer la semaine sereinement.,Organizasyon kaano ga faaba ka hepto ma sintin da lafiya.
"J'aime mon travail, même s'il est parfois stressant.","Ay ga ay goyo baa, baa nda a ga stres te waati fooyaŋ."
Mes collègues sont sympathiques et serviables.,"Ay goy borey ga baani, i ga faaba."
Nous nous entraidons lorsque quelqu'un a besoin d'aide.,Iri ga care faaba waati ka boro fo ga laamiya.
L'ambiance au bureau est généralement bonne.,Biro anbyans ga kaanu waati boobo.
Je participe à une formation professionnelle la semaine prochaine.,Ay ga formasyon profesyonel fo ra koto hepto ka ga kaa.
C'est important de continuer à apprendre et à se développer.,A ga tilas ka boro ma dondonyaŋ da nga boŋ teyan gaay.
J'ai un projet important à terminer avant la fin du mois.,Ay gonda proje ka tilas ka ay ga hima ay m'a ban za hando mana ban.
Je dois gérer mon temps efficacement pour y arriver.,Ay ga hima ay ma ay waato daabu da efikasite zama ay m'a to.
Mon voisin a organisé une fête pour son anniversaire.,Ay gorokasin na ceeci te nga jiiri duuyan se.
Il y avait beaucoup de monde et de la bonne musique.,"Boro boobo go no, mizik kaano mo."
Nous avons bien mangé et bien ri.,"Iri na ŋwa kaani, iri na haaru kaani."
C'était une soirée très agréable.,Wiciri ka kaanu gumo no.
J'ai reçu une invitation pour un mariage le mois prochain.,Ay na ciyari du hiijay fo se hando ka ga kaa.
Je dois acheter un cadeau et une nouvelle tenue.,Ay ga hima ay ma nooru day da bankaaray taji fo.
Les mariages sont toujours des occasions joyeuses.,Hiijay ga ti kaani bina okazyoney waati kul.
Ma voiture a besoin d'une révision.,Ay motor ga revizyon laamiya.
Je vais prendre rendez-vous chez le garagiste.,Ay ga randevu te garajis gaa.
Il est important d'entretenir régulièrement son véhicule.,A ga tilas ka boro ma nga vehikil gaay waati kul.
J'ai fait les courses au supermarché hier.,Ay na kaaso te sipermarse ra bi.
"J'ai acheté du lait, du pain, des œufs et du fromage.","Ay na waa, buru, gunde da fromaj day."
J'ai aussi pris des fruits et des légumes.,Ay na tuuri albarkey da kobtey mo di.
Il y avait une promotion sur le café.,Promosyon go no kafe boŋ.
J'ai payé par carte bancaire.,Ay na bana da kart banker.
Je dois aller à la poste pour envoyer un colis.,Ay ga hima ay ma koy post zama ay ma koli fo donton.
Je vais aussi acheter des timbres.,Ay ga tenbr day mo.
La file d'attente était longue à la poste.,Ceeriyo na ku post gaa.
J'ai dû patienter une vingtaine de minutes.,Ay na suuru te ka hima minti waranka.
J'ai un rendez-vous chez le dentiste la semaine prochaine.,Ay gonda randevu dantist gaa hepto ka ga kaa.
Je n'aime pas beaucoup aller chez le dentiste.,Ay si baa gumo ka ay ma koy dantist gaa.
Mais c'est important pour la santé des dents.,Amma a ga tilas hinjey lafiya se.
Je me brosse les dents deux fois par jour.,Ay ga ay hinjey nyun sorro hinka zaari fo ra.
J'utilise du fil dentaire régulièrement.,Ay ga fil danteyr goyandi waati kul.
J'ai besoin de nouvelles chaussures de sport.,Ay ga sabata sport wane taji laamiya.
Je vais aller faire du shopping ce week-end.,Ay ga koy ka shoping te wikend wo.
J'espère trouver une bonne paire en solde.,Ay ga beeje ka ay ma margu kaano fo du sold ra.
J'aime lire des romans policiers.,Ay ga baa ka ay ma roman polisye caw.
J'ai emprunté un nouveau livre à la bibliothèque.,Ay na tira taji fo gaayu bibliotek ra.
L'intrigue est très captivante.,Entrig ga di gumo.
Je regarde souvent des documentaires à la télévision.,Ay ga dokimanter guna televizyon ra waati boobo.
J'apprends beaucoup de choses intéressantes.,Ay ga hay kaanu boobo dondon.
J'écoute de la musique en faisant le ménage.,Ay ga mizik maa waati ka ay ga fu goy te.
Ça rend les tâches moins ennuyeuses.,A ga goyey te i ma si fargandi ka bisa.
Je fais du yoga pour me détendre.,Ay ga yoga te zama ay ma fondi.
C'est bon pour le corps et l'esprit.,A ga kaanu gaaham da laakal se.
Je vais au cinéma une fois par mois environ.,Ay ga koy sinema sorro fo hando ra ka hima.
J'aime les films d'action et les comédies.,Ay ga film aksyon wane da komedi baa.
J'ai vu un très bon film la semaine dernière.,Ay na film ka kaanu gumo fo di hepto ka bisa.
Je prévois de repeindre ma chambre bientôt.,Ay ga anniya te ka ay ma ay shambr pentire koyne sohondi.
Je dois choisir une nouvelle couleur.,Ay ga hima ay ma fär taji fo suuba.
"Ce sera beaucoup de travail, mais le résultat en vaudra la peine.","Goy boobo no ga te, amma albarka ga nga alhorma du."
J'ai planté des herbes aromatiques sur mon balcon.,Ay na subu ka gonda fiti tilam ay balkon boŋ.
"J'utilise du basilic, du persil et de la menthe pour cuisiner.","Ay ga bazilik, persil da ment goyandi ŋwaari teyan se."
C'est agréable d'avoir des herbes fraîches à portée de main.,A ga kaanu ka boro ma subu taji du kambe jarga.
J'ai un chat qui s'appelle Minou.,Ay gonda muusu fo ka i ga ce Minu.
Il est très affectueux et joueur.,"A ga baani gumo, a ga fooru."
Il aime dormir sur mes genoux quand je lis.,A ga baa ka a ma kani ay cey boŋ waati ka ay ga caw.
Je dois nettoyer la litière du chat régulièrement.,Ay ga hima ay ma muuso litiyer hananyaŋ waati kul.
Je promène mon chien tous les jours dans le parc.,Ay ga ay hansi candi zaari kul parko ra.
Il adore courir après la balle.,A ga baa gumo ka a ma bal gana.
C'est un bon compagnon.,A ga ti corokasin kaano.
J'ai réservé des billets d'avion pour mes prochaines vacances.,Ay na biye aviyon wane reserve ay konje ka ga kaa se.
Je vais visiter un nouveau pays.,Ay ga laabu taji fo guna.
J'ai hâte de découvrir de nouvelles cultures.,Ay ga suuru si te ka ay ma kultür taji bay.
Je dois faire ma valise et ne rien oublier.,"Ay ga hima ay ma ay kwaara te, ay ma si hay kulu dirma."
J'ai appris quelques mots de la langue locale.,Ay na nango sanni sanney kayna dondon.
Ce sera une aventure passionnante.,Avantür ka kaanu no ga te.
J'ai participé à un cours de cuisine la semaine dernière.,Ay na kür ŋwaari teyan wane fo ra koto hepto ka bisa.
J'ai appris à préparer des plats traditionnels.,Ay na dondon ka ay ma ŋwaari adadi sobay.
C'était très instructif et amusant.,"A ga dondonandi gumo, a ga farhã te."
Je vais essayer de refaire les recettes à la maison.,Ay ga ceeci ka ay ma resetey te koyne fu ra.
J'ai rejoint un club de lecture.,Ay na koto klib cawyan wane fo ra.
Nous nous réunissons une fois par mois pour discuter d'un livre.,Iri ga margu sorro fo hando ra zama iri ma tira fo sanni te.
C'est un bon moyen de découvrir de nouveaux auteurs.,Fonda kaano no ka boro ma otör taji bay.
J'ai commencé à apprendre une nouvelle langue en ligne.,Ay na sintin ka sanni taji fo dondon en liny.
C'est difficile mais très gratifiant.,A ga sandi amma a ga bine kaandi gumo.
Je pratique tous les jours avec une application.,Ay ga te zaari kul aplikasyon fo do.
J'ai visité un musée d'art moderne récemment.,Ay na mize art modern wane fo guna sohondi.
Certaines œuvres étaient très abstraites.,Goy fooyaŋ ga ti abstrakt gumo.
L'art contemporain peut être surprenant.,Art kontonporen ga hin ka dambarandi.
J'ai assisté à un concert de musique classique.,Ay na konser mizik klasik wane fo ra koto.
L'orchestre était excellent.,Orkestro na kaanu gumo.
La musique de Mozart est intemporelle.,Mozart miziko si zeen.
J'ai fait une randonnée en montagne le week-end dernier.,Ay na randone te tondi boŋ wikend ka bisa.
La vue depuis le sommet était magnifique.,Gunaa boŋ gaa na kaanu gumo.
J'ai pris beaucoup de photos.,Ay na foto boobo di.
C'était une bonne façon de se déconnecter.,Fonda kaano no ka boro ma nga boŋ feeri.
J'ai essayé un nouveau restaurant en ville.,Ay na restoran taji fo ceeci birno ra.
La nourriture était délicieuse et le service impeccable.,"Ŋwaaro na kaanu, servis mo na timme."
Je le recommande vivement.,Ay g'a rekomande da gaabi.
J'ai organisé une collecte de fonds pour une association caritative.,Ay na nooru marguyan te asosiyasyon karitativ fo se.
Nous avons récolté une somme importante.,Iri na nooru lasaabu ka tilas margu.
C'est gratifiant d'aider ceux qui sont dans le besoin.,A ga bine kaandi ka boro ma ngey ka go laabu ra faaba.
J'ai fait du bénévolat dans un refuge pour animaux.,Ay na benevolat te alman refüj fo ra.
J'ai aidé à nourrir les chiens et les chats.,Ay na faaba ka i ma hansiyey da muusey ŋwaarayandi.
C'était une expérience enrichissante.,Esperiyans ka ga taysandi no.
J'ai suivi un cours de premiers secours.,Ay na kür swen sintina wane fo gana.
Je sais maintenant comment réagir en cas d'urgence.,Ay bay sohon mate ka ay ga te irjans teyan ra.
C'est une compétence utile à avoir.,Hinne ka gonda nafa no ka boro ma du.
J'ai participé à un atelier d'écriture créative.,Ay na ateliye hantumyan kreyativ wane fo ra koto.
J'ai appris des techniques pour améliorer mon style.,Ay na teknik dondon zama ay ma ay stil taysandi.
J'ai écrit une nouvelle histoire.,Ay na baaro taji fo hantum.
J'ai assisté à une conférence sur le changement climatique.,Ay na konferans shanjman klimatik boŋ fo ra koto.
Les intervenants étaient très informatifs.,Entervenan na habarandi gumo.
Nous devons tous agir pour protéger notre planète.,Iri kul ga hima iri ma goy zama iri ma iri planet gaay.
J'ai voté aux dernières élections.,Ay na vote te eleksyon ka te banda ra.
C'est un devoir civique important.,Farilla sivik ka tilas no.
Chaque voix compte.,Jinde kul gonda nga alhorma.
J'ai lu les programmes des différents candidats.,Ay na kandida dumi boobo program caw.
J'ai fait un don à une organisation non gouvernementale.,Ay na nooru no organizasyon non-gubernemantal fo se.
Ils font un travail admirable pour aider les plus démunis.,I ga goy ka dambarandi te zama i ma ngey ka bisa kul ka si hay du faaba.
J'ai signé une pétition pour protéger une espèce en voie de disparition.,Ay na petisyon fo sinye zama i ma espes an vwa de disparisyon fo gaay.
Il est important de défendre les droits des animaux.,A ga tilas ka boro ma alman alhakkey gaay.
J'ai participé à une manifestation pacifique.,Ay na manifestasyon pasifik fo ra koto.
Nous avons exprimé nos préoccupations concernant une nouvelle loi.,Iri na iri bine haw cabe fonda taji fo boŋ.
Le dialogue est essentiel dans une démocratie.,Diyalog ga tilas demokrasi ra.
J'ai écrit une lettre à mon député.,Ay na tira hantum ay depite se.
Je lui ai fait part de mes opinions sur un sujet important.,Ay n'a no ay miiley hay ka tilas fo boŋ.
Les citoyens ont le droit de s'exprimer.,Sitwayen gonda alhakku ka i ma ngey boŋ cabe.
J'ai aidé à organiser un événement communautaire dans mon quartier.,Ay na faaba ka evenman kominotär fo soola ay kwaara ra.
C'était une fête de voisins avec de la nourriture et des jeux.,Gorokasiney ceeci no ka ŋwaari da fooruyan go ra.
Cela renforce les liens entre les habitants.,A ga alakaw gaabandi borey game.
J'ai rejoint un groupe de discussion sur l'histoire locale.,Ay na koto grup disküsyon nangu taariki boŋ fo ra.
J'apprends beaucoup sur le passé de ma ville.,Ay ga hay boobo dondon ay birni zamaney boŋ.
C'est fascinant de découvrir comment les choses ont changé.,A ga di gumo ka boro ma bay mate ka hayey na barmay.
J'ai fait des recherches sur mon arbre généalogique.,Ay na reshersh te ay bandatara tuuri boŋ.
J'ai découvert des ancêtres dont j'ignorais l'existence.,Ay na asuli ka ay si i goro bay.
Connaître ses racines est important.,Boro nga kök bayyan ga tilas.
J'ai commencé un nouveau passe-temps : la poterie.,Ay na pas-tan taji fo sintin: potri.
C'est relaxant de travailler l'argile avec ses mains.,A ga fondi ka boro ma laabu goy nga kambey do.
J'ai fabriqué quelques bols et vases.,Ay na taasa da vaz kayna fooyaŋ te.
J'apprends à jouer d'un instrument de musique : la guitare.,Ay ga dondon ka ay ma enstrüman mizik wane fo fooru: gitaar.
"Mes doigts sont encore un peu raides, mais je progresse.","Ay kambey ga sandi kayna jina, amma ay ga jina koy."
La musique est une belle forme d'expression.,Mizik ga ti ekspresyon dumi kaano.
J'ai pris des cours de danse salsa.,Ay na kür dans salsa wane te.
C'est amusant et c'est un bon exercice.,"A ga farhã te, egzersis kaano no mo."
J'ai rencontré de nouvelles personnes sympathiques.,Ay na boro taji ka baani kubay.
J'ai décidé de manger plus sainement.,Ay na anniya te ka ay ma ŋwa ka lafiya ka bisa.
"Je consomme plus de fruits, de légumes et de grains entiers.","Ay ga tuuri albarkey, kobtey da hayni ka timme konsome ka bisa."
Je bois aussi beaucoup d'eau.,Ay ga hari boobo haŋ mo.
Je me sens mieux et j'ai plus d'énergie.,"Ay ga ay boŋ guna ka kaan, ay gonda enerji ka bisa."
J'essaie de réduire ma consommation de plastique.,Ay ga ceeci ka ay ma ay plastik konsomasyon kaynandi.
J'utilise des sacs réutilisables et une gourde.,Ay ga buukey ka i ga goyandi koyne da gurd goyandi.
Chaque petit geste compte pour l'environnement.,Goy kayna kul gonda nga alhorma environnemaŋ se.
J'ai installé des panneaux solaires sur mon toit.,Ay na panno soler daŋ ay fu boŋ.
Je produis une partie de ma propre électricité.,Ay ga ay elektrisite kambe fo te ay boŋ.
C'est une bonne chose pour la planète et pour mon portefeuille.,Hay kaano no planet se da ay portfey se mo.
J'ai commencé à faire du covoiturage pour aller au travail.,Ay na sintin ka kovwatüraj te zama ay ma koy goy.
Nous partageons les frais d'essence et c'est plus convivial.,"Iri ga esans sanda fay, a ga kaanu ka bisa."
Je trie mes déchets pour le recyclage.,Ay ga ay fumbey fay resiklaj se.
"Le verre, le papier et le plastique sont collectés séparément.","Ver, tira da plastik, i g'i margu fayante."
C'est important de réduire notre impact sur l'environnement.,A ga tilas ka iri ma iri enpak environnemaŋ boŋ kaynandi.
J'ai acheté des produits locaux au marché fermier.,Ay na prodi lokal day kaaso farkoŋ wane ra.
C'est bon de soutenir les agriculteurs de la région.,A ga kaanu ka boro ma nango farkoy gaay.
Les produits sont frais et de saison.,"Prodiyey ga taji, i ga ti waati wane."
J'ai réparé mon vélo au lieu d'en acheter un nouveau.,Ay na ay velo hanse manti ka ay ma taji fo day.
C'est plus économique et écologique.,"A ga ekonomik ka bisa, a ga ekolojik mo."
J'essaie d'éviter le gaspillage alimentaire.,Ay ga ceeci ka ay ma ŋwaari halaci gaay.
Je planifie mes repas et j'utilise les restes.,"Ay ga ay ŋwaarey plan te, ay ga banda goyandi."
Chaque aliment a de la valeur.,Ŋwaari kul gonda alhorma.
J'ai donné des vêtements que je ne portais plus à une association.,Ay na bankaaray ka ay si daŋ koyne no asosiyasyon fo se.
Quelqu'un d'autre pourra en profiter.,Boro fo ga hin k'i nafa du.
C'est mieux que de les jeter.,A ga kaan ka bisa ka i m'i catu.
J'ai appris à coudre pour réparer mes propres vêtements.,Ay na dondon ka ay ma fay zama ay ma ay bankaarey hanse ay boŋ.
C'est une compétence utile et économique.,Hinne ka gonda nafa ka ti ekonomik no.
Je fabrique mes propres produits de nettoyage écologiques.,Ay ga ay prodi netwayaj ekolojik te ay boŋ.
"C'est simple, efficace et meilleur pour l'environnement.","A ga farhã, a ga goy, a ga kaanu environnemaŋ se ka bisa."
J'ai installé un récupérateur d'eau de pluie dans mon jardin.,Ay na hari margukaw daŋ ay kaley ra.
J'utilise cette eau pour arroser mes plantes.,Ay ga hariyo din goyandi zama ay ma ay tuurey haŋandi.
C'est une façon d'économiser l'eau potable.,Fonda fo no ka boro ma hari ka i ga haŋ daabu.
J'ai participé à une journée de nettoyage de la nature.,Ay na zaari fo natuur hananyaŋ wane ra koto.
Nous avons ramassé des déchets dans la forêt et le long de la rivière.,Iri na fumbu margu saaji beero ra da isoo daŋay gaa.
C'est important de garder notre environnement propre.,A ga tilas ka iri ma iri environnemaŋ gaay a ma hanan.
J'ai sensibilisé mes amis et ma famille à l'importance du tri des déchets.,Ay na ay corey da ay almayaaley laakal tunandi fumbu fayfayyaŋ tilas boŋ.
Chacun peut faire une petite différence.,Boro kul ga hin ka barmay kayna fo te.
J'ai lu un article intéressant sur les abeilles et leur rôle dans la pollinisation.,Ay na artikl kaanu fo caw ciisey da i rol polinizasyon ra boŋ.
Nous devons protéger ces insectes essentiels.,Iri ga hima iri ma kurey ka tilas wey gaay.
J'ai planté des fleurs mellifères dans mon jardin pour attirer les abeilles.,Ay na fula ka ciisey ga baa tilam ay kaley ra zama i ma ciisey jare.
C'est une petite contribution à la biodiversité.,Faaba kayna fo no biyodiversite se.
J'ai regardé un documentaire sur les effets de la pollution plastique sur les océans.,Ay na dokimanter polüsyon plastik goy oseyan boŋ guna.
C'était choquant et triste.,"A ga dambarandi, a ga bine sarandi."
Nous devons réduire notre dépendance au plastique à usage unique.,Iri ga hima iri ma iri hawyaŋ plastik ka i ga goyandi sorro foloko boŋ kaynandi.
J'ai rejoint une association de protection de l'environnement.,Ay na koto asosiyasyon environnemaŋ gaayumi wane fo ra.
Nous organisons des actions de sensibilisation et de nettoyage.,Iri ga aksyon laakal tunandi da hananyaŋ wane soola.
"Ensemble, nous pouvons avoir un impact plus important.","Iri marganta, iri ga hin ka enpak ka bisa te."
J'ai écrit un blog sur les gestes écologiques du quotidien.,Ay na blog fo hantum jest ekolojik zaari kul wane boŋ.
Je partage des astuces et des idées pour un mode de vie plus durable.,Ay ga astis da miila fay fundi alhaali ka ga dirab ka bisa se.
J'espère inspirer d'autres personnes à agir.,Ay ga beeje ka ay ma boro fooyaŋ no inspiration i ma goy.
J'ai participé à un débat public sur la transition énergétique.,Ay na deba publik tranzisyon enerjetik boŋ fo ra koto.
Il y avait des opinions divergentes mais la discussion était constructive.,Miila ka barmay go no amma disküsyon na te kaanu.
Il est important d'écouter tous les points de vue.,A ga tilas ka boro ma pwen de vi kul maa.
J'ai lu un livre sur l'histoire de ma région.,Ay na tira ay rejyon taariki boŋ caw.
J'ai découvert des faits intéressants sur le passé local.,Ay na fe kaanu nangu zamaney boŋ bay.
Comprendre l'histoire aide à comprendre le présent.,Taariki fahamyaŋ ga faaba ka boro ma hunkuna faham.
J'ai visité un site archéologique près de chez moi.,Ay na sit arkeolojik ay fu jarga guna.
C'était fascinant de voir les vestiges d'une ancienne civilisation.,A ga di gumo ka boro ma siivilizasyon zamaney wane banda di.
Notre patrimoine culturel est précieux.,Iri tubu kültürel gonda alhorma.
J'ai assisté à un spectacle de danse traditionnelle.,Ay na spektakl dans adadi wane fo ra koto.
Les costumes et la musique étaient magnifiques.,Kostümey da miziko na kaanu gumo.
C'est important de préserver les traditions culturelles.,A ga tilas ka boro ma adetey kültürel gaay.
J'ai goûté à des plats d'une autre culture lors d'un festival international.,Ay na ŋwaari kultür fo wane day festival enternasyonal fo ra.
La diversité culinaire est une richesse.,Diversite küliner ga ti arzaka.
J'ai appris à dire bonjour dans plusieurs langues.,Ay na dondon ka ay ma ne fofo sanni boobo ra.
C'est un petit geste d'ouverture envers les autres.,Jest kayna fo no feeriyaŋ boro fooyaŋ se wane.
J'ai des amis de différentes nationalités.,Ay gonda corey nasyonalite dumi boobo wane.
J'apprends beaucoup de leurs cultures et de leurs expériences.,Ay ga hay boobo dondon ngey kultürey da ngey esperiyansey gaa.
La diversité est une source d'enrichissement.,Diversite ga ti taysandiyan funa.
J'ai participé à un échange culturel avec des étudiants étrangers.,Ay na eshanj kültürel almajiri etranje banda fo ra koto.
Nous avons partagé nos traditions et nos modes de vie.,Iri na iri adetey da iri fundi alhaali fay.
C'était une expérience très formatrice.,Esperiyans ka ga formandi gumo no.
J'ai lu des contes et légendes du monde entier.,Ay na kont da lejand ndunnya kul wane caw.
Chaque culture a ses propres histoires fascinantes.,Kültür kul gonda nga baaro ka ga di.
Les histoires nous connectent à notre humanité commune.,Baaroy g'iri margu nda iri boro alhaali ka margu.
J'ai regardé un film en version originale sous-titrée.,Ay na film versiyon orijinal su-titre wane guna.
C'est un bon moyen d'améliorer ma compréhension d'une langue étrangère.,Fonda kaano no ka ay ma ay fahamyaŋ sanni etranje fo wane taysandi.
J'ai écouté des podcasts dans différentes langues.,Ay na podkast sanni dumi boobo ra maa.
Cela m'aide à m'habituer à différents accents.,A g'ay faaba ay ma aksan dumi boobo alhaali te.
J'ai correspondu avec un ami à l'étranger par e-mail.,Ay na sanni te da coro fo ka go laabu fo banda e-mail do.
Nous échangeons sur nos vies et nos cultures.,Iri ga barmay iri fundey da iri kultürey boŋ.
C'est une belle amitié malgré la distance.,Corotaray kaano no baa nda mooru go no.
J'ai envoyé une carte postale à ma famille pendant mes vacances.,Ay na kart postal donton ay almayaaley se ay konje waato.
C'est une petite attention qui fait toujours plaisir.,Atansyon kayna fo no ka ga kaaniandi waati kul.
J'ai offert un cadeau artisanal à un ami pour son anniversaire.,Ay na nooru artizanal fo no coro fo se a jiiri duuyan se.
Il a beaucoup apprécié ce geste personnel.,A na jest personel din kaanu gumo.
J'ai préparé un gâteau maison pour une occasion spéciale.,Ay na gato ka i te fu ra sobay okazyion spesiyal fo se.
C'est meilleur que les gâteaux achetés en magasin.,A ga kaan ka bisa gato ka i ga day butik ra.
J'ai organisé une surprise pour l'anniversaire de ma meilleure amie.,Ay na sirpriz fo soola ay corokasin ka bisa kul jiiri duuyan se.
Elle était très émue et heureuse.,"A na suuji gumo, a na kaan."
Les petites attentions renforcent les liens d'amitié.,Atansyon kayney ga corotaray hawyaŋ gaabandi.
J'ai aidé mon voisin à déménager.,Ay na ay gorokasin faaba a ma dira.
L'entraide est importante dans une communauté.,Care faaba ga tilas kominote ra.
Il m'a remercié chaleureusement.,A n'ay fo da gaabi.
J'ai gardé les enfants de mes amis pendant une soirée.,Ay na ay corey izey gaay wiciri fo.
Ils se sont bien amusés et les parents ont pu se détendre.,"I na farhã te kaani, hayrey na hin ka fondi."
C'est bien de pouvoir compter les uns sur les autres.,A ga kaanu ka boro ma hin ka haw care boŋ.
J'ai rendu visite à ma grand-mère à la maison de retraite.,Ay na ay nya beero guna fu ka boro zeeney ga goro ra.
Elle était contente de me voir et nous avons discuté longuement.,"A na kaan ka a n'ay di, iri na sanni te kuuku."
Il est important de ne pas oublier nos aînés.,A ga tilas ka iri ma si iri borey zeeney dirma.
J'ai participé à un repas de quartier pour rencontrer mes voisins.,Ay na kwaara ŋwaari fo ra koto zama ay ma ay gorokasiney kubay.
C'était une ambiance conviviale et chaleureuse.,Anbyans ka kaanu ka gonda gullum no.
J'ai fait la connaissance de nouvelles personnes intéressantes.,Ay na boro taji kaanu fooyaŋ bay.
J'ai emprunté des outils à mon voisin pour bricoler.,Ay na jinay gaayu ay gorokasin gaa zama ay ma brikol te.
Il m'a gentiment prêté ce dont j'avais besoin.,A n'ay no da baani hay ka ay ga laamiya.
La solidarité entre voisins facilite la vie.,Gorokasiney care faaba ga fundi farhandi.
J'ai offert des légumes de mon jardin à mes voisins.,Ay na kobtey ka fun ay kaley ra no ay gorokasiney se.
Ils étaient ravis de recevoir des produits frais et locaux.,I na kaan gumo ka i na prodi taji da nangu wane du.
Le partage est une valeur importante.,Fayfayyaŋ ga ti alhorma ka tilas.
J'ai aidé à repeindre la clôture de l'école de mon quartier.,Ay na faaba ka i ma ay kwaara karam nango kange pentire koyne.
C'était un projet communautaire pour embellir notre environnement.,Proje kominotär no zama iri ma iri environnemaŋ kaayandi.
Travailler ensemble pour une cause commune est motivant.,Goy care banda sabbay ka margu se ga bine gaabi no.
J'ai participé à une collecte de jouets pour les enfants défavorisés.,Ay na fooruyan marguyan zankey ka si hay du se wane ra koto.
Chaque enfant mérite d'avoir des jouets pour s'amuser.,Zanka kul ga hima a ma fooruyan du zama a ma farhã te.
Un petit geste peut apporter beaucoup de bonheur.,Jest kayna fo ga hin ka kaani bina boobo kande.
J'ai lu une histoire à des enfants dans une bibliothèque.,Ay na baaro caw zankey se bibliotek fo ra.
Ils étaient captivés par le récit.,Baaro n'i di.
Partager le plaisir de la lecture est important.,Cawyan farhã fayfayyaŋ ga tilas.
J'ai donné de mon temps pour aider à servir des repas dans une soupe populaire.,Ay na ay waato no zama ay ma faaba ka i ma ŋwaari no sup populär fo ra.
C'est une façon concrète d'aider ceux qui ont faim.,Fonda cimi no ka boro ma ngey ka haray g'i di faaba.
La compassion est une qualité humaine essentielle.,Konpasyon ga ti boro kaanoyaŋ ka tilas.
J'ai fait un don de sang.,Ay na kuri no.
C'est un geste simple qui peut sauver des vies.,Jest farhã no ka ga hin ka fundi faaba.
Chaque don compte.,Nooyan kul gonda nga alhorma.
J'ai parrainé un enfant dans un pays en développement.,Ay na zanka fo parenne laabu ka ga developpe ra.
Je l'aide à financer son éducation.,Ay g'a faaba a ma nga karam finanse.
L'éducation est une chance pour un avenir meilleur.,Karam ga ti dama suba kaano se.
J'ai participé à une marche pour le climat.,Ay na mars klima se wane fo ra koto.
Nous avons demandé des actions concrètes pour lutter contre le réchauffement climatique.,Iri na aksyon cimi ŋwaaray zama i ma reshofman klimatik wongu.
Il est urgent d'agir pour notre planète.,A ga yaw ka iri ma goy iri planet se.
J'ai écrit un poème sur la beauté de la nature.,Ay na powem fo hantum natuur kaanoyaŋ boŋ.
Les mots peuvent exprimer des émotions profondes.,Sanney ga hin ka emosyon kuuku cabe.
J'ai partagé mon poème avec mes amis.,Ay na ay powemo fay ay corey banda.
J'ai appris à tricoter une écharpe.,Ay na dondon ka ay ma esharp fay.
C'est une activité manuelle relaxante.,Aktivite manuel ka ga fondi no.
Je vais l'offrir en cadeau à ma mère.,Ay g'a no nooru ay nya se.
J'ai visité un jardin botanique magnifique.,Ay na jardin botanik ka kaanu gumo fo guna.
Il y avait une grande variété de plantes et de fleurs.,Tuuri da fula dumi boobo go no.
C'était un havre de paix et de beauté.,Lafiya da kaanoyaŋ nangu no.
J'ai pris le temps d'observer les détails de chaque fleur.,Ay na waati di ka ay ma fula kul detay guna.
La nature est une source d'inspiration inépuisable.,Natuur ga ti inspiration funa ka si ban.
J'ai fait une promenade en forêt au lever du soleil.,Ay na ce diraw te saaji beero ra wayna fatta.
La lumière était douce et les oiseaux chantaient.,"Kaaro na hawru, curkoy ga dooni."
C'était un moment magique et paisible.,Waati majik ka gonda lafiya no.
J'ai ramassé des champignons comestibles.,Ay na fumbu ka i ga ŋwa margu.
Je vais les cuisiner ce soir pour le dîner.,Ay g'i tuusu hunkuna wiciri ŋwaari se.
J'ai observé les étoiles filantes une nuit d'été.,Ay na handu bonjarey ka ga kaŋ guna été cin fo.
J'ai fait un vœu pour chaque étoile filante.,Ay na anniya te handu bonji ka ga kaŋ kul se.
Le ciel nocturne est plein de mystères et de beauté.,Cin beero to da gundey da kaanoyaŋ.
J'ai écouté le bruit des vagues sur la plage.,Ay na teeko kurey jinde maa plaj boŋ.
C'est un son apaisant et relaxant.,Jinde ka ga bine serendi ka ga fondi no.
J'ai marché pieds nus dans le sable chaud.,Ay na ce daŋ ka si sabata laabu ka gullo ra.
L'océan a un pouvoir régénérant.,Oseyan gonda gaabi ka ga te koyne.
J'ai construit un château de sable avec mes enfants.,Ay na laabu cinari te ay izey banda.
Nous avons ri et joué ensemble.,"Iri na haaru, iri na fooru care banda."
Les souvenirs d'enfance sont précieux.,Zankataray fonguyaŋ gonda alhorma.
J'ai nagé dans un lac d'eau claire et fraîche.,Ay na hari nyun teeko ka gonda hari ka hanan ka sumay ra.
C'était rafraîchissant par une chaude journée d'été.,A ga hawsumayandi été zaari ka gullo fo ra.
La nature nous offre de simples plaisirs.,Natuur g'iri no farhã farhã.
J'ai fait un feu de camp avec des amis.,Ay na ton te corey banda.
Nous avons grillé des marshmallows et chanté des chansons.,"Iri na marshmalow sumbal, iri na dooney dooni."
C'était une soirée conviviale et mémorable.,Wiciri ka kaanu ka boro si dirma no.
J'ai observé un magnifique coucher de soleil sur la mer.,Ay na wayna kuro ka kaanu gumo guna teeko boŋ.
Les couleurs du ciel étaient incroyables.,Beero färey na dambarandi.
C'est un spectacle naturel toujours renouvelé.,Spektakl naturel ka ga te koyne waati kul no.
J'ai écrit mes pensées dans un journal intime.,Ay na ay miiley hantum jurnal intim fo ra.
C'est un bon moyen de réfléchir et de se comprendre.,Fonda kaano no ka boro ma miila k'a ma nga boŋ faham.
Relire ses anciens écrits peut être instructif.,Boro nga hantum zamaney wane cawyaŋ ga hin ka dondonandi.
"J'ai pris le temps de ne rien faire, juste de me reposer.","Ay na waati di ka ay ma si hay kulu te, ay ma fondi hinne."
Le repos est essentiel pour recharger ses batteries.,Fondi ga tilas zama boro ma nga batri sarje.
"Parfois, il faut savoir ralentir le rythme.","Waati fooyaŋ, a ga hima boro ma riitm kaynandi bay."
J'ai médité pendant quelques minutes pour calmer mon esprit.,Ay na medite minti kayna se zama ay ma ay laakal serendi.
La méditation aide à réduire le stress et l'anxiété.,Meditasyon ga faaba ka stres da anksiyete kaynandi.
C'est une pratique bénéfique pour la santé mentale.,Pratik ka gonda nafa no sante mental se.
J'ai fait une liste des choses pour lesquelles je suis reconnaissant.,Ay na hayey ka ay ga barka te i se list te.
La gratitude nous aide à apprécier ce que nous avons.,Gratitid g'iri faaba iri ma hay ka iri du kaanu.
C'est une source de bonheur simple et accessible.,Kaani bina funa farhã ka i ga du da farhã no.
J'ai pardonné à quelqu'un qui m'avait blessé.,Ay na yafa boro fo se ka n'ay doori.
Le pardon libère du ressentiment et apporte la paix.,"Pardon ga feeri bine bi gaa, a ga lafiya kande."
C'est un cadeau que l'on se fait à soi-même.,Nooru no ka boro ga te nga boŋ se.
J'ai exprimé ma reconnaissance à une personne qui m'a aidé.,Ay na ay barka teyan cabe boro fo se ka n'ay faaba.
Un simple merci peut faire une grande différence.,Barka foloko ga hin ka barmay beeri te.
La gentillesse est contagieuse.,Baani teyan ga taalam.
J'ai offert mon aide à un inconnu dans la rue.,Ay na ay faaba no boro ka ay si bay se fonda ra.
Un petit geste de bonté peut illuminer la journée de quelqu'un.,Jest baani kayna fo ga hin ka boro fo zaaro kaarayandi.
Soyons attentifs aux autres.,Iri ma laakal daŋ boro fooyaŋ boŋ.
J'ai souri à un passant dans la rue.,Ay na haaru boro ka ga bisa fonda ra se.
Un sourire ne coûte rien mais apporte beaucoup.,Haaruyan si hay kul day amma a ga hay boobo kande.
Répandons la joie autour de nous.,Iri ma kaani bina fay iri jarga.
J'ai pris des nouvelles d'un vieil ami que je n'avais pas vu depuis longtemps.,Ay na coro zeeno fo ka ay mana di za waati kuuku habaru di.
Entretenir les amitiés est important.,Corotaray gaayumi ga tilas.
Les vrais amis sont précieux.,Corey cimi gonda alhorma.
J'ai passé une soirée agréable à discuter avec des amis.,Ay na wiciri ka kaanu te ka ga sanni te corey banda.
Les conversations profondes nourrissent l'esprit.,Sanni kuukey ga laakal ŋwaarayandi.
Partager ses pensées et ses sentiments est libérateur.,Boro nga miiley da nga bine alhaali fayfayyaŋ ga feeri.
J'ai écouté attentivement les problèmes d'un ami.,Ay na coro fo problemey maa da laakal.
Être une oreille attentive est une forme de soutien.,Hanga ka ga maa teyan ga ti gaayumi dumi fo.
L'amitié se construit sur la confiance et le respect mutuel.,Corotaray ga te naanay da sayyan ka hima care boŋ.
J'ai célébré les succès d'un ami avec lui.,Ay na coro fo albarkey ceeci a banda.
Se réjouir du bonheur des autres est une belle qualité.,Boro fooyaŋ kaani bina kaanu ga ti kaanoyaŋ kaano.
J'ai soutenu un ami dans une période difficile.,Ay na coro fo gaay waati sandi fo ra.
La solidarité renforce les liens.,Solidarite ga hawyaŋ gaabandi.
Les amis sont la famille que l'on choisit.,Corey no ga ti almayaaley ka boro ga suuba.
J'ai organisé un dîner surprise pour l'anniversaire de mon conjoint.,Ay na wiciri ŋwaari sirpriz fo soola ay wande jiiri duuyan se.
Les petites attentions entretiennent la flamme de l'amour.,Atansyon kayney ga baakasinay ton gaay.
L'amour se cultive au quotidien.,"Baakasinay, i g'a tay zaari kul."
"J'ai dit ""je t'aime"" à mes proches.","Ay na ne ""ay ga ni baa"" ay borey se."
Exprimer ses sentiments est important.,Boro nga bine alhaali cabeyan ga tilas.
Un câlin peut apporter beaucoup de réconfort.,Gande ga hin ka bine serendi boobo kande.
J'ai passé du temps de qualité avec mes enfants.,Ay na waati kalite te ay izey banda.
"Nous avons joué, lu des histoires et discuté.","Iri na fooru, iri na baaro caw, iri na sanni te."
Créer des souvenirs en famille est précieux.,Fonguyaŋ teyan almayaaley banda gonda alhorma.
J'ai encouragé mes enfants à poursuivre leurs rêves.,Ay na ay izey taysandi i ma ngey miiley gana.
Croire en soi est la première étape vers la réussite.,Boŋ naanay no ga ti ce sintina albarka gaa.
J'ai appris de mes erreurs et j'ai continué d'avancer.,"Ay na dondon ay firfiryey ra, ay na jina koyan gaay."
L'échec est une opportunité d'apprendre et de grandir.,Patiyan ga ti dama ka boro ma dondon k'a ma beeri.
La résilience est la capacité de rebondir après une difficulté.,Rezilyans ga ti hinne ka boro ma tun hasara banda.
J'ai fixé de nouveaux objectifs pour l'année à venir.,Ay na muraadu taji daŋ jiiri ka ga kaa se.
Avoir des buts nous motive et nous donne une direction.,"Muraadu teyan g'iri no bine gaabi, a g'iri no fonda."
Je célèbre chaque petite victoire sur le chemin.,Ay ga albarka kayna kul ceeci fonda boŋ.
Reconnaître ses progrès est important pour la motivation.,Boro nga jina koyan bayyan ga tilas motivasyon se.
Je suis reconnaissant pour toutes les bonnes choses dans ma vie.,Ay ga barka te hay kaaney kul se ay fundi ra.
La gratitude apporte la joie et la paix intérieure.,Gratitid ga kaani bina da bine lafiya kande.
Je prends le temps d'apprécier les moments simples du quotidien.,Ay ga waati di ka ay ma waati farhã zaari kul wane kaanu.
Le bonheur se trouve souvent dans les petites choses.,Kaani bina go hay kayney ra waati boobo.
Je vis le moment présent avec pleine conscience.,Ay ga hunkuna waato goro da plen konsyans.
"Le passé est derrière nous, l'avenir est incertain, seul le présent nous appartient.","Zaman go iri banda, suba si cimi, hunkuna hinne no ga ti iri wane."
Je choisis d'être optimiste et de voir le bon côté des choses.,"Ay ga suuba ka ay ma te optimist, ay ma hayey tama kaano guna."
Une attitude positive attire des expériences positives.,Atitid pozitiv ga esperiyans pozitiv jare.
Je m'entoure de personnes positives et inspirantes.,Ay ga ay boŋ margu nda boro pozitiv da ka ga inspiration no.
L'environnement social influence notre bien-être.,Environnemaŋ sosyal ga iri byen-etr di.
Je prends soin de ma santé physique et mentale.,Ay ga ay lafiya fizik da mental haggoy.
Un esprit sain dans un corps sain.,Laakal ka lafiya gaaham ka lafiya ra.
Je continue d'apprendre et de grandir chaque jour.,Ay ga dondonyaŋ da beeriyaŋ gaay zaari kul.
La vie est un voyage d'apprentissage constant.,Fundi ga ti aprantisaj diraw ka ga gay.
Je suis ouvert aux nouvelles expériences et aux nouvelles rencontres.,Ay ga feeri esperiyans taji da kubay taji se.
Chaque rencontre est une opportunité d'apprendre.,Kubay kul ga ti dama ka boro ma dondon.
Je m'efforce d'être une meilleure version de moi-même chaque jour.,Ay ga ceeci ka ay ma te ay boŋ kaano ka bisa zaari kul.
Le développement personnel est un cheminement continu.,Developpeman personel ga ti fonda ka ga gay.
Je suis reconnaissant pour le don de la vie.,Ay ga barka te fundi nooro se.
Chaque jour est une nouvelle chance de faire une différence.,Zaari kul ga ti dama taji ka boro ma barmay te.
Je choisis de vivre ma vie avec passion et détermination.,Ay ga suuba ka ay ma ay fundi goro da pasyon da determinasyon.
"Le but n'est pas la destination, mais le voyage lui-même.","Muraado manti tooyan nango no, amma diraw bumbo no."
Apprécions chaque instant de ce merveilleux voyage qu'est la vie.,Iri ma waati kul kaanu diraw ka kaanu wo ka ti fundi ra.
Le boulanger pétrit la pâte à pain tôt le matin.,Bulanje ga buru taasa te da subba ziji.
L'odeur du pain frais embaume la boulangerie.,Buru taji fitilla ga bulanjeri toonandi.
Le maçon mélange le ciment et le sable.,Mason ga siman da laabu kayna margu.
Il construit un mur brique par brique.,A ga cinari te brik boŋ brik.
Le jardinier taille les rosiers avec soin.,Jardiniye ga roziye kosu da haggoy.
Le bibliothécaire range les livres sur les étagères.,Biblioteker ga tirey soola etajer boŋ.
Il aide les lecteurs à trouver les ouvrages qu'ils cherchent.,A ga cawkwa faaba i ma tira ka i ga ceeci du.
Le chauffeur de bus conduit les passagers à destination.,Shoför bis wane ga pasaje konda i tooyan nango gaa.
Il respecte les horaires et les arrêts.,A ga waati da kayyaŋ say.
Le musicien répète sa partition avant le concert.,Mizisyen ga nga partisyon te koyne za konser mana sintin.
L'harmonie des instruments crée une belle mélodie.,Enstrüman armoni ga melodi kaano te.
Le scientifique observe les cellules au microscope.,Syantifik ga seliley guna mikroskop do.
Il note ses observations dans un cahier.,A ga nga gunaa hantum kayet fo ra.
L'athlète s'entraîne dur pour la compétition.,Atlet ga nga boŋ goy da gaabi konpetisyon se.
Il vise la première place sur le podium.,A ga nangu sintina laamiya podiyom boŋ.
Le cuisinier ajoute des épices pour relever le goût du plat.,Küiziniye ga epis tonton zama ŋwaaro dayyaŋ ma ziji.
La présentation de l'assiette est soignée.,Asiyet cabeyan soola.
Le serveur prend la commande des clients avec un sourire.,Serför ga kliyan komand di da haaruyan.
Il apporte les boissons et les plats rapidement.,A ga haŋyan hayey da ŋwaarey kande da waasu.
Le mécanicien vérifie l'état du moteur.,Mekanisyen ga motör alhaali guna.
Il effectue les réparations nécessaires.,A ga hanseyan ka tilas te.
Le peintre choisit ses couleurs avec attention.,Pentör ga nga fär suuba da laakal.
Son tableau exprime une émotion particulière.,A tablo ga emosyon folokante fo cabe.
Le professeur encourage ses élèves à poser des questions.,Karamkwa ga nga almajirey taysandi i ma hãlli te.
L'apprentissage est un processus interactif.,Aprantisaj ga ti proses interaktif.
Le fermier nourrit ses animaux tôt le matin.,Farkoŋ ga nga almaney ŋwaarayandi da subba ziji.
Il vérifie que tout le monde est en bonne santé.,A ga guna nda boro kul gonda lafiya.
Le vétérinaire examine le chien malade.,Veteriner ga hansi ka jante guna.
Il prescrit un traitement adapté.,A ga tretman ka hima hantum.
Le coiffeur coupe les cheveux de sa cliente.,Kwaför ga nga kliyan boŋ hamni kosu.
Elle est satisfaite de sa nouvelle coiffure.,A na kaan da nga kwafür tajo.
Le dentiste soigne une carie douloureuse.,Dantist ga kari ka ga doori yayandi.
Il recommande un brossage régulier des dents.,A ga hinjey nyunyan waati kul rekomande.
L'opticien ajuste les lunettes du client.,Optisiyen ga kliyan linet daŋandi.
Une bonne vision est importante au quotidien.,Gunaa kaano ga tilas zaari kul.
Le pharmacien délivre les médicaments sur ordonnance.,Farmasiyen ga medikaman ordonans boŋ no.
Il conseille les patients sur leur utilisation.,A ga jantukwa saaware i goyandiyan boŋ.
Le juge écoute les arguments des deux parties.,Jij ga parti ihinka kul argiman maa.
Il rendra son jugement après délibération.,A ga nga jijman te delibere banda.
L'architecte d'intérieur conçoit l'aménagement des espaces.,Arshitekt d'enteriyör ga espas amenejman plan te.
Il choisit les meubles et les couleurs.,A ga möbl da fär suuba.
Le photographe capture un moment unique lors du mariage.,Fotograf ga waati folokante fo di hiijay waato.
Les mariés sont émus et heureux.,"Hiijantey na suuji, i na kaan."
Le fleuriste compose un magnifique bouquet de fleurs.,Flörist ga fula buke ka kaanu gumo konpoze.
Les couleurs vives apportent de la joie.,Fär ka ga kaaray ga kaani bina kande.
Le tailleur prend les mesures pour un costume sur mesure.,Taylor ga lasaabu di kostüm sur mezür se.
Le vêtement sera parfaitement ajusté.,Bankaaro ga daŋandi ka timme.
L'agent immobilier fait visiter la maison aux acheteurs potentiels.,Ajan imobiliye ga fu guna daykaw ka hin ka te se.
Ils posent des questions sur les caractéristiques de la propriété.,I ga hãlli te propriyete alhaali boŋ.
Le traducteur travaille sur un document technique complexe.,Tradiktör ga goy doküman teknik sandi fo boŋ.
Il doit être précis et fidèle au texte original.,"A ga hima a ma te da presizyon, a ma hima tira orijinal."
L'informaticien résout un problème de réseau.,Enformatisyen ga problem rezo fo fondey cebe.
La connexion internet est rétablie.,Koneksyon internet na ye ka te.
Le graphiste crée un logo pour la nouvelle entreprise.,Grafist ga logo te antrepriz taji se.
Le design doit être moderne et attrayant.,"Dizayn ga hima a ma te modern, a ma jare."
Le community manager anime la page Facebook de la marque.,Kominiti manajer ga mark paj Facebook animate.
Il interagit avec les abonnés et répond à leurs questions.,"A ga interaksyon te da aboney, a ga ngey hãlley zaabi."
Le rédacteur web écrit des articles optimisés pour les moteurs de recherche.,Redaktör web ga artikl ka i optimize motör de reshersh se hantum.
Le contenu doit être informatif et engageant.,"Konteni ga hima a ma habarandi, a ma di."
Le consultant en marketing analyse les données de vente.,Konsültan an marketing ga donnée vent wane analyse te.
Il propose des stratégies pour augmenter les revenus.,A ga strateji cabe zama i ma reveni tonton.
Le comptable prépare la déclaration de revenus.,Kontabl ga deklarasyon reveni wane sobay.
Il s'assure que toutes les informations sont correctes.,A ga tabatandi ka information kul ga cimi.
Le directeur des ventes motive son équipe commerciale.,Direktör de vent ga nga ekip komersiyal motive.
Les objectifs de vente sont ambitieux ce trimestre.,Objektif vent wane ga beeri trimestr wo.
Le responsable des ressources humaines gère les contrats de travail.,Responsabl resursey imen wane ga kontra travay daabu.
Il s'occupe également du bien-être des employés.,A ga goykoy byen-etr haggoy mo.
Le formateur anime un séminaire sur la gestion du temps.,Formatör ga seminer jestyon di tan boŋ animate.
Les participants apprennent des techniques d'organisation.,Partisipan ga teknik organizasyon wane dondon.
Le coach sportif aide l'athlète à améliorer ses performances.,Koch sportif ga atlet faaba a ma nga performans taysandi.
Un programme d'entraînement personnalisé est mis en place.,Program antrenman personalize fo daŋ.
Le nutritionniste conseille sur une alimentation équilibrée.,Nitrisyonist ga saaware ŋwaari daŋante boŋ.
Manger sainement est important pour la santé.,Ŋwaari lafiya ŋwa ga tilas sante se.
Le psychologue écoute les préoccupations de son patient.,Psikolog ga nga pasyan bine haw maa.
Il l'aide à surmonter ses difficultés émotionnelles.,A g'a faaba a ma nga hasara emosyonel bisa.
Le travailleur social accompagne les familles en difficulté.,Travayör sosyal ga almayaaley ka go hasara ra gana.
Il leur apporte un soutien matériel et moral.,A g'i no suport materiyel da moral.
L'éducateur spécialisé travaille avec des enfants ayant des besoins spécifiques.,Edikatör spesiyalize ga goy da zankey ka gonda laamey spesifik.
Il adapte ses méthodes pédagogiques à chaque enfant.,A ga nga metod pedagojik daŋandi zanka kul se.
Le pompier volontaire participe à des exercices de sauvetage.,Ponpiye volontar ga egzersis faaba wane ra koto.
Il est prêt à intervenir en cas d'urgence.,A soola ka a ma furo irjans teyan ra.
Le secouriste administre les premiers soins à la victime.,Sekurist ga swen sintina no viktim se.
Chaque minute compte dans une situation critique.,Minti kul gonda nga alhorma situasyon kritik ra.
Le guide de haute montagne conduit les randonneurs en toute sécurité.,Gid de ot montany ga randone konda da sekirite kul.
Il connaît parfaitement les sentiers et les dangers.,A ga fonda da kankamey bay ka timme.
Le moniteur de ski enseigne les bases aux débutants.,Monitör ski wane ga sintinkwa fonda asasey dondonandi.
Apprendre à skier demande de la patience et de la pratique.,Ski dondonyaŋ ga suuru da pratik laamiya.
Le maître-nageur surveille la piscine et assure la sécurité des baigneurs.,"Metr-najör ga pisin guna, a ga hari nyunkwa sekirite tabatandi."
Il intervient en cas de noyade.,A ga furo nwayad teyan ra.
L'agent de sécurité contrôle les entrées et les sorties du bâtiment.,Ajan de sekirite ga batiman furo da fatta kontrol.
Il veille à la tranquillité des lieux.,A ga nangu siiray guna.
Le détective privé mène une enquête discrète.,Detektiv prive ga anket diskret te.
Il rassemble des preuves pour résoudre une affaire.,A ga seeda margu zama a ma afer fo fondey cebe.
Le journaliste d'investigation révèle des informations confidentielles.,Jurnalist d'envestigasyon ga information konfidansiyel cabe.
Son travail peut parfois être dangereux.,A goyo ga hin ka te kankami waati fooyaŋ.
Le correspondant à l'étranger couvre les événements internationaux.,Korespondan a l'etranje ga evenman enternasyonal kuver.
Il informe le public sur ce qui se passe dans le monde.,A ga jama habarandi hay ka ga te ndunnya ra boŋ.
Le présentateur météo annonce du soleil pour demain.,Prezantatör meteo na wayna ci suba se.
Les températures seront agréables.,Tanperatirey ga kaanu.
L'animateur radio divertit les auditeurs avec de la musique et des jeux.,Animatör radyo wane ga oditer diverti da mizik da fooruyan.
Son émission est très populaire.,A emisyon ga bay gumo.
Le disc-jockey (DJ) mixe de la musique dans une boîte de nuit.,Disk-joke (DJ) ga mizik mikse bwat de nwi fo ra.
L'ambiance est festive et les gens dansent.,"Anbyans ga ti ceeci wane, borey ga gambu."
L'organisateur d'événements planifie une grande conférence.,Organizator d'evenman ga konferans beeri fo plan te.
"Il gère la logistique, les intervenants et le budget.","A ga lojistik, entervenan da bijee daabu."
Le décorateur d'intérieur transforme un espace ordinaire en un lieu exceptionnel.,Dekoratör d'enteriyör ga espas adadi fo barmay ka te nangu eksepsyonel.
"Il joue avec les couleurs, les textures et la lumière.","A ga fooru da fär, tekstür da kaari."
Le paysagiste conçoit des jardins harmonieux et esthétiques.,Peyizajist ga jardin ka gonda armoni da estetik plan te.
Il choisit les plantes en fonction du climat et du sol.,A ga tuuri suuba klima da laabo boŋ.
L'archéologue découvre des vestiges d'une civilisation ancienne.,Arkeolog ga siivilizasyon zamaney wane banda bay.
Chaque artefact raconte une partie de l'histoire.,Artefak kul ga taariki kambe fo baaro te.
L'historien analyse les documents d'archives pour comprendre le passé.,Istoriyen ga doküman arshiv wane analyse te zama a ma zaman faham.
Il écrit des livres et des articles sur ses recherches.,A ga tira da artikl hantum nga reshershey boŋ.
Le conservateur de musée préserve et expose les collections.,Konservatör mize wane ga koleksyon gaay k'i cabe.
Il organise des expositions thématiques.,A ga ekpozisyon tematik soola.
Le guide conférencier partage ses connaissances avec les visiteurs.,Gid konferansiye ga nga bayray fay da vizitör.
Il rend l'histoire et l'art accessibles à tous.,A ga taariki da art te i ma goro boro kul se.
Le chercheur en sciences sociales étudie les comportements humains.,Sherher an syans sosyal ga boro alhaali dondon.
Il mène des enquêtes et analyse les résultats.,"A ga anket te, a ga albarkey analyse te."
Le statisticien interprète les données chiffrées.,Statistisyen ga donnée ka gonda shifr fahamandi.
Il identifie les tendances et les corrélations.,A ga tandans da korelasyon bay.
L'économiste analyse les marchés financiers et les politiques économiques.,Ekonomist ga marshe finansiye da politik ekonomik analyse te.
Il fait des prévisions sur l'évolution de l'économie.,A ga prediksyon te ekonomi evolüsyon boŋ.
Le politologue étudie les systèmes politiques et les relations internationales.,Politolog ga sistem politik da relasyon enternasyonal dondon.
Il analyse les enjeux de pouvoir et les conflits.,A ga anjey gaabi wane da konfli analyse te.
Le diplomate représente son pays à l'étranger.,Diplomat ga nga laabo cabe laabu fo banda ra.
Il négocie des accords et entretient les relations bilatérales.,"A ga akord negosiye, a ga relasyon bilateral gaay."
Le soldat défend son pays et participe à des missions de maintien de la paix.,"Sorda ga nga laabo gaay, a ga koto misyon lafiya gaayumi wane ra."
Son engagement demande courage et dévouement.,A angajman ga kuraj da boŋ nooyan laamiya.
L'astronaute explore l'espace et mène des expériences scientifiques en orbite.,"Astronot ga espas guna, a ga esperiyans syantifik te orbit ra."
Il rêve de marcher sur d'autres planètes.,A ga miila ka a ma ce daŋ planet fooyaŋ boŋ.
Le pilote d'avion transporte des passagers en toute sécurité à travers le monde.,Pilot aviyon wane ga pasaje jare da sekirite kul ndunnya gaa.
Il maîtrise les instruments de vol complexes.,A ga enstrüman vol sandi bay ka timme.
Le contrôleur aérien guide les avions au décollage et à l'atterrissage.,Kontrolör aeriyen ga aviyon candi i fatta da i zunyan waato.
Son rôle est crucial pour la sécurité du trafic aérien.,A rol ga tilas gumo trafik aeriyen sekirite se.
Le marin navigue sur les océans à bord de son navire.,Marin ga oseyan boŋ dira nga hi boŋ.
Il affronte les tempêtes et les longues traversées.,A ga haw beeri da diraw kuukey guna.
Le capitaine est responsable de l'équipage et du navire.,Kapiten no ga ti ekipaj da hi alhakikaw.
Il prend les décisions importantes en mer.,A ga anniya ka tilas te teeko gaa.
Le pêcheur en haute mer affronte des conditions difficiles.,Hamisadinko teeko beeri ra wane ga kondisyon sandi guna.
Il espère une bonne prise pour nourrir sa famille.,A ga diyan kaano beeje zama a ma nga almayaaley ŋwaarayandi.
L'ouvrier du bâtiment travaille dur sur le chantier.,Goykwa batiman wane ga goy da gaabi shantiye ra.
Il contribue à la construction de nouvelles infrastructures.,A ga faaba enfrastrüktür taji teyan se.
Le technicien de maintenance répare les machines en panne.,Teknisyen mentenans wane ga masin ka laala hanse.
Il assure le bon fonctionnement des équipements.,A ga ekipman goy kaano tabatandi.
L'ingénieur en environnement travaille sur des solutions pour protéger la planète.,Enjeniyer an environnemaŋ ga goy solüsyon planet gaayumi se wane boŋ.
Il étudie l'impact des activités humaines sur les écosystèmes.,A ga boro goyey enpak ekosistem boŋ dondon.
Le garde forestier surveille la forêt et prévient les incendies.,"Gard forestiye ga saaji beero guna, a ga ton gaay."
Il protège la faune et la flore.,A ga alman da tuuri gaay.
Le bénévole consacre son temps libre à aider les autres.,Benevol ga nga waati ka feeri no boro fooyaŋ faaba se.
Son engagement est désintéressé et précieux.,"A angajman si hay fo laamiya, a gonda alhorma."
L'étudiant étranger s'adapte à une nouvelle culture et à une nouvelle langue.,Almajiri etranje ga nga boŋ daŋandi kultür taji da sanni taji se.
Il découvre de nouvelles façons de penser et de vivre.,A ga miila da goro mate taji bay.
Le retraité profite de son temps libre pour voyager et s'adonner à ses passions.,Retrete ga nga waati ka feeri nafa du zama a ma dira k'a ma nga pasyon te.
Il transmet son expérience aux jeunes générations.,A ga nga esperiyans no jiil ka zanka se.
Le nouveau-né découvre le monde avec curiosité.,Zanka ka i du sohondi ga ndunnya bay da kuriyozite.
Chaque jour est une nouvelle aventure pour lui.,Zaari kul ga ti avantür taji a se.
L'enfant apprend à marcher et à parler.,Zanka ga dondon ka a ma ce daŋ k'a ma sanni te.
Il explore son environnement avec enthousiasme.,A ga nga environnemaŋ guna da antuzyasm.
L'adolescent cherche son identité et sa place dans le monde.,Adolesan ga nga identite da nga nangu ndunnya ra ceeci.
C'est une période de grands changements et de questionnements.,Barmayan beeri da hãlli teyan waati no.
L'adulte assume ses responsabilités professionnelles et familiales.,Boro beero ga nga responsabilite profesyonel da almayaal wane yadda.
Il construit son avenir et réalise ses projets.,"A ga nga suba te, a ga nga projey te cimi."
La personne âgée regarde son passé avec sagesse et sérénité.,Boro zeeno ga nga zaman guna da laakari da bine serendi.
Elle partage ses souvenirs et ses leçons de vie.,A ga nga fonguyaŋ da nga fundi dersey fay.
Chaque étape de la vie a sa beauté et ses défis.,Fundi ce kul gonda nga kaanoyaŋ da nga hasarey.
Il est important de vivre pleinement chaque moment.,A ga tilas ka boro ma waati kul goro timmante.
"Le soleil se lève, annonçant une nouvelle journée.","Wayna ga fatta, ka ga zaari taji ci."
Les oiseaux chantent pour accueillir le matin.,Curkoy ga dooni zama i ma subba yadda.
La rosée perle sur les feuilles des plantes.,Sumay hari ga te tondi kayna tuuri kobtey boŋ.
L'air est frais et vivifiant.,"Haw ga sumay, a ga fundi no."
C'est le début d'une nouvelle opportunité.,Dama taji sintina no.
Le café chaud réveille les esprits endormis.,Kafe ka gullo ga laakal ka kani tunandi.
Le petit-déjeuner fournit l'énergie pour la matinée.,Subba futu ga enerji no subba se.
Les enfants se préparent pour aller à l'école.,Zankey ga ngey boŋ soola zama i ma koy karam.
Ils mettent leurs uniformes et préparent leurs cartables.,"I ga ngey iniform daŋ, i ga ngey buukey soola."
Les parents les accompagnent jusqu'à l'arrêt de bus.,Hayrey g'i gana hala bis kayyaŋo gaa.
Les rues s'animent avec le trafic du matin.,Fonda ga sintin ka yulwa da subba trafik.
Les gens se pressent pour ne pas être en retard au travail.,Borey ga ngey boŋ yawandi zama i ma si gay goy.
Les magasins ouvrent leurs portes aux clients.,Butikey ga ngey fuy feeri kliyan se.
Le marché est déjà plein de couleurs et d'odeurs.,Kaaso to ka ben da fär da fiti.
Les bureaux commencent leur activité quotidienne.,Biro ga ngey goy zaari kul wane sintin.
Les téléphones sonnent et les claviers cliquettent.,"Telefon ga jinde te, klaviyey ga karkar."
Les réunions s'enchaînent pour discuter des projets.,La reüniyon ga care gana zama i ma proje sanni te.
La pause café est un moment de détente et d'échange.,Kafe fonda ga ti fondi da barmay waati.
Les idées fusent et les décisions se prennent.,"Miila ga fatta, anniyey ga te."
"L'heure du déjeuner approche, les estomacs gargouillent.","Zaari ŋwaari waato ga maan, biyey ga jinde te."
"Certains apportent leur repas, d'autres vont au restaurant.","Boro fooyaŋ ga ngey ŋwaari kande, boro fooyaŋ ga koy restoran."
La conversation est animée pendant le repas.,Sanni teyan ga yulwa ŋwaari waato.
"L'après-midi, le rythme de travail reprend.","Wiciri kambu, goy riitm ga ye ka sintin."
Il faut rester concentré pour terminer les tâches.,A ga hima boro ma laakal daŋ zama a ma goyey ban.
La fatigue commence à se faire sentir en fin de journée.,Farga ga sintin ka te zaari bananta ra.
"L'heure de la sortie approche, l'excitation monte.","Fatta waato ga maan, farhã ga ziji."
On range son bureau et on dit au revoir à ses collègues.,"Boro ga nga biro soola, a ga ne kala tonton nga goy borey se."
Le trajet du retour peut être long et embouteillé.,Yee fu diraw ga hin ka ku ka gonda anbuteaj.
Retrouver sa famille est un moment de bonheur.,Boro nga almayaaley du koyne ga ti kaani bina waati.
Les enfants racontent leur journée à l'école.,Zankey ga ngey zaaro karam ra baaro te.
Le dîner est un moment de partage et de convivialité.,Wiciri ŋwaari ga ti fayfayyaŋ da kaani waati.
Les devoirs sont faits avant de jouer.,Dersey ga te za i mana fooru.
Un peu de temps libre pour se détendre avant de dormir.,Waati ka feeri kayna zama boro ma fondi za a mana kani.
Une histoire lue aux enfants les aide à s'endormir.,Baaro ka i caw zankey se g'i faaba i ma kani.
"La nuit tombe, apportant le calme et le repos.","Cin ga ka, ka ga siiray da fondi kande."
Les rêves nous transportent dans des mondes imaginaires.,Miiley g'iri konda ndunnya miila wane gaa.
Le cycle de la journée recommence le lendemain.,Zaari diraw ga sintin koyne suba.
"Le week-end, le rythme est différent, plus détendu.","Wikend, riitm ga barmay, a ga fondi ka bisa."
On peut faire la grasse matinée et prendre son temps.,"Boro ga hin ka kani kuuku, a ma nga waato di."
Les activités de loisirs sont au programme.,Lwazir goyey go program ra.
"Une sortie au musée, une balade à vélo, un match de sport.","Fatta mize gaa, velo diraw, spor maas."
Recevoir des amis ou rendre visite à la famille.,Corey yaddayan wala almayaaley guna.
Cuisiner de bons petits plats sans se presser.,Ŋwaari kayna kaaney te ka si ngey boŋ yawandi.
Lire un bon livre dans un fauteuil confortable.,Tira kaano fo caw fotey ka gonda konfor ra.
Regarder un film en famille avec du pop-corn.,Film guna almayaaley banda da pop-korn.
Faire du jardinage ou bricoler dans la maison.,Jardin goy te wala brikol te fu ra.
Prendre le temps de se reposer et de recharger ses batteries.,Waati diyan zama boro ma fondi k'a ma nga batri sarje.
Les vacances sont attendues avec impatience.,"Konje, i g'i hangan da suuru si teyan."
C'est l'occasion de voyager et de découvrir de nouveaux horizons.,Dama no ka boro ma dira k'a ma orizon taji bay.
Changer d'air et rompre avec la routine quotidienne.,Haw barmay da zaari kul rutin kosuyan.
Créer des souvenirs inoubliables en famille ou entre amis.,Fonguyaŋ ka boro si dirma te almayaaley wala corey banda.
Les fêtes de fin d'année sont un moment de partage et de générosité.,Jiiri bananta ceeciyey ga ti fayfayyaŋ da jenerozite waati.
Les cadeaux sont échangés et les repas sont festifs.,"Noorey ga barmay, ŋwaarey ga ti ceeci wane."
"C'est une période magique, surtout pour les enfants.","Waati majik no, sankara zankey se."
Les résolutions du Nouvel An sont prises avec optimisme.,"Jiiri Taji rezolüsyon, i g'i te da optimism."
"On espère une année meilleure, pleine de bonheur et de réussite.","Boro ga jiiri kaano ka bisa beeje, ka to da kaani bina da albarka."
La vie est faite de petits bonheurs et de grands événements.,Fundi ga te da kaani bina kayna da evenman beeri.
Il faut savoir apprécier chaque instant.,A ga hima boro ma waati kul kaanu bay.
Les relations humaines sont au cœur de notre existence.,Boro alakaw go iri goro bindo ra.
"L'amour, l'amitié et la famille nous apportent soutien et réconfort.","Baakasinay, corotaray da almayaaley g'iri no gaayumi da bine serendi."
Partager des moments avec ceux qu'on aime est essentiel.,Waati fayfayyaŋ ngey ka boro ga baa banda ga tilas.
La communication est la clé de relations saines.,Komunikasyon no ga ti alakaw ka lafiya fonda.
Écouter l'autre avec empathie et respect.,Boro fooyaŋ maa da anpati da say.
Exprimer ses propres sentiments avec honnêteté.,Boro nga bine alhaali cabe da onetete.
Résoudre les conflits par le dialogue et le compromis.,Konfli fondey cebe diyalog da konpromi do.
Le pardon est nécessaire pour avancer.,Pardon ga tilas zama boro ma koy jina.
La confiance se construit avec le temps et la sincérité.,Naanay ga te da waati da sinserite.
La loyauté est une qualité précieuse en amitié et en amour.,Lwayote ga ti kaanoyaŋ ka gonda alhorma corotaray da baakasinay ra.
Soutenir ses proches dans les moments difficiles.,Boro nga borey gaay waati sandey ra.
Célébrer ensemble les joies et les réussites.,Kaani da albarkey ceeci care banda.
La vie sociale enrichit notre quotidien.,Fundi sosyal g'iri zaari kul taysandi.
Rencontrer de nouvelles personnes ouvre l'esprit.,Boro taji kubay ga laakal feeri.
Participer à des activités de groupe est stimulant.,Grup goyey ra koto ga tunandi.
S'engager dans sa communauté apporte un sentiment d'utilité.,Boro nga boŋ daŋ nga kominote ra ga nafa bine kande.
Faire du bénévolat est une expérience gratifiante.,Benevolat teyan ga ti esperiyans ka ga bine kaandi.
Aider les autres nous rend plus heureux.,Boro fooyaŋ faaba g'iri te iri ma kaan ka bisa.
La solidarité est une force collective.,Solidarite ga ti gaabi ka margu.
"Ensemble, nous pouvons accomplir de grandes choses.","Iri marganta, iri ga hin ka hay beeri te."
Le respect de la diversité culturelle est fondamental.,Diversite kültürel sayyan ga ti asasi.
Apprendre des autres cultures nous enrichit.,Kültür fooyaŋ gaa dondonyaŋ g'iri taysandi.
Voyager est un excellent moyen de découvrir le monde.,Diraw ga ti fonda kaano ka boro ma ndunnya bay.
S'ouvrir à de nouvelles perspectives élargit notre vision.,Perspektiv taji se feeriyaŋ g'iri guna feeri.
La curiosité est une qualité précieuse.,Kuriyozite ga ti kaanoyaŋ ka gonda alhorma.
Poser des questions et chercher des réponses.,Hãlli teyan da zaabi ceeciyan.
L'apprentissage est un voyage qui dure toute la vie.,Aprantisaj ga ti diraw ka ga fundi kul te.
Lire des livres nous transporte et nous instruit.,"Tira cawyaŋ g'iri konda, a g'iri dondonandi."
L'art sous toutes ses formes nourrit l'âme.,Art a dumi kul ra ga biya ŋwaarayandi.
La musique adoucit les mœurs et exprime les émotions.,"Mizik ga biney serendi, a ga emosyon cabe."
La nature nous offre des spectacles magnifiques.,Natuur g'iri no spektakl ka kaanu gumo.
Prendre le temps d'observer la beauté qui nous entoure.,Waati diyan zama boro ma kaanoyaŋ ka g'iri windi guna.
Protéger notre environnement est une responsabilité partagée.,Iri environnemaŋ gaayumi ga ti responsabilite ka i ga fay.
Chaque geste compte pour préserver la planète.,Jest kul gonda nga alhorma planet gaayumi se.
Adopter un mode de vie plus durable et respectueux.,Fundi alhaali ka ga dirab ka bisa da ka ga say te.
L'avenir dépend de nos actions présentes.,Suba ga iri hunkuna goyey boŋ kay.
Soyons des acteurs positifs du changement.,Iri ma te barmay goykwa pozitiv.
Cultivons l'espoir et la bienveillance.,Iri ma beeje da bine kaano tay.
Le monde a besoin de plus d'amour et de compassion.,Ndunnya ga baakasinay da konpasyon laamiya ka bisa.
Faisons de notre mieux chaque jour.,Iri ma iri hinne kul te zaari kul.
"La vie est un cadeau, apprécions-la.","Fundi ga ti nooru, iri m'a kaanu."
Le rire est communicatif et bon pour la santé.,"Haaruyan ga taalam, a ga kaanu lafiya se."
Partageons des moments de joie avec nos proches.,Iri ma kaani bina waati fay iri borey banda.
Un simple sourire peut égayer la journée de quelqu'un.,Haaruyan foloko ga hin ka boro fo zaaro kaarayandi.
Soyons reconnaissants pour les petites choses de la vie.,Iri ma barka te fundi hay kayney se.
La gratitude apporte une perspective positive.,Gratitid ga perspektiv pozitiv kande.
Prendre soin de soi est essentiel pour prendre soin des autres.,Boŋ haggoy ga tilas zama boro ma boro fooyaŋ haggoy.
Accordons-nous des moments de repos et de détente.,Iri ma fondi da fondi waati no iri boŋ se.
Un esprit reposé est plus créatif et productif.,"Laakal ka fondi ga kreyatif ka bisa, a ga produktif mo."
Fixons-nous des objectifs réalisables et célébrons nos réussites.,"Iri ma muraadu ka hin ka te daŋ iri boŋ se, iri ma iri albarkey ceeci."
Chaque pas en avant est une victoire.,Ce kul jina ga ti albarka.
Apprenons de nos échecs et ne nous décourageons pas.,"Iri ma dondon iri patiyaney ra, iri ma si bine buri."
La persévérance est la clé de la réussite à long terme.,Gaayumi no ga ti albarka kuuku fonda.
Soyons ouverts au changement et à l'inconnu.,Iri ma feeri barmay da hay ka si bay se.
La vie est pleine de surprises et d'opportunités.,Fundi to da sirpriz da damey.
Osons sortir de notre zone de confort.,Iri ma yadda ka iri ma fun iri konfor zon gaa.
C'est là que la croissance personnelle se produit.,Noodin no developpeman personel ga te.
Faisons confiance à notre intuition et à nos capacités.,Iri ma iri entüisyon da iri hinney naanay.
Nous sommes plus forts que nous ne le pensons.,Iri ga gaabi ka bisa mate ka iri ga miila.
Entourons-nous de personnes qui nous soutiennent et nous inspirent.,Iri ma iri boŋ margu nda borey ka g'iri gaay ka g'iri no inspiration.
Les relations positives nous aident à nous épanouir.,Alakaw pozitiv g'iri faaba iri ma feeri.
Exprimons notre créativité sous toutes ses formes.,Iri ma iri kreyativite cabe a dumi kul ra.
L'art est un moyen de se connecter à soi-même et aux autres.,Art ga ti mate ka boro ma haw nga boŋ gaa da boro fooyaŋ.
Passons du temps dans la nature pour nous ressourcer.,Iri ma waati te natuur ra zama iri ma du gaabi.
La beauté de la nature a un effet apaisant.,Natuur kaanoyaŋ gonda efe ka ga bine serendi.
Soyons curieux et continuons d'apprendre tout au long de notre vie.,"Iri ma te kuriyö, iri ma dondonyaŋ gaay iri fundi kul ra."
La connaissance est une richesse qui ne se perd jamais.,Bayray ga ti arzaka ka si pati abada.
Partageons nos connaissances et nos expériences avec les autres.,Iri ma iri bayray da iri esperiyansey fay boro fooyaŋ banda.
Soyons des citoyens responsables et engagés dans notre société.,Iri ma te sitwayen ka ga ngey boŋ bay ka ga ngey boŋ no iri margu ra.
Notre participation contribue à un monde meilleur.,Iri koto ga faaba ndunnya kaano se.
"Défendons les valeurs de justice, d'égalité et de liberté.","Iri ma adilitaray, sabayaŋ da burcinitaray alhorma gaay."
Luttons contre toutes les formes de discrimination.,Iri ma diskriminasyon dumi kul wongu.
Chaque être humain mérite respect et dignité.,Boro kul ga hima say da alhorma.
Construisons des ponts plutôt que des murs entre les peuples.,Iri ma kööprü cina manti cinari borey game.
La compréhension mutuelle favorise la paix.,Care fahamyaŋ ga lafiya taysandi.
"L'avenir est ce que nous en faisons, ensemble.","Suba ga ti hay ka iri g'a te, margante."
Gardons l'espoir et travaillons pour un futur positif.,"Iri ma beeje gaay, iri ma goy fitür pozitiv se."
"La vie est une aventure, vivons-la pleinement.","Fundi ga ti avantür, iri m'a goro timmante."
